一级评论;实际爬取到的二级评论内容;单条评论情绪值;一级评论平均情绪值
说的好像贷款不用还一样;公积金贷款对公职人员友好，利息低，别的地方不知道，像江浙富裕地区，重庆的部分核心地区，还有天津一些效益好的单位，都有补充公积金。每个月补充公积金就可以覆盖月供[doge];0.8339868286349843
说的好像贷款不用还一样;回复@说故事一般:不能这么说，有很多人经商可以，目前差点钱，借不到，就晚上打一炮，就出来50万了;-0.8042335549974096
说的好像贷款不用还一样;回复@光明之塔2021:没资格贷的人去生3胎[允悲]我都不敢想以后啷个生活;0.9887038084966078
说的好像贷款不用还一样;别这么说，不生3个，很多人根本没资格贷;-0.5108229747621005
-------;--------;--------;0.1269085268430205
什么天大福利，贷了又不是不用还，贷出来投资做生意，赔了直接家破人亡[二哈];只说公积金可以多贷而已，不买房还想动用公积金出来做生意？想啥呢[允悲];0.7140180879025342
什么天大福利，贷了又不是不用还，贷出来投资做生意，赔了直接家破人亡[二哈];人家还得保证你投资稳赚？;0.8217814773347079
-------;--------;--------;0.767899782618621
不会真有人以为多放贷能促进生育吧[允悲];同时背财务债和生育债，还让人感觉是用孩子挣了钱[doge];0.9649498974697597
-------;--------;--------;0.9649498974697597
一个孩子奖励100万吧[嘻嘻];回复@朔月-天空:所以说农村里那些生个4、5个孩子的约等于千万身家？？[汗]那为啥要扶贫？;-0.4127164599109421
一个孩子奖励100万吧[嘻嘻];回复@这里没有喵喵喵:我说二三百万都是保守的，把教育基金、买房都算进去，即使在三线城市可能都不止。;-0.07092875481468974
一个孩子奖励100万吧[嘻嘻];回复@朔月-天空:高收入人群不是政策目标人群。每个家庭养大一个小孩需要2-3百万，那中国就根本不需要扶贫了。先不说这个钱哪来，真这么补贴，到时候就很多人眼红了，月薪一万干10年不如别人10年生一个。;0.8881430080836712
一个孩子奖励100万吧[嘻嘻];回复@SK-TIME:没有通货膨胀也不生，养大成人要花200到300万;-0.7297460422018502
一个孩子奖励100万吧[嘻嘻];通货膨胀在等你[doge][doge];0.5653306717788262
-------;--------;--------;0.04801648458700307
说的好像贷款不用还一样;公积金贷款对公职人员友好，利息低，别的地方不知道，像江浙富裕地区，重庆的部分核心地区，还有天津一些效益好的单位，都有补充公积金。每个月补充公积金就可以覆盖月供[doge];0.8339868286349843
说的好像贷款不用还一样;回复@说故事一般:不能这么说，有很多人经商可以，目前差点钱，借不到，就晚上打一炮，就出来50万了;-0.8042335549974096
说的好像贷款不用还一样;回复@光明之塔2021:没资格贷的人去生3胎[允悲]我都不敢想以后啷个生活;0.9887038084966078
说的好像贷款不用还一样;别这么说，不生3个，很多人根本没资格贷;-0.5108229747621005
-------;--------;--------;0.1269085268430205
什么天大福利，贷了又不是不用还，贷出来投资做生意，赔了直接家破人亡[二哈];只说公积金可以多贷而已，不买房还想动用公积金出来做生意？想啥呢[允悲];0.7140180879025342
什么天大福利，贷了又不是不用还，贷出来投资做生意，赔了直接家破人亡[二哈];人家还得保证你投资稳赚？;0.8217814773347079
-------;--------;--------;0.767899782618621
不会真有人以为多放贷能促进生育吧[允悲];同时背财务债和生育债，还让人感觉是用孩子挣了钱[doge];0.9649498974697597
-------;--------;--------;0.9649498974697597
一个孩子奖励100万吧[嘻嘻];回复@朔月-天空:所以说农村里那些生个4、5个孩子的约等于千万身家？？[汗]那为啥要扶贫？;-0.4127164599109421
一个孩子奖励100万吧[嘻嘻];回复@这里没有喵喵喵:我说二三百万都是保守的，把教育基金、买房都算进去，即使在三线城市可能都不止。;-0.07092875481468974
一个孩子奖励100万吧[嘻嘻];回复@朔月-天空:高收入人群不是政策目标人群。每个家庭养大一个小孩需要2-3百万，那中国就根本不需要扶贫了。先不说这个钱哪来，真这么补贴，到时候就很多人眼红了，月薪一万干10年不如别人10年生一个。;0.8881430080836712
一个孩子奖励100万吧[嘻嘻];回复@SK-TIME:没有通货膨胀也不生，养大成人要花200到300万;-0.7297460422018502
一个孩子奖励100万吧[嘻嘻];通货膨胀在等你[doge][doge];0.5653306717788262
-------;--------;--------;0.04801648458700307
一个月1500块钱够干嘛的？？;我一个月900[二哈]公司抠死了;-0.8099154107027966
-------;--------;--------;-0.8099154107027966
提取公积金就算进年收入里，有些人因为提了公积金就不符合住保障房的收入要求了，这个怎么没人提？;说到点上了;-0.7620755252402718
提取公积金就算进年收入里，有些人因为提了公积金就不符合住保障房的收入要求了，这个怎么没人提？;是的，话都让政府说了;-0.3344600492209939
-------;--------;--------;-0.5482677872306329
公积金为什么不能直接入卡个人账户？;进入个人账户不就是工资了吗？那还能叫积金吗;-0.6736647620982696
-------;--------;--------;-0.6736647620982696
烂尾楼呢;回复@Moon_Tan:[666][666][666];-0.710443875536535
-------;--------;--------;-0.710443875536535
现在之所以第一时间拿不到房产证，要么是开发商没还上银行的钱，证被扣了。要么是开发商盖房的时候改规划了，不给批证。现在第一时间发证，这两条是怎么解决的？先发证，扯皮的事儿挪到后面？？;[笑cry]就是这样啊，我先房本给你了，你可别说我没给你，至于楼，谁盖的找谁;-0.8313250072393017
现在之所以第一时间拿不到房产证，要么是开发商没还上银行的钱，证被扣了。要么是开发商盖房的时候改规划了，不给批证。现在第一时间发证，这两条是怎么解决的？先发证，扯皮的事儿挪到后面？？;这么说吧，购房者已经付了全款，开发商欠不欠钱，规划批没批，和购房者半点关系都没有，不能拿开发商的过错去惩罚购房者。;-0.9990325192132659
-------;--------;--------;-0.9151787632262838
会不会因此拖延交房;兄弟，我家里房子烂尾7年了[苦涩];0.2248220931922844
会不会因此拖延交房;我的哥竟然是官号[二哈];-0.5171778160956577
会不会因此拖延交房;平顶山已经拖延交房了，[允悲]，一旦买了预售房，就是栈板上的肉，由不得自己。;0.4503795159074764
会不会因此拖延交房;尽然是官号;-0.8348119355776071
-------;--------;--------;-0.16919703564337601
烂尾楼那么多怎么交……;嘘嘘嘘;0.052465563615616606
-------;--------;--------;0.052465563615616606
原则上不支持＝支持，理论上可行＝不可行;不当个处级干部可惜了[doge];-0.6180437724087267
原则上不支持＝支持，理论上可行＝不可行;你是懂这个艺术的;0.7752325050500195
-------;--------;--------;0.07859436632064642
原则上不支持，就是真心支持，能做别嚷嚷;都三套房还说房住不炒[doge];-0.9745382228515473
-------;--------;--------;-0.9745382228515473
晚安[月亮][月亮]http://t.cn/A6WpzIFj;晚安~[月亮];0.7136949787383775
-------;--------;--------;0.7136949787383775
妙啊，又把房子卖了，又催生了。。;连善变的孙悟空听了都得吼一声：烦死了;-0.9838671972258248
-------;--------;--------;-0.9838671972258248
这是逮着一代人薅啊小时赶上独生子女现在父母年纪大了没有兄弟姐妹帮忙照顾父母自己又得多生多买房;给你福报你不要[doge]小时候能得到全家人的宠爱，老了后子女环绕，多好;0.9999951762871124
这是逮着一代人薅啊小时赶上独生子女现在父母年纪大了没有兄弟姐妹帮忙照顾父母自己又得多生多买房;但是也正因为是独生子女，才在买房和育儿方面得到了父母更多的帮助。我和我老公的父母，婚前分别给我们买了全款房，我女儿出生他们也是轮流帮忙带，我们才能安心工作。如果我们有兄弟姐妹，肯定是没这个待遇了。起码我是独生子女政策的受益者;0.9650059606250643
这是逮着一代人薅啊小时赶上独生子女现在父母年纪大了没有兄弟姐妹帮忙照顾父母自己又得多生多买房;薅成葛优了[doge];0.9740056868523836
-------;--------;--------;0.9796689412548535
重中之重的一句话:让商品住房回归商品属性，;回复@云凝碧:好象又有点矛盾;0.9650982759643529
重中之重的一句话:让商品住房回归商品属性，;[doge][doge][doge][doge]X住不炒;-0.7260720148464357
-------;--------;--------;0.11951313055895862
记得放到小孩名下别问为什么;回复@举步轻摇的小脑斧:遗产税收割;-0.9569846737685119
记得放到小孩名下别问为什么;为啥？;-0.894736842105263
-------;--------;--------;-0.9258607579368875
远离房赌毒[doge];你小子是真行;0.20015981070484035
远离房赌毒[doge];黄你是只字不提啊;-0.2926234527917455
-------;--------;--------;-0.04623182104345258
地价放开了，房价还是控制，利润只会越来越少，怎么提高利润，那就是降低房子的质量;盒里;-0.14050382512418857
-------;--------;--------;-0.14050382512418857
真奇怪！不是一直都是价高者得吗？不说不知道！;前几年是有最高限价。到了最高限价之后就摇号按最高限价卖。现在是取消了最高限价，意味着可以一直拍，直到剩最后一家。;-0.8109283180339619
-------;--------;--------;-0.8109283180339619
房子还要涨价……;这还涨？这分明是要跌的信号啊;0.4164241305358398
-------;--------;--------;0.4164241305358398
这行情还需要设上限？脱了裤子放屁;好的地段还是摇号的，以后就是商品房和保障两条线;0.6328582369363034
-------;--------;--------;0.6328582369363034
装X被雷劈了;劈后一下清醒了;0.8387590413725721
-------;--------;--------;0.8387590413725721
外地人能买不？我就想知道这个。;可以;0.052465563615616606
外地人能买不？我就想知道这个。;取消限购意味着火星人都可以买[报税];-0.38747327316969726
外地人能买不？我就想知道这个。;没钱可以买不？[doge];-0.8295978123299055
外地人能买不？我就想知道这个。;不能贷款，厦门本地钱包已经支撑不了房价了，欢迎外地韭菜，而且180平方以上的房子一直都是不限购的，中国迈阿密;-0.9608157269448216
外地人能买不？我就想知道这个。;[doge]可以，就是岛内新房八百多一千多万的，谁爱买谁买吧;0.49554184484020336
外地人能买不？我就想知道这个。;韭菜多多接盘，支持厦门经济做贡献，当地人会感激你;0.9880473259844385
外地人能买不？我就想知道这个。;快来买现在才7八一平方[允悲][允悲];0.9917493661269747
外地人能买不？我就想知道这个。;为了让领导先走谁都能接盘[二哈][二哈][二哈];-0.4258846309882649
外地人能买不？我就想知道这个。;外地不也是有钱就能买吗[笑cry];-0.8098458076680777
外地人能买不？我就想知道这个。;可以买，但你买的起吗[doge];-0.07012243932040674
外地人能买不？我就想知道这个。;都取消限购了你说能不能买，你连取消限购是啥意思都懂不起还是别买了;-0.9414611847768408
外地人能买不？我就想知道这个。;刚性需求的前提是你要有钱，不然都是刚性贫穷的想象[哈哈];0.8283898922395734
外地人能买不？我就想知道这个。;本地韭菜不够割，出个政策就可以割外地韭菜了，你说能不能[吃瓜];-0.9747434201953213
外地人能买不？我就想知道这个。;写这么清楚还问，你还是别买了;-0.3256899053059874
外地人能买不？我就想知道这个。;外地人可以等等四大一线[吃瓜];-0.36499890942732005
外地人能买不？我就想知道这个。;来来来，韭菜们，新房100平一套七八百万，这个价格去上海深圳买不香吗[哈哈][哈哈][哈哈][哈哈];-0.8308626749959946
外地人能买不？我就想知道这个。;你能买得起吗？一看，呦北京ip，北京人买得起买得起必须买得起[doge];-0.4920428555861962
外地人能买不？我就想知道这个。;不再审核购房人资格，有钱随便买。。。;-0.9840958789890155
外地人能买不？我就想知道这个。;回复@干饭饭饭:你外地户口贷款有看厦门本地的收入证明，;0.0015963671728373985
-------;--------;--------;-0.2652549557746424
多子女二套房找接盘太着急了韭菜不够用了[污];回复@一修远一:这时候还想买房的，啥理由都很难评价…;-0.9317220442393206
多子女二套房找接盘太着急了韭菜不够用了[污];回复@一修远一:80后的，头胎应该要考大学了，赶快为二胎准备房子……一个月挣得一两万，花不到五百块……90后、00后不会再这么狠攒钱了;-0.8984337724131342
多子女二套房找接盘太着急了韭菜不够用了[污];取消也没人买！都2023年了除了被婚姻裹挟着的刚需，哪个冤大头还买房[允悲][允悲][允悲];0.9935848040843804
-------;--------;--------;-0.2788570041893581
我又买不起[老师好]和我有啥关系[喵喵];回复@洋洋是浙傳李光洙:怎么不限购？你看明白没？看不懂中文就别在这装，动物一个，连中文都看不懂;0.7199103295184386
我又买不起[老师好]和我有啥关系[喵喵];回复@钶锂铹:為什麼要破防啊？繼續買啊老闆，現在不限購了，做廈門李嘉誠[舔屏];-0.0290003079458927
我又买不起[老师好]和我有啥关系[喵喵];回复@Rivaille-Ackerman兵長:厉害了我的真旗舰;-0.8154201507408463
我又买不起[老师好]和我有啥关系[喵喵];回复@洋洋是浙傳李光洙:限购了啊，已经买到限购了;0.014984058415705492
我又买不起[老师好]和我有啥关系[喵喵];回复@钶锂铹:厉害了我的国，感恩;0.7593661951604431
我又买不起[老师好]和我有啥关系[喵喵];回复@洋洋是浙傳李光洙:买了啊;0.11943986231140502
我又买不起[老师好]和我有啥关系[喵喵];回复@珺空空:破防狗;-0.9338280821927332
我又买不起[老师好]和我有啥关系[喵喵];回复@洋洋是浙傳李光洙:破防了吧;-0.584570039497039
我又买不起[老师好]和我有啥关系[喵喵];回复@钶锂铹:哎哟喂，那你这个社会精英多买几套[舔屏][舔屏][舔屏];0.8894814935631012
我又买不起[老师好]和我有啥关系[喵喵];回复@钶锂铹:啊对对，你赶紧多买几套;-0.0008573157024722722
我又买不起[老师好]和我有啥关系[喵喵];回复@钶锂铹:你不拿低保，你赶紧买！厦门房地产就指望你回血了;0.5867571858793861
我又买不起[老师好]和我有啥关系[喵喵];回复@钶锂铹:那你就多买，多贡献，不然对不起你发的这些话;0.5035479124440154
我又买不起[老师好]和我有啥关系[喵喵];有可能偏远郊区的房子降的更狠，手上有大量现金的，定居就容易了;-0.6335723785952281
我又买不起[老师好]和我有啥关系[喵喵];回复@钶锂铹:[鄙视]上来就直接损人家，看看人家发的表情;-0.6514110035042671
我又买不起[老师好]和我有啥关系[喵喵];国家也没指望你买，国家想让富裕的家庭把钱掏出来，你这个不拿国家低保国家就谢天谢地了;0.85591838841954
我又买不起[老师好]和我有啥关系[喵喵];就是，限不限购与我毫不相干[doge];0.3447895135403425
-------;--------;--------;0.07159597881711868
鼓励买房的时候就说明不是很合适买了[doge];看透不要说透;0.47532521400454897
-------;--------;--------;0.47532521400454897
远离房赌毒[doge];黄房堵毒[怒];-0.3748606101853047
-------;--------;--------;-0.3748606101853047
科普一下：厦门房价稳居全国第4;前三可是上北深…厦门房子性价比太低了;0.9730425913037106
科普一下：厦门房价稳居全国第4;回复@Czt2133:厦门房价排全球第14位[允悲];0.42972358177713454
科普一下：厦门房价稳居全国第4;房价是厦门市政府最丢人的政绩！;-0.7572792598030247
科普一下：厦门房价稳居全国第4;回复@Czt2133:也是前十前二十的存在;-0.8368732513331558
科普一下：厦门房价稳居全国第4;那全球呢？;-0.07142857142857095
-------;--------;--------;-0.052562981896781255
你以为大家不买房是因为限购吗;回复@美哈美吖:有钱人也不都是傻子啊;0.36917360016168876
你以为大家不买房是因为限购吗;主要是不限制有钱的人购买了[笑cry];0.4989637221843828
-------;--------;--------;0.4340686611730358
厦门的房太贵了[挖鼻][挖鼻][挖鼻]比广州杭州都高不少;回复@疲惫的故事:海沧集美的区位等同杭州的话，差不多3万左右吧;0.9640916571928984
厦门的房太贵了[挖鼻][挖鼻][挖鼻]比广州杭州都高不少;回复@疲惫的故事:要比就比均价，你都知道说海沧翔安了那杭州全是7万一平？;0.9420048841550959
厦门的房太贵了[挖鼻][挖鼻][挖鼻]比广州杭州都高不少;厦门房子烂尾楼比较少都是国企央企在买地在建;-0.8763300486859253
厦门的房太贵了[挖鼻][挖鼻][挖鼻]比广州杭州都高不少;杭州不是7八万一平方厦门岛内7八万海沧集美4五同安翔安二三四一平万;0.7682974681737791
-------;--------;--------;0.449515990208962
现在房子买到手就降价，和汽车一样[摊手]不适合投资了！不过刚需还是要买的！;只有吃饭和看病是刚需，其他都是扯淡;0.2892182273553312
-------;--------;--------;0.2892182273553312
买得起的早买了，买不起的这条例有什么用;回复@扉页上-幸福的颜色:讲真不是刚需没有买的必要;0.9211990584832086
买得起的早买了，买不起的这条例有什么用;回复@大碗碗糕:岛外卖不动啦，拆迁都给房票不给钱了。特别翔安和后溪，一买一个坑;-0.9954123098166345
买得起的早买了，买不起的这条例有什么用;现在买感觉就是韭菜之前岛外还没完全涨起来的时候要买第二套还限购;-0.6559280261368727
买得起的早买了，买不起的这条例有什么用;也有现在买的起的呀;0.30175994357407365
-------;--------;--------;-0.10709533347405625
前两年打压太狠了，放开了，也救不回来了;回复@纯纯爱生活11:一般是第四;0.8439238880234543
前两年打压太狠了，放开了，也救不回来了;回复@纯纯爱生活11:差不多前五，但很多消息都是有第四;0.8584738246741732
前两年打压太狠了，放开了，也救不回来了;回复@boniu-322:单纯好奇，前3？比北上深还高吗？[允悲];0.9968166231544873
前两年打压太狠了，放开了，也救不回来了;救不回来难道不是因为贵？用来住还是用来炒？[吐][吐][吐][吐];-0.9996616616079192
-------;--------;--------;0.42488816856104883
厦门的未来就是曾经的深圳，希望大家来厦门发展，来厦门买房，投资厦门房产绝对是人生的一笔财富！;求大家快点来接盘不然我的房价跌了[泪];0.2269552816488003
厦门的未来就是曾经的深圳，希望大家来厦门发展，来厦门买房，投资厦门房产绝对是人生的一笔财富！;我来翻译翻译，“求大家快来接盘啊！”[笑cry][笑cry][笑cry];0.9757316666777582
-------;--------;--------;0.6013434741632793
厦门有什么产业;房地产啊;0.6666666666666665
厦门有什么产业;房地产业[开学季];0.2917129727160186
厦门有什么产业;二房东;-0.0772952089609722
厦门有什么产业;只有房地产，其他没有;0.6666666666666665
厦门有什么产业;以前是中介比饭店多的城市;0.1655476026419178
厦门有什么产业;房地产，造业[允悲];0.9863895307557113
厦门有什么产业;房地产[哈哈][哈哈][哈哈];0.6041718539871468
厦门有什么产业;大房企建发地外疆房;0.32105650285802545
-------;--------;--------;0.4531145734163976
厦门工业农业科技业旅游业贸易业制造业互联网行业军工业渔业艺术业，各行各业都不发达，房价却高得离谱，这一直是个未解之谜[笑cry];只有房地产是厦门的产业[打call];0.8560309079338362
厦门工业农业科技业旅游业贸易业制造业互联网行业军工业渔业艺术业，各行各业都不发达，房价却高得离谱，这一直是个未解之谜[笑cry];你错了，是整个福建省;0.07715139597732557
-------;--------;--------;0.4665911519555809
前两年买房的人估计哭死在厕所了;回复@我是你猫哥L:早买早享受，晚买有折扣[doge];0.5920679422345143
前两年买房的人估计哭死在厕所了;回复@阿挺oMg_:对啊;0.3175514367395609
前两年买房的人估计哭死在厕所了;回复@钢琴谱分享2333:好像要置换，低卖低买，其实也没毛病;-0.7883574675961382
前两年买房的人估计哭死在厕所了;去年买苹果14的，今年也降价好多，前年买苹果13的，今年降价更多。;0.5873456896321179
前两年买房的人估计哭死在厕所了;回复@林先生:岛外吗;0.15237847827856132
前两年买房的人估计哭死在厕所了;回复@林先生:房东是家道中落了吗;0.9428072081368815
前两年买房的人估计哭死在厕所了;房东17年400万买的，我上周320万接盘[允悲];0.961771469987601
-------;--------;--------;0.3950806796304427
@快乐生活且沙壁退散庄总加油，买十套看看实力[干饭人];好好好，这么看得起我是吧;0.48683688006137515
-------;--------;--------;0.48683688006137515
我爸心中的圣地[爱你];回复@Kairoscler:哈哈哈哈江浙沪同一个爹吗我爸一直想去卖房去买房;0.04999385793353728
我爸心中的圣地[爱你];我爸也是[允悲]冬天都在厦门过。;0.988258706212295
-------;--------;--------;0.5191262820729161
很喜欢厦门;呆久了你就不喜欢了[喵喵];-0.5401833887461447
-------;--------;--------;-0.5401833887461447
我要把房子卖了买厦门的;[笑cry]我在b站看到有个上海人为了高考去福建买房;0.9800456262114354
我要把房子卖了买厦门的;别冲动;0.42424242424242387
我要把房子卖了买厦门的;你会后悔;-0.6446395579073552
-------;--------;--------;0.253216164182168
不明白当初是如何盛行全国限购的;资源倾斜问题，尤其炒作学区房。;-0.9944292583988796
-------;--------;--------;-0.9944292583988796
拆迁能不能快点，好几个地方等着呢;可以，不给钱行不行？[挖鼻];-0.8662152705846693
-------;--------;--------;-0.8662152705846693
外地人买算首套，还是在外地的套数也算？;都算首套;0.24647227566036078
外地人买算首套，还是在外地的套数也算？;算首套的但是贷款不能算首套的;0.7152667731846676
-------;--------;--------;0.4808695244225142
有一说一，厦门就是个花瓶城市，经济差工资低，就是物价高颜值高房价高，性价比极低的城市;南方夏季时间太长不宜上班[允悲][允悲][允悲][允悲];0.9999457857859537
-------;--------;--------;0.9999457857859537
妙啊，又把房子卖了，又催生了。。;连善变的孙悟空听了都得吼一声：烦死了;-0.9838671972258248
妙啊，又把房子卖了，又催生了。。;连善变的孙悟空听了都得吼一声：烦死了;-0.9838671972258248
-------;--------;--------;-0.9838671972258248
这是逮着一代人薅啊小时赶上独生子女现在父母年纪大了没有兄弟姐妹帮忙照顾父母自己又得多生多买房;给你福报你不要[doge]小时候能得到全家人的宠爱，老了后子女环绕，多好;0.9999951762871124
这是逮着一代人薅啊小时赶上独生子女现在父母年纪大了没有兄弟姐妹帮忙照顾父母自己又得多生多买房;但是也正因为是独生子女，才在买房和育儿方面得到了父母更多的帮助。我和我老公的父母，婚前分别给我们买了全款房，我女儿出生他们也是轮流帮忙带，我们才能安心工作。如果我们有兄弟姐妹，肯定是没这个待遇了。起码我是独生子女政策的受益者;0.9650059606250643
这是逮着一代人薅啊小时赶上独生子女现在父母年纪大了没有兄弟姐妹帮忙照顾父母自己又得多生多买房;薅成葛优了[doge];0.9740056868523836
-------;--------;--------;0.9796689412548535
重中之重的一句话:让商品住房回归商品属性，;回复@云凝碧:好象又有点矛盾;0.9650982759643529
重中之重的一句话:让商品住房回归商品属性，;[doge][doge][doge][doge]X住不炒;-0.7260720148464357
-------;--------;--------;0.11951313055895862
这是逮着一代人薅啊小时赶上独生子女现在父母年纪大了没有兄弟姐妹帮忙照顾父母自己又得多生多买房;给你福报你不要[doge]小时候能得到全家人的宠爱，老了后子女环绕，多好;0.9999951762871124
这是逮着一代人薅啊小时赶上独生子女现在父母年纪大了没有兄弟姐妹帮忙照顾父母自己又得多生多买房;但是也正因为是独生子女，才在买房和育儿方面得到了父母更多的帮助。我和我老公的父母，婚前分别给我们买了全款房，我女儿出生他们也是轮流帮忙带，我们才能安心工作。如果我们有兄弟姐妹，肯定是没这个待遇了。起码我是独生子女政策的受益者;0.9650059606250643
这是逮着一代人薅啊小时赶上独生子女现在父母年纪大了没有兄弟姐妹帮忙照顾父母自己又得多生多买房;薅成葛优了[doge];0.9740056868523836
-------;--------;--------;0.9796689412548535
重中之重的一句话:让商品住房回归商品属性，;回复@云凝碧:好象又有点矛盾;0.9650982759643529
重中之重的一句话:让商品住房回归商品属性，;[doge][doge][doge][doge]X住不炒;-0.7260720148464357
-------;--------;--------;0.11951313055895862
记得放到小孩名下别问为什么;回复@举步轻摇的小脑斧:遗产税收割;-0.9569846737685119
记得放到小孩名下别问为什么;为啥？;-0.894736842105263
-------;--------;--------;-0.9258607579368875
记得放到小孩名下别问为什么;回复@举步轻摇的小脑斧:遗产税收割;-0.9569846737685119
记得放到小孩名下别问为什么;为啥？;-0.894736842105263
记得放到小孩名下别问为什么;你小子是真行;0.20015981070484035
记得放到小孩名下别问为什么;黄你是只字不提啊;-0.2926234527917455
-------;--------;--------;-0.48604628949017004
远离房赌毒[doge];你小子是真行;0.20015981070484035
远离房赌毒[doge];黄你是只字不提啊;-0.2926234527917455
-------;--------;--------;-0.04623182104345258
扭扭捏捏，小脚女人一样，全部放开都不一定行，痛痛快快的得了;岛内动不动六七万的房价，哪里那么有钱;-0.8806360241836753
-------;--------;--------;-0.8806360241836753
扭扭捏捏，小脚女人一样，全部放开都不一定行，痛痛快快的得了;岛内动不动六七万的房价，哪里那么有钱;-0.8806360241836753
-------;--------;--------;-0.8806360241836753
良心发言，这个问题大家都明白，但是谁也不敢动gj饭碗，其实地皮占成本很大一部分，最后都是购房人承担了吧;营改增后，地方财政来源大幅减少，就靠卖地维持地方财政了[doge];-0.7396826203562896
良心发言，这个问题大家都明白，但是谁也不敢动gj饭碗，其实地皮占成本很大一部分，最后都是购房人承担了吧;因为地皮是地方最大收入来源;0.9629852471982419
良心发言，这个问题大家都明白，但是谁也不敢动gj饭碗，其实地皮占成本很大一部分，最后都是购房人承担了吧;土地出让金不入国库，归地方政府所有[doge][doge][doge];0.683720572705266
良心发言，这个问题大家都明白，但是谁也不敢动gj饭碗，其实地皮占成本很大一部分，最后都是购房人承担了吧;卖地皮钱不归国库，归地方丈政府;-0.8026930732691921
-------;--------;--------;0.026082531569506517
地价不高，你给他们补财政亏空吗;回复@流光飒沓_:我寻思他这不是反话吗[doge];0.7139606927393753
地价不高，你给他们补财政亏空吗;韭菜当出真情实感了;0.4746880609378803
-------;--------;--------;0.5943243768386278
@wxybalabala天政协委员;绝;0.22857142857142843
-------;--------;--------;0.22857142857142843
真是好人啊，有的代表建议保障房不能有厕所[doge];不是不当人看。有个电视剧何珅往救灾粮里掺沙子，知道为什么吗？多想想;-0.8118166006862351
真是好人啊，有的代表建议保障房不能有厕所[doge];好像是一个薛兆峰的所谓经济学家说的。这些人不把百姓人当人看。;0.8987600230569024
-------;--------;--------;0.04347171118533366
哪一年没有狠抓落实啊？;哈哈[嘻嘻];0.8888888888888888
-------;--------;--------;0.8888888888888888
没买的人总会买，有房的人为什么还要鼓励买呢？嫌地多是吧？一边划土地红线，一边圈地建房鼓励多套房，看不懂;[doge]你猜公务员工资哪里来的？;-0.4805700843197256
-------;--------;--------;-0.4805700843197256
是2023年建完18.5万套保证性住房还是筹集啊[笑而不语];筹集，过3年吧，3年后房子多;0.12154759720205988
-------;--------;--------;0.12154759720205988
呵呵，2017年12月份申请的公租房，到现在排号还在9000+[doge]可笑;买不到只能怪你自己眼光高，2019年申请的，去年已经上车;-0.775629779588537
-------;--------;--------;-0.775629779588537
不要变相推高租房租金！;对的哦，而且现在是通过无形的大手推动。只会比长租风口涨更多。;0.07867176880327165
-------;--------;--------;0.07867176880327165
降到18岁？你是利用少男少女的冲动来决定结婚人数？少男少女们啥也不懂，结了婚之后，出现的种种，比如离婚，孤儿，留守儿童等等，难道你再发个视频去解决？有句话叫周而复始生生不息，反反复复，永无止境。[doge][doge];确实，这是不可能的。很多人就是怕冲动的婚后带来的恶果;0.4272391797017079
-------;--------;--------;0.4272391797017079
30000万？;[允悲];0.9459634540755057
-------;--------;--------;0.9459634540755057
说的好像能买得起一样[允悲];但是其实可以买得起。。。奉贤区内的二手房，很多小区价格在2万一平左右了，只有地方好的小区和新房贵;-0.9950658460473227
-------;--------;--------;-0.9950658460473227
上有房住不炒，下有一城一策。现在行了，一区一策了。不是为了所谓精准，就是找人出头，市不行就区，区不行就街道。;回复@永和老铁:哈哈哈哈，确有此意。;0.9723333249235793
-------;--------;--------;0.9723333249235793
海南房地产投资价值巨大！;那你去买不;-0.3173693922225791
-------;--------;--------;-0.3173693922225791
传递信息微平台http://t.cn/A6CfTYWM;[心][心][心];0.9153097204935656
-------;--------;--------;0.9153097204935656
[话筒][话筒];[心][心][心];0.9153097204935656
-------;--------;--------;0.9153097204935656
[话筒][话筒];[心][心][心];0.9153097204935656
-------;--------;--------;0.9153097204935656
[话筒][话筒];[心][心][心];0.9153097204935656
-------;--------;--------;0.9153097204935656
生三孩的是缺上高中那点钱吗？;人民资本家开始画大饼了;0.8074388678956306
生三孩的是缺上高中那点钱吗？;我大晋江高中免费很多年了;0.9197521695231361
生三孩的是缺上高中那点钱吗？;还是“公办高中”[允悲];0.9544172244479643
-------;--------;--------;0.8938694206222436
葱省不是左就是右;回复@Evelyn258:看我IP[微笑]说你智商不够你就马上展示，也不用这么配合的[微笑];0.5404545530947578
葱省不是左就是右;回复@到处疯跑:呦，还自豪起来了，那你世世辈辈都在葱省卷吧[太阳];-0.24940417637295886
葱省不是左就是右;开地图炮前先掂量自己的智商在山东有没有资格高考，再量量身高够不够根葱高[微笑];-0.9199755035209891
-------;--------;--------;-0.20964170893306341
有点好奇不依法生育的包括哪些;违反计划生育的;-0.052465563615616606
-------;--------;--------;-0.052465563615616606
这下好了，企业更不招未婚未育女性了;已婚已育的也怕要二胎，生完的基本都要过35也不要了[笑cry];0.24926890832588344
-------;--------;--------;0.24926890832588344
产假158天，休了130天，跟催命鬼一样的要你回去，现在生育金要盖公章，到现在都没盖;申请一周岁的哺乳假，就放了我两个月，我真的是要骂人;-0.9939551695365147
-------;--------;--------;-0.9939551695365147
可是只增加女性休假的话真的不会让女性就业环境更恶劣吗？[苦涩];没必要把责任怪到女性身上，说白了就是监管无能;0.8839873362676736
可是只增加女性休假的话真的不会让女性就业环境更恶劣吗？[苦涩];他们不管你就业环境恶不恶劣，能生孩子就行[开学季];0.01458293461625737
可是只增加女性休假的话真的不会让女性就业环境更恶劣吗？[苦涩];会，已婚未育找工作真的很难[允悲][允悲];0.99832381625294
-------;--------;--------;0.6322980290456236
呵呵。原岗位找人替代，等回来根本没岗位要了。;是的回来给你调岗要么你不干要么做份新工作还不涨工资;-0.8404194218727239
-------;--------;--------;-0.8404194218727239
哺乳期期间公司要辞退咋办;回复@真的Deng先生:上诉吧，这种情况是挺费时间的，判决下来就快了，判决下来公司在不给，那就申请强制执行;-0.8225574294649383
哺乳期期间公司要辞退咋办;回复@一小只阿森:劳动仲裁太慢了，而且仲裁结果出来后，公司耍流氓不给，说要上诉[允悲];-0.8601816471954202
哺乳期期间公司要辞退咋办;回复@小乔珠贝:谈了赔偿给n，我对象不愿意，而且n的基数是基本工资;0.49195941735292004
哺乳期期间公司要辞退咋办;如果在明知你哺乳期间辞退你，就去劳动仲裁，会赔很多，可以先咨询律师问问;-0.9225840759899548
哺乳期期间公司要辞退咋办;一般不会辞退，会挑刺逼你自己走，如果公司提出辞退，那么可以得到赔偿;-0.9981573949297353
哺乳期期间公司要辞退咋办;劳动仲裁;0.7561688559988138
-------;--------;--------;-0.3925587123713858
教育局的文件还是128天所以依然只能休128天[苦涩];啊？我的教师朋友本来二月底128天结束，二月初接到了电话通知多休30天耶…;-0.996392203785256
-------;--------;--------;-0.996392203785256
@Charlie_III不知道之前能提供发票全额提取公积金？;回复@Charlie_III:通过中介的可以？;-0.7354947275713739
@Charlie_III不知道之前能提供发票全额提取公积金？;不知道……但，房东上哪给开发票？又不是住在酒店里……;-0.9084886987291061
-------;--------;--------;-0.82199171315024
[赞][赞][微风][微风];回复@东方红人民法院:[互粉];0.053107877797488934
[赞][赞][微风][微风];持续关注;0.6083595075133454
-------;--------;--------;0.3307336926554172
关注一下[话筒];回复@东方红人民法院:[音乐];0.371041320891204
关注一下[话筒];互关啦;-0.6929927204529958
-------;--------;--------;-0.16097569978089588
播报;回复@东方红人民法院:[话筒];0.818339652008905
播报;持续关注;0.6083595075133454
-------;--------;--------;0.7133495797611252
[微风][微风];回复@东方红人民法院:[绿丝带];0.7495237201482996
[微风][微风];持续关注;0.6083595075133454
-------;--------;--------;0.6789416138308225
晚安[心][咖啡];[鲜花][鲜花][鲜花];0.6802964296606346
-------;--------;--------;0.6802964296606346
晚安[月亮][月亮][月亮]好梦[鲜花][鲜花][鲜花];[鲜花][鲜花][鲜花];0.6802964296606346
-------;--------;--------;0.6802964296606346
晚安[月亮]盱眙;晚安朋友[咖啡];0.4250516313482846
-------;--------;--------;0.4250516313482846
晚安;愿你抬头皆美好，所见皆温柔~​晚安[月亮][月亮][月亮];0.9982316576368218
-------;--------;--------;0.9982316576368218
今晚月亮悄悄问我，想不想和她一起等待明天的太阳𝓖𝓞𝓞𝓓𝓝𝓲𝓰𝓱𝓽✯☽;生活不全是利益，更多的还是相互成就和相互温暖，晚安;0.9999735335846487
-------;--------;--------;0.9999735335846487
周末愉快[心];[咖啡][咖啡][咖啡];-0.12602670701460172
-------;--------;--------;-0.12602670701460172
晚安[心];[鲜花][鲜花][鲜花];0.6802964296606346
-------;--------;--------;0.6802964296606346
晚安[月亮];[咖啡][咖啡][咖啡];-0.12602670701460172
-------;--------;--------;-0.12602670701460172
晚安[心];[鲜花][鲜花][鲜花];0.6802964296606346
-------;--------;--------;0.6802964296606346
愿平安喜乐，得偿所愿[月亮][月亮][月亮]晚安[微风][微风][微风];愿你抬头皆美好，所见皆温柔~​晚安[月亮][月亮][月亮];0.9982316576368218
-------;--------;--------;0.9982316576368218
晚安[微风];[心][心][心];0.9153097204935656
-------;--------;--------;0.9153097204935656
没有谁的幸运，是凭空而来，只有当你足够努力，你才会足够幸运。这世界不会辜负每一份努力和坚持，时光不会怠慢执着而勇敢的每一个人。晚安[月亮];[鲜花][鲜花][心][心];0.9150382459178121
-------;--------;--------;0.9150382459178121
融融晚安💤[抱一抱];晚安[咖啡];0.2745944403025027
-------;--------;--------;0.2745944403025027
晚安，本人电量不足，现在开始充电，明个儿见;[鲜花][鲜花][咖啡][咖啡];0.40835409470056705
-------;--------;--------;0.40835409470056705
晚上好[心];[心][鲜花][鲜花];0.7905448213510295
-------;--------;--------;0.7905448213510295
晚安[鲜花];[咖啡][咖啡][咖啡];-0.12602670701460172
-------;--------;--------;-0.12602670701460172
晚安;世界不会辜负每一份努力和坚持，晚安！[心][月亮];0.9960963928605746
-------;--------;--------;0.9960963928605746
我已经盖好被子了ꍞ(:˒[▓︎▓︎]就等你说晚安了。;世界不会辜负每一份努力和坚持，晚安！[心][月亮];0.9960963928605746
-------;--------;--------;0.9960963928605746
晚安😴;世界不会辜负每一份努力和坚持[月亮];0.9846862724892167
-------;--------;--------;0.9846862724892167
晚安[月亮];[心][咖啡][咖啡][咖啡];0.3435065165860256
-------;--------;--------;0.3435065165860256
晚安💤;晚安朋友[咖啡];0.4250516313482846
-------;--------;--------;0.4250516313482846
晚安;[鲜花][鲜花][鲜花];0.6802964296606346
-------;--------;--------;0.6802964296606346
晚安～;[咖啡][咖啡][咖啡];-0.12602670701460172
-------;--------;--------;-0.12602670701460172
晚安;愿你抬头皆美好，所见皆温柔~​晚安[月亮][月亮][月亮];0.9982316576368218
-------;--------;--------;0.9982316576368218
晚安[心];[心][鲜花][鲜花][鲜花];0.8653917303751606
-------;--------;--------;0.8653917303751606
晚安;[鲜花][鲜花][咖啡][咖啡];0.40835409470056705
-------;--------;--------;0.40835409470056705
晚安;[鲜花][鲜花][咖啡][咖啡][咖啡];0.34203179048032784
-------;--------;--------;0.34203179048032784
晚安;[咖啡][咖啡][咖啡];-0.12602670701460172
-------;--------;--------;-0.12602670701460172
晚安[送花花][送花花][送花花][送花花][送花花][送花花];[心][心][鲜花][鲜花];0.9150382459178121
-------;--------;--------;0.9150382459178121
晚安安;[咖啡][咖啡][咖啡];-0.12602670701460172
-------;--------;--------;-0.12602670701460172
晚安祝好梦[团圆兔];[鲜花][鲜花][鲜花];0.6802964296606346
-------;--------;--------;0.6802964296606346
盱眙，晚安[送花花];[心][咖啡][咖啡][咖啡];0.3435065165860256
-------;--------;--------;0.3435065165860256
生活不全是利益，更多的还是相互成就和相互温暖，晚安;晚安朋友[咖啡][咖啡];0.3597501689726432
-------;--------;--------;0.3597501689726432
把普通的烟火都过成精致，让每一个平凡的日子都溢满欢喜。晚安;[心][心][鲜花][鲜花][鲜花];0.9467222590781565
-------;--------;--------;0.9467222590781565
晚安;[咖啡][咖啡][咖啡];-0.12602670701460172
-------;--------;--------;-0.12602670701460172
晚安;[鲜花][鲜花][鲜花];0.6802964296606346
-------;--------;--------;0.6802964296606346
晚安;[心][咖啡][咖啡][咖啡];0.3435065165860256
-------;--------;--------;0.3435065165860256
晚安[月亮];[心][咖啡][咖啡][咖啡];0.3435065165860256
-------;--------;--------;0.3435065165860256
没有播种，何来收获；没有辛劳，何来成功；没有磨难，何来荣耀；没有挫折，何来辉煌。晚安;晚安朋友[咖啡];0.4250516313482846
-------;--------;--------;0.4250516313482846
晚安[月亮];世界不会辜负每一份努力和坚持[月亮];0.9846862724892167
-------;--------;--------;0.9846862724892167
晚安[送花花];世界不会辜负每一份努力和坚持[月亮];0.9846862724892167
-------;--------;--------;0.9846862724892167
晚安[团圆兔];世界不会辜负每一份努力和坚持[月亮];0.9846862724892167
-------;--------;--------;0.9846862724892167
晚安;晚安朋友[鲜花];0.6484562668218283
-------;--------;--------;0.6484562668218283
愿你抬头皆美好，所见皆温柔~​晚安[月亮][月亮][月亮];[咖啡][咖啡][咖啡];-0.12602670701460172
-------;--------;--------;-0.12602670701460172
啊？我以为一直可以;不可以，你想去提取公积金，得拿购房合同，你都拿到购房合同了，那肯定就先支付过首付了[挖鼻];-0.9939467498368038
-------;--------;--------;-0.9939467498368038
tiqi提前还贷的事儿解决完了吗[doge];tiqi是谁[doge];-0.05246556361561838
-------;--------;--------;-0.05246556361561838
大哥，外头都在传你评论领英裁员的赔偿问题，你是不是要出来辟谣？;回复@很离谱鸭:只是普通网友用冒号发了个留言贴生成个平台海报[doge]冒号梗当真可还行http://t.cn/A6NrRGpM;-0.9965810074850969
大哥，外头都在传你评论领英裁员的赔偿问题，你是不是要出来辟谣？;回复@后池往事:原文链接有吗？真的很需要！就是这图看了三天了[汗][汗]愣是找不到原文链接;-0.8206060291706687
大哥，外头都在传你评论领英裁员的赔偿问题，你是不是要出来辟谣？;回复@很离谱鸭:图片评论http://t.cn/A6NrqfrW;-0.9267596303458181
大哥，外头都在传你评论领英裁员的赔偿问题，你是不是要出来辟谣？;领英的文章到底在哪儿啊！！！找了三天了[裂开];-0.9847193814685773
-------;--------;--------;-0.9321665121175403
苏州都能商转公了？南京公积金政策为什么总是落后同类型城市或者省内城市，是不是公积金领导的问题？;回复@万般无奈孔夫子:银行可不可能吃这个亏[doge];-0.9447835635650887
苏州都能商转公了？南京公积金政策为什么总是落后同类型城市或者省内城市，是不是公积金领导的问题？;苏州房价，地价比得上南京？商转公了，之前高价拍的土地差价谁来填补？[doge];0.3776493611927825
苏州都能商转公了？南京公积金政策为什么总是落后同类型城市或者省内城市，是不是公积金领导的问题？;回复@灰度-TLO08:财务这样的事你能清楚？那既然这样，其他区域就别来江宁占用名额[doge];-0.158234915756015
苏州都能商转公了？南京公积金政策为什么总是落后同类型城市或者省内城市，是不是公积金领导的问题？;还是省会呢搞笑;-0.4779841335044186
苏州都能商转公了？南京公积金政策为什么总是落后同类型城市或者省内城市，是不是公积金领导的问题？;回复@丽颖a:江宁比较特殊，江宁财务也是独立的，自收自用，南京为什么要带它玩？;0.6785999106810578
苏州都能商转公了？南京公积金政策为什么总是落后同类型城市或者省内城市，是不是公积金领导的问题？;这个问题我也问过，我们老家也可以，南京不可以，差评，房价那么贵，工资还不高，而且江宁区中考高中只能在江宁区上，其他区域不给，而其他区域可以到江宁来占名额～～;-0.9932465576579919
-------;--------;--------;-0.2529999831016123
不还是一年提取一次[苦涩][苦涩];无锡之前一年提取一次，现在可以多次提取了，挺好;0.9167890469323008
不还是一年提取一次[苦涩][苦涩];回复@皮皮波爱吃芹菜:公积金贷款的话要留13个月的，去的话按照一个月1800的额度取;0.3667332506410159
不还是一年提取一次[苦涩][苦涩];回复@一颗很逊的秃头:问一下，能取多少啊[笑cry]，要留几个月的余额在里面呀;-0.5617931079939977
不还是一年提取一次[苦涩][苦涩];回复@一颗很逊的秃头:懂了，明白了，到时候看看[允悲][允悲][允悲];0.9998770241977215
不还是一年提取一次[苦涩][苦涩];回复@蓝杉树0516:六月一号之后就可以了，之前取过的这次可以取剩下额度的;0.45567382373315257
不还是一年提取一次[苦涩][苦涩];回复@铜人VS柯南:好吧[允悲][允悲][允悲]到时候看下;0.9999987354171271
不还是一年提取一次[苦涩][苦涩];回复@蓝杉树0516:6月1日开始实行[喵喵]，你试早了;-0.2193892102268653
不还是一年提取一次[苦涩][苦涩];回复@叫刘媛的那个人:试了下租房提取还是不行要过一年才可以[苦涩][苦涩];0.6928844030738255
不还是一年提取一次[苦涩][苦涩];这不是写的可以按季度提了嘛;-0.23977441889956652
-------;--------;--------;0.37899994965274597
意思是14400+7200？;是的，之前1200✖️12，现在1800✖️12;-0.05246556361561838
意思是14400+7200？;感觉像这个意思[思考];0.854547927645736
意思是14400+7200？;回复@說好為我泡花茶丶:真的吗[doge];-0.48851292769346877
意思是14400+7200？;回复@右耳浅述:是这么个意思吗[doge];-0.2363474654454294
意思是14400+7200？;[doge];0.0
-------;--------;--------;0.015444394178243882
贷的多利息还的也多啊……;回复@PeaceMinussOne:[爱你]不知道可以多查资料;-0.6816811465115336
贷的多利息还的也多啊……;回复@哪得灵台华胥:世界前几[费解]？;0.5882222049156942
贷的多利息还的也多啊……;大部分人买房，公积金贷款额度是不够的，多余的部分就要用商贷了（利息比公积金贷款高的多）。所以公积金贷款额度，原则上来说越高越好。但是这个政策，结合实际，适合父母有房还不要求结婚买新房的[允悲];0.9999959234348832
贷的多利息还的也多啊……;回复@圣·勃莱德杯:3.1还低，你怕是不知道这已经是世界前几名了;0.8602274041340963
贷的多利息还的也多啊……;回复@里嫩外酥:对啊现在公积金贷款利息才3.1很低了;-0.04140195296532978
贷的多利息还的也多啊……;你买的房子便宜当然不需要多贷，公积金贷款额度肯定是越高越好;0.9713275829529502
-------;--------;--------;0.44944833599346007
不是我是买房为了结婚呢多子女政策对我们这些人有啥用[笑cry];[开学季]同感;0.09739526518302144
-------;--------;--------;0.09739526518302144
坐标郑州，一直都是一个人贷60万啊[二哈];回复@小小蛋糕_:那我肯定不知道你问官方渠道更准确;0.8283028070059686
坐标郑州，一直都是一个人贷60万啊[二哈];回复@翘首以盼的夏天和你:人就想落个脚，又不图是不是南京房子，宝华便宜交通便利挺不错的;0.9974754392178633
坐标郑州，一直都是一个人贷60万啊[二哈];回复@康米小姐:这话不假，便宜的高淳溧水也没多少人会买吧[允悲];0.8954830523115633
坐标郑州，一直都是一个人贷60万啊[二哈];回复@ZY原来:南京的公积金能在别的城市用吗，我一直听说的是可以别的城市用，但是同时买过房的都说不可以;-0.7263727644469986
坐标郑州，一直都是一个人贷60万啊[二哈];回复@ZY原来:宝华又不是南京的，镇江地界[doge];-0.9893889734607404
坐标郑州，一直都是一个人贷60万啊[二哈];回复@痴儿懵K:自己觉得好就行了宝华那不是有地铁了蛮到哪都挺方便;0.781444942473777
坐标郑州，一直都是一个人贷60万啊[二哈];回复@ZY原来:本来坐标南京，但是一个人压根儿在南京买不起房子，公积金额度有很没有一个样子……干脆直接在宝华买了，压力瞬间消失，公积金只能当每年零花钱用。这🌿🥚的生活[摊手];0.9945672898392188
坐标郑州，一直都是一个人贷60万啊[二哈];坐标南京根本用不上公积金贷款[嘻嘻];0.9643941291126088
坐标郑州，一直都是一个人贷60万啊[二哈];骄傲啥，河南银行炸雷你咋不嘚瑟[晕];-0.16772117592720837
坐标郑州，一直都是一个人贷60万啊[二哈];南京之前还一个人才30万呢，搞笑吧[笑cry];0.763606308138955
-------;--------;--------;0.43417910542650073
一年14400根本不够取用的[doge]如果能抵扣租金就好了，三千多一个月公积金直接抵我房租[裂开];回复@Z朱晓东Z:可以;-0.2854285021273386
一年14400根本不够取用的[doge]如果能抵扣租金就好了，三千多一个月公积金直接抵我房租[裂开];回复@指尖砂泪:提不完，根本提不完[泪];0.927997722150006
一年14400根本不够取用的[doge]如果能抵扣租金就好了，三千多一个月公积金直接抵我房租[裂开];回复@指尖砂泪:那我今年提过了，6月份涨了，我是不是还能把剩下的额度提出来？;0.575477418400369
一年14400根本不够取用的[doge]如果能抵扣租金就好了，三千多一个月公积金直接抵我房租[裂开];改了，从1200升到1800，现在一年能提两万多;-0.4771046800393277
-------;--------;--------;0.18523548959592717
关注;回复@东方红人民法院:[给力];0.053107877797488934
关注;共建和谐幸福社会;0.9538665696250848
-------;--------;--------;0.5034872237112868
普法;回复@东方红人民法院:[抱抱];0.5388005995971776
普法;传播法治，人人学法;0.9935082857935034
-------;--------;--------;0.7661544426953405
收藏起来。;回复@东方红人民法院:[可爱];0.6495738729475942
收藏起来。;共建和谐社会;0.6225215597257776
-------;--------;--------;0.6360477163366859
关注;回复@东方红人民法院:[鼓掌];0.5665894501779274
关注;传播法治，人人学法;0.9935082857935034
-------;--------;--------;0.7800488679857154
关注;回复@东方红人民法院:[太开心];0.2050931384994623
关注;共建和谐社会;0.6225215597257776
-------;--------;--------;0.41380734911261996
关注;回复@东方红人民法院:[打call];0.053107877797488934
关注;传播法治，人人学法;0.9935082857935034
-------;--------;--------;0.5233080817954961
赞;回复@东方红人民法院:[给力];0.053107877797488934
赞;传播法治，人人学法;0.9935082857935034
-------;--------;--------;0.5233080817954961
[微风][飞机];回复@东方红人民法院:[可爱];0.6495738729475942
[微风][飞机];传播法治，人人学法;0.9935082857935034
-------;--------;--------;0.8215410793705488
关注啦;回复@东方红人民法院:[抱抱];0.5388005995971776
关注啦;传播法治，人人学法;0.9935082857935034
-------;--------;--------;0.7661544426953405
关注[微风];回复@东方红人民法院:[鼓掌];0.5665894501779274
关注[微风];传播法治，人人学法;0.9935082857935034
-------;--------;--------;0.7800488679857154
[微风][微风];回复@东方红人民法院:[太开心];0.2050931384994623
[微风][微风];传播法治，人人学法;0.9935082857935034
-------;--------;--------;0.5993007121464828
想问粤税通下面智慧社保，提交申请退费的资料一般几时会回复？昨天提交的，一直显示己提交。;回复@广州税务:答复了，说不超过30个工作天;-0.9986734120988994
想问粤税通下面智慧社保，提交申请退费的资料一般几时会回复？昨天提交的，一直显示己提交。;您好！税务机关接收申请后会对相关资料进行核对审核，建议您留意粤税通小程序的审核状态。您也可以联系主管税务机关进一步咨询。;-0.9999993849693101
-------;--------;--------;-0.9993363985341047
关注！[话筒][话筒];@南宁西乡塘检察;-0.20701926877722143
-------;--------;--------;-0.20701926877722143
关注[话筒]关注[话筒];[话筒];0.7999999999999998
-------;--------;--------;0.7999999999999998
[话筒];[话筒];0.7999999999999998
-------;--------;--------;0.7999999999999998
[话筒][话筒];[话筒];0.7999999999999998
-------;--------;--------;0.7999999999999998
[话筒][话筒][话筒];[话筒];0.7999999999999998
-------;--------;--------;0.7999999999999998
【勇毅前行担使命奋勇争先创新局】@海南共青团;[话筒];0.7999999999999998
-------;--------;--------;0.7999999999999998
贷的多利息还的也多啊……;回复@PeaceMinussOne:[爱你]不知道可以多查资料;-0.6816811465115336
贷的多利息还的也多啊……;回复@哪得灵台华胥:世界前几[费解]？;0.5882222049156942
贷的多利息还的也多啊……;大部分人买房，公积金贷款额度是不够的，多余的部分就要用商贷了（利息比公积金贷款高的多）。所以公积金贷款额度，原则上来说越高越好。但是这个政策，结合实际，适合父母有房还不要求结婚买新房的[允悲];0.9999959234348832
贷的多利息还的也多啊……;回复@圣·勃莱德杯:3.1还低，你怕是不知道这已经是世界前几名了;0.8602274041340963
贷的多利息还的也多啊……;回复@里嫩外酥:对啊现在公积金贷款利息才3.1很低了;-0.04140195296532978
贷的多利息还的也多啊……;你买的房子便宜当然不需要多贷，公积金贷款额度肯定是越高越好;0.9713275829529502
-------;--------;--------;0.44944833599346007
不是我是买房为了结婚呢多子女政策对我们这些人有啥用[笑cry];[开学季]同感;0.09739526518302144
-------;--------;--------;0.09739526518302144
坐标郑州，一直都是一个人贷60万啊[二哈];回复@小小蛋糕_:那我肯定不知道你问官方渠道更准确;0.8283028070059686
坐标郑州，一直都是一个人贷60万啊[二哈];回复@翘首以盼的夏天和你:人就想落个脚，又不图是不是南京房子，宝华便宜交通便利挺不错的;0.9974754392178633
坐标郑州，一直都是一个人贷60万啊[二哈];回复@康米小姐:这话不假，便宜的高淳溧水也没多少人会买吧[允悲];0.8954830523115633
坐标郑州，一直都是一个人贷60万啊[二哈];回复@ZY原来:南京的公积金能在别的城市用吗，我一直听说的是可以别的城市用，但是同时买过房的都说不可以;-0.7263727644469986
坐标郑州，一直都是一个人贷60万啊[二哈];回复@ZY原来:宝华又不是南京的，镇江地界[doge];-0.9893889734607404
坐标郑州，一直都是一个人贷60万啊[二哈];回复@痴儿懵K:自己觉得好就行了宝华那不是有地铁了蛮到哪都挺方便;0.781444942473777
坐标郑州，一直都是一个人贷60万啊[二哈];回复@ZY原来:本来坐标南京，但是一个人压根儿在南京买不起房子，公积金额度有很没有一个样子……干脆直接在宝华买了，压力瞬间消失，公积金只能当每年零花钱用。这🌿🥚的生活[摊手];0.9945672898392188
坐标郑州，一直都是一个人贷60万啊[二哈];坐标南京根本用不上公积金贷款[嘻嘻];0.9643941291126088
坐标郑州，一直都是一个人贷60万啊[二哈];骄傲啥，河南银行炸雷你咋不嘚瑟[晕];-0.16772117592720837
坐标郑州，一直都是一个人贷60万啊[二哈];南京之前还一个人才30万呢，搞笑吧[笑cry];0.763606308138955
-------;--------;--------;0.43417910542650073
一年14400根本不够取用的[doge]如果能抵扣租金就好了，三千多一个月公积金直接抵我房租[裂开];回复@Z朱晓东Z:可以;-0.2854285021273386
一年14400根本不够取用的[doge]如果能抵扣租金就好了，三千多一个月公积金直接抵我房租[裂开];回复@指尖砂泪:提不完，根本提不完[泪];0.927997722150006
一年14400根本不够取用的[doge]如果能抵扣租金就好了，三千多一个月公积金直接抵我房租[裂开];回复@指尖砂泪:那我今年提过了，6月份涨了，我是不是还能把剩下的额度提出来？;0.575477418400369
一年14400根本不够取用的[doge]如果能抵扣租金就好了，三千多一个月公积金直接抵我房租[裂开];改了，从1200升到1800，现在一年能提两万多;-0.4771046800393277
-------;--------;--------;0.18523548959592717
关注;[心];0.5297450424929182
-------;--------;--------;0.5297450424929182
共同关注！[浪];[话筒];0.7999999999999998
共同关注！[浪];关注;0.6241610738255037
-------;--------;--------;0.7120805369127517
一个月将近减少60块的负担呢，真是不得了[挖鼻];有了这笔巨款那我不得投资一下股市啊，好激动;0.9917825699852463
-------;--------;--------;0.9917825699852463
没用的，只针对新贷款，存量贷款又不让降低;回复@不听话的多多:不是的哈，银行借款合同有约定，不是每个月按照lrp给你算利率，而是按照年来算的。比如每年1月1日的lpr，或者放款满1年后当月的lpr。并不会每次跟着lpr来变。而且，加的bp是固定。[吃瓜];-0.9917238106962305
没用的，只针对新贷款，存量贷款又不让降低;选择了浮动利率的会一起降;-0.31510619203053714
-------;--------;--------;-0.6534150013633838
一个月可以多吃两碗面[笑cry][doge];[笑cry];0.354984215153453
-------;--------;--------;0.354984215153453
房地产的初衷设计决定了今天;而且和分税制也有一定关联。所以就理解了地方的不竭动力和千方百计[doge];0.28134637749613933
房地产的初衷设计决定了今天;不否定有些刚需确实改善了生活。问题是社会环境不停的塑造刚需。当然还有更深层的其他问题～就是吃财政的太多了还有被注空转移的一部分;0.9446527740565831
-------;--------;--------;0.6129995757763612
关注[话筒];感谢关注;0.7939735303170461
-------;--------;--------;0.7939735303170461
周二愉快[雪糕];关注;0.6241610738255037
-------;--------;--------;0.6241610738255037
关注[话筒];感谢支持;0.5436820186886033
-------;--------;--------;0.5436820186886033
关注;感谢关注;0.7939735303170461
-------;--------;--------;0.7939735303170461
关注;感谢支持;0.5436820186886033
-------;--------;--------;0.5436820186886033
关注@山东长安网;关注;0.6241610738255037
-------;--------;--------;0.6241610738255037
共同关注;感谢关注;0.7939735303170461
-------;--------;--------;0.7939735303170461
关注;感谢支持;0.5436820186886033
-------;--------;--------;0.5436820186886033
[话筒][话筒];关注;0.6241610738255037
-------;--------;--------;0.6241610738255037
[话筒][话筒];关注;0.6241610738255037
-------;--------;--------;0.6241610738255037
[话筒][话筒];关注;0.6241610738255037
-------;--------;--------;0.6241610738255037
[话筒][话筒];关注;0.6241610738255037
-------;--------;--------;0.6241610738255037
关注;感谢支持;0.5436820186886033
-------;--------;--------;0.5436820186886033
关注;感谢关注;0.7939735303170461
-------;--------;--------;0.7939735303170461
@山东长安网;关注;0.6241610738255037
-------;--------;--------;0.6241610738255037
@山东长安网;关注;0.6241610738255037
-------;--------;--------;0.6241610738255037
关注;感谢支持;0.5436820186886033
-------;--------;--------;0.5436820186886033
关注;感谢支持;0.5436820186886033
-------;--------;--------;0.5436820186886033
关注;感谢支持;0.5436820186886033
-------;--------;--------;0.5436820186886033
[心][心][心];关注;0.6241610738255037
-------;--------;--------;0.6241610738255037
请问这样房价会涨吧;不会，房租会高，本来我们住城中村图的就是便宜;-0.816114529642739
-------;--------;--------;-0.816114529642739
山东已经负增长了[赞];回复@爆笑音浪:也是很疑惑;0.907326500919496
山东已经负增长了[赞];山东二娃是标配，要是也负增长，别的省岂不是更少？;0.01546071359262724
-------;--------;--------;0.4613936072560616
急需韭菜苗[偷笑];回复@昵称到底要改成什么呢:[偷笑]思想想歪了才会被骂，自家地里缺韭菜苗还不让种几颗啊;-0.9906287763892847
急需韭菜苗[偷笑];瞎说什么大实话，也不怕被骂[笑cry];-0.6380348798961977
急需韭菜苗[偷笑];赶紧噶了，不做韭菜从你开始！;-0.5968114688255384
急需韭菜苗[偷笑];回复@夹总说不充钱不能改名字:不生孩子不是损人不利己，而是及时止损，人多所以个体影响不了大局，但量变达成质变，有钱就能找到人服务吗，那得很有钱才行，如此类推;-0.9838992711593515
急需韭菜苗[偷笑];回复@山风和王月:[偷笑]开玩笑！“社会主义好社会主义好社会主义国家人民地位高反动派被打倒帝国主义夹着尾巴逃跑了全国人民大团结掀起了社会主义建设高潮建设高潮社会主义好社会主义好社会主义江山人民保人民的江……”唱着长大的[偷笑];0.9999999999847442
急需韭菜苗[偷笑];回复@恭喜and恭喜:没上过学?是中国特色社会主义[笑而不语];0.9911566486994852
急需韭菜苗[偷笑];回复@戈多明儿准到:你这是夸大主义[笑而不语]人家催生，怎么还和国际局势扯上了;-0.04814989561744287
急需韭菜苗[偷笑];回复@伴我同行gold:那可不[偷笑]我要好好活着，为国家做贡献;0.48167144162952624
急需韭菜苗[偷笑];回复@恭喜and恭喜:你误判国际局势，不知道还以为国际共运跟资本主义五五开。[doge];0.530759323486462
急需韭菜苗[偷笑];回复@夹总说不充钱不能改名字:你的假设不成立！社会主义哪有资本家？[笑而不语];0.06503142761370762
急需韭菜苗[偷笑];你现在活着就是主动生长的韭菜啊，赶紧....;-0.9573652021383865
急需韭菜苗[偷笑];回复@夹总说不充钱不能改名字:所以说这种催生新闻，是塔真的着急，还是媒体在给层主这种人营造“我不生孩子塔很着急只能给我让利”的错觉呢[思考];0.9344323874122391
急需韭菜苗[偷笑];假设你现在就挂掉，岂不是资本家损失最大?[doge];-0.9625445497015575
-------;--------;--------;-0.09033713960781496
广东各方面生活成本过高，催也白催。;养得起我也不生。就算孩子以后能养活自己，等我退休了还不是要我带孙子。更别说大概率养不活自己，现在考个高中都这么难，孩子屁用没有，有钱还不如自己享受。等我们老了像流浪的猫猫狗狗一样凑一堆放毒气室里人道毁灭就是了，起码不用折磨我几十年长痛不如短痛;0.9998866242797149
-------;--------;--------;0.9998866242797149
[吃瓜]到了生育年龄的人应该都发现了，只要不用考虑小孩因素，日子其实很滋润，也不怕失业，平时勤俭节约，失业了大不了在家奶头乐，出去特种兵，花不了几个钱…有了小孩反而怕这怕那的[二哈];对对对;0.0
[吃瓜]到了生育年龄的人应该都发现了，只要不用考虑小孩因素，日子其实很滋润，也不怕失业，平时勤俭节约，失业了大不了在家奶头乐，出去特种兵，花不了几个钱…有了小孩反而怕这怕那的[二哈];既然生孩子也要嘎一刀，自鲨也是嘎一刀，这样看还是自鲨更划算，起码不用被孩子折磨几十年。我可以玩几十年再把自己嘎了;0.8739477777601117
-------;--------;--------;0.43697388888005584
今年能不能突破七百万大关[doge];预计788;-0.9138481536005172
-------;--------;--------;-0.9138481536005172
生条铁咩工都搵唔到🚬;拖都唔想拍仲生？🚬;0.6345684353128949
-------;--------;--------;0.6345684353128949
直接征税，别的没用！征的税补贴给生育人群！;惩罚正常人会引起社会动荡的;0.9710702958337349
-------;--------;--------;0.9710702958337349
在网上大肆宣传不婚不育的最好想想等你老了你有没有足够的钱雇保姆护工，人口减少直接变化就是劳动力变贵了[吃瓜]你可以不生孩子，但是没必要告诉别人[摊手];多数人发言之前都搞不清立场，如果你是普通人，那你最好不要宣传不婚不育，否则早晚你要享受到劳动力涨价的后果[偷笑];0.376221176065902
-------;--------;--------;0.376221176065902
22年是因为疫情吧。今年很多人生;今年预计出生人口也就800万左右，比去年更少。;0.23558648531986393
-------;--------;--------;0.23558648531986393
出台的政策，能简单方便落实到位吗？感觉福利政策只是事业单位、公务员们能享用。;回复@繁星艺术工作室666:有的单位可以二次报销的，你问问你们财务，我是因为异地生产，所以带了票，结果单位说超了一年了不给报了;-0.9647381033942863
出台的政策，能简单方便落实到位吗？感觉福利政策只是事业单位、公务员们能享用。;回复@给zzm一个凳子:我弱弱问一句，生育保险还能报销吗？我们会计说都是在医院出院时候就结算了，我带过去的发票不能报销[允悲];-0.6760749018523546
出台的政策，能简单方便落实到位吗？感觉福利政策只是事业单位、公务员们能享用。;事业单位，公务员，国企都大幅降薪了，怎么养孩子;0.0022927173489837305
出台的政策，能简单方便落实到位吗？感觉福利政策只是事业单位、公务员们能享用。;回复@不过淡雅96867:公务员群体不存在找不到对象，他们不结婚都是因为要求高;0.521387062316296
出台的政策，能简单方便落实到位吗？感觉福利政策只是事业单位、公务员们能享用。;回复@呼吸之间www:遇到寒暑假更亏了，我们区不延长，但我们市其他区的延长产假;-0.4616827843825182
出台的政策，能简单方便落实到位吗？感觉福利政策只是事业单位、公务员们能享用。;回复@繁星艺术工作室666:我们单位也是，你还想育儿假，落下的课得补回来领导还要开会批评你;0.20813429018096463
出台的政策，能简单方便落实到位吗？感觉福利政策只是事业单位、公务员们能享用。;回复@算了还是做一只猫:你有告过吗？;0.5630376693351868
出台的政策，能简单方便落实到位吗？感觉福利政策只是事业单位、公务员们能享用。;回复@序章tyl:[跪了];0.08413012228817052
出台的政策，能简单方便落实到位吗？感觉福利政策只是事业单位、公务员们能享用。;回复@算了还是做一只猫:你看，你都用了很少这个词了[允悲]体制内的是不能，因为他们的规章制度就规定了他们加班属于他们的义务[允悲]加班费其实很多地方还是有告的，可能是你没见过，但还是有很多的，自愿加班也是要付加班费的，无论效率怎么样，加班就是加班。;0.9997046532608092
出台的政策，能简单方便落实到位吗？感觉福利政策只是事业单位、公务员们能享用。;[笑cry]太真实了;0.4723972343434084
出台的政策，能简单方便落实到位吗？感觉福利政策只是事业单位、公务员们能享用。;幼儿园学费孩子奶粉费用报销补贴在考虑;-0.5425830974102863
出台的政策，能简单方便落实到位吗？感觉福利政策只是事业单位、公务员们能享用。;回复@序章tyl:事实上没有加班费的老百姓也很少去告吧[允悲]官官相护[doge]取证也不好取吧，人家会说你自愿加班，或者效率低下，告赢告不赢，结束之后还在不在这个单位继续上班了，这都是问题[doge];-0.3364562802054134
出台的政策，能简单方便落实到位吗？感觉福利政策只是事业单位、公务员们能享用。;回复@二元悖论wz:分配媳妇吗，不分配真找不到咋开除。;-0.9936250232177437
出台的政策，能简单方便落实到位吗？感觉福利政策只是事业单位、公务员们能享用。;回复@算了还是做一只猫:双休和加班费[允悲]唉，老百姓遇到加班没有加班费的还能去告，公务员加班没有加班费找谁说理去呢[允悲];0.9991015538527801
出台的政策，能简单方便落实到位吗？感觉福利政策只是事业单位、公务员们能享用。;我们这边二胎每月补贴600。这个政策还蛮好;-0.46305185674784033
出台的政策，能简单方便落实到位吗？感觉福利政策只是事业单位、公务员们能享用。;只是杯水车薪;-0.15166981935999635
出台的政策，能简单方便落实到位吗？感觉福利政策只是事业单位、公务员们能享用。;政府请客企业买单，一两次还行，这天天买单也不是事儿啊[doge];-0.9873424487747475
出台的政策，能简单方便落实到位吗？感觉福利政策只是事业单位、公务员们能享用。;需要技术支持，男的也能生;0.2706191438587058
出台的政策，能简单方便落实到位吗？感觉福利政策只是事业单位、公务员们能享用。;挣个仨瓜俩枣的，啥政策也享受不到;0.8872599702515456
出台的政策，能简单方便落实到位吗？感觉福利政策只是事业单位、公务员们能享用。;国企也没法享受育儿假，因为休了活没人干了，;-0.7115456779418152
出台的政策，能简单方便落实到位吗？感觉福利政策只是事业单位、公务员们能享用。;能不能把事业单位去掉;0.4389451222755991
出台的政策，能简单方便落实到位吗？感觉福利政策只是事业单位、公务员们能享用。;等你生完，政策可能就调整了;0.41208895264077716
出台的政策，能简单方便落实到位吗？感觉福利政策只是事业单位、公务员们能享用。;并不是，政府单位也变着花样不让休的;-0.5319160653923727
出台的政策，能简单方便落实到位吗？感觉福利政策只是事业单位、公务员们能享用。;可惜享受了大量福利的公务员的生育率并不高，应该和过去计划生育一样，不生孩子不结婚直接开除公职;0.8407228826108311
出台的政策，能简单方便落实到位吗？感觉福利政策只是事业单位、公务员们能享用。;先把双休强制落实了[怒][怒][怒];-0.6903056383025952
出台的政策，能简单方便落实到位吗？感觉福利政策只是事业单位、公务员们能享用。;回复@序章tyl:关注的，只是很多单位、企业都是法外狂徒[doge]自己家里有了孕妇自然就会关注补贴津贴产假之类的东西，最简单的双休和加班费都落实不了，何况是孕妇;0.99396493225665
出台的政策，能简单方便落实到位吗？感觉福利政策只是事业单位、公务员们能享用。;回复@繁星艺术工作室666:我单位生育保险都不给报，说我材料交的太迟了[允悲]不是一年半内都可以吗，疫情那会都没跑手续，结果也没人通知我说到时间呀，等我后来交，跟我说过期了……;-0.9784522145742274
出台的政策，能简单方便落实到位吗？感觉福利政策只是事业单位、公务员们能享用。;对的感觉只有他们在享受好福利好政策;0.9748030190187982
出台的政策，能简单方便落实到位吗？感觉福利政策只是事业单位、公务员们能享用。;回复@你看我的ID像不像僵尸号:多数时候都被关系户与内部蛀虫吞了此乃由古至今的国情常态;-0.9851794593834791
出台的政策，能简单方便落实到位吗？感觉福利政策只是事业单位、公务员们能享用。;回复@序章tyl:不，现在的问题是就算知道有这些政策，也争取不到，这些利民政策想要完全落实太困难了;-0.7822244922716979
出台的政策，能简单方便落实到位吗？感觉福利政策只是事业单位、公务员们能享用。;我在成都的公立幼儿园上班，产假只有三个月[二哈];-0.8110152303545723
出台的政策，能简单方便落实到位吗？感觉福利政策只是事业单位、公务员们能享用。;这种事情，其实很多时候不是只有他们才能享用，而是我们压根就不知道这么一回事，没去关注过这种事情。不去关注政府网站，不去关注本地的官方公众号。这种事情，你说怎么办呢，总不能让政府每出台个什么政策，挨个打电话通知大家伙吧。;-0.9999795145929466
出台的政策，能简单方便落实到位吗？感觉福利政策只是事业单位、公务员们能享用。;很多事业单位也享受不了，我问了好几次育儿假无果;0.9131747506340517
-------;--------;--------;-0.07533571308137381
房价回到合理水平男女相同生育假陪产假更多的低龄公共育儿支持（低龄托儿所）;不可能跌的，不然整个中国经济要崩盘的[允悲];0.8734385141970571
房价回到合理水平男女相同生育假陪产假更多的低龄公共育儿支持（低龄托儿所）;自然规律，不可人力干预，越干预越乱！人口暴跌，性别比例失调就是人为过度干预的恶果。;-0.019254895368034264
房价回到合理水平男女相同生育假陪产假更多的低龄公共育儿支持（低龄托儿所）;相同产假还不如直接给妈妈发钱到孩子6岁;-0.061730866131890716
房价回到合理水平男女相同生育假陪产假更多的低龄公共育儿支持（低龄托儿所）;这个相同陪产假可能导致已婚未育男性也找不到工作，容易双双失业;-0.6027728094938005
房价回到合理水平男女相同生育假陪产假更多的低龄公共育儿支持（低龄托儿所）;普通人三座大山。医疗，教育，房子;0.997921901731871
房价回到合理水平男女相同生育假陪产假更多的低龄公共育儿支持（低龄托儿所）;希望落实育儿假，小孩子发烧感冒的，妈妈可以无后顾之忧的陪娃;0.9571799842414932
房价回到合理水平男女相同生育假陪产假更多的低龄公共育儿支持（低龄托儿所）;房价是不可能大跌维持不变就不错了;-0.9121001089968876
房价回到合理水平男女相同生育假陪产假更多的低龄公共育儿支持（低龄托儿所）;回复@si棉花呀:可以涨工资房价不动;-0.9766934226851627
房价回到合理水平男女相同生育假陪产假更多的低龄公共育儿支持（低龄托儿所）;回复@悟学求往生:房价跌了生育率可能也会继续跌，就像你说的风险很大，绝大多数人都已经因房背债了，毕竟“百业之母”，破产、减收、失业别说生育了，现有生活都乱了，死循环么;0.307055364708239
房价回到合理水平男女相同生育假陪产假更多的低龄公共育儿支持（低龄托儿所）;回复@砦宁ing:这样做不但会其实已婚未育的女性，还会增加其实已婚未育的男性，这并没有解决根上的问题，反而加重已婚未育家庭男女的就业负担，本质是双输;0.9958586161211072
房价回到合理水平男女相同生育假陪产假更多的低龄公共育儿支持（低龄托儿所）;回复@Digdugisland:国富民穷;-0.47843308630773396
房价回到合理水平男女相同生育假陪产假更多的低龄公共育儿支持（低龄托儿所）;回复@Digdugisland:这就看你相不相信国家政府会做出正确的选择了说大一点这是关乎国运;0.6167258853079738
房价回到合理水平男女相同生育假陪产假更多的低龄公共育儿支持（低龄托儿所）;回复@悟学求往生:未富先老可能就是我们要面对的现实了，国家都没钱，靠老百姓为爱发电是不现实的。;0.9990932443885987
房价回到合理水平男女相同生育假陪产假更多的低龄公共育儿支持（低龄托儿所）;回复@Digdugisland:未富先老更可怕;-0.7127839468599175
房价回到合理水平男女相同生育假陪产假更多的低龄公共育儿支持（低龄托儿所）;这得是经济发达到一定程度才能达到的，现实就是国家太穷了，不可能的;0.6625108281213461
房价回到合理水平男女相同生育假陪产假更多的低龄公共育儿支持（低龄托儿所）;回复@每天白轶点:男的不育，女的为啥要孕;-0.9266749816206536
房价回到合理水平男女相同生育假陪产假更多的低龄公共育儿支持（低龄托儿所）;回复@Healer1_:房价不跌，生育率就会跌，生育跌了，房价直接崩盘。参考韩国。房价跌了经济停滞，生育率也会跌，参考日本。太难了…;-0.99369509835468
-------;--------;--------;0.0426850072352309
生育会影响女性就业及职业发展，保证女性和男性同等的就业权利。男女同休产假，如女158天，男158天，落实执行到位。;回复@小了白了兔白了又了白哈嘿:有的岗位会只限制男生报考啊，而且就算不限制到了面试环节，会有领导默认更想要选男的，就算女性表现不错也会被刷，为低分男让位[打call];-0.08888913593073244
生育会影响女性就业及职业发展，保证女性和男性同等的就业权利。男女同休产假，如女158天，男158天，落实执行到位。;回复@Rzn1995:不正好多招人解决失业率高的问题吗;-0.9545185391000255
生育会影响女性就业及职业发展，保证女性和男性同等的就业权利。男女同休产假，如女158天，男158天，落实执行到位。;回复@小了白了兔白了又了白哈嘿:因为湖北是男：女2：1😅;0.4217179978881316
生育会影响女性就业及职业发展，保证女性和男性同等的就业权利。男女同休产假，如女158天，男158天，落实执行到位。;回复@Rzn1995:失业率那么高，正好多找一些人;-0.5215814749563548
生育会影响女性就业及职业发展，保证女性和男性同等的就业权利。男女同休产假，如女158天，男158天，落实执行到位。;回复@墨小媣_児:所有人都放产假的话还存在什么找不到工作？公司录谁都是一样的;-0.32998575075975145
生育会影响女性就业及职业发展，保证女性和男性同等的就业权利。男女同休产假，如女158天，男158天，落实执行到位。;回复@Rzn1995:男女以外还有第三性吗？男性也知道生育+产假对就业影响巨大啊。要不平等，要不没有生育率。要不男性生育，那又是一个歧视闭环。;0.7870525674334894
生育会影响女性就业及职业发展，保证女性和男性同等的就业权利。男女同休产假，如女158天，男158天，落实执行到位。;回复@墨小媣_児:所以大家是很清楚女性择业难的现实，对吧？;0.8771439239050716
生育会影响女性就业及职业发展，保证女性和男性同等的就业权利。男女同休产假，如女158天，男158天，落实执行到位。;一个单位没几个人上班了;0.025304559457418163
生育会影响女性就业及职业发展，保证女性和男性同等的就业权利。男女同休产假，如女158天，男158天，落实执行到位。;回复@安德斯丹德V:不能执行，就结婚率生育率给答案吗。低生育率不可逆，孩子又不是结婚证生的;0.4585553972221177
生育会影响女性就业及职业发展，保证女性和男性同等的就业权利。男女同休产假，如女158天，男158天，落实执行到位。;回复@越是高歌猛进:选调生是用实力一步步考出来的，凭什么实力为性别让位？？是不是为了追求1:1性别平等，不管能力多好也要被拉下来？凭什么？;0.9998484495512461
生育会影响女性就业及职业发展，保证女性和男性同等的就业权利。男女同休产假，如女158天，男158天，落实执行到位。;回复@养鸟得鸟鸟生鸟:你们说的这些权益我都理解，但是争取下来也只在体质内执行，其他的地方有按规定来过吗;0.6589353141742118
生育会影响女性就业及职业发展，保证女性和男性同等的就业权利。男女同休产假，如女158天，男158天，落实执行到位。;回复@养鸟得鸟鸟生鸟:青年失业率20%，需要什么劳动力？;0.8739421702590084
生育会影响女性就业及职业发展，保证女性和男性同等的就业权利。男女同休产假，如女158天，男158天，落实执行到位。;回复@安德斯丹德V:妻权你们可以自己去争取。我们需要保证女性就业平等，有就业才有收入。;0.9974992448633151
生育会影响女性就业及职业发展，保证女性和男性同等的就业权利。男女同休产假，如女158天，男158天，落实执行到位。;回复@安德斯丹德V:就业对女性来说非常重要，没有就业就没有钱。孩子又不是你一个人的，一定要选孩子都养不起的人合作育儿？我们不缺需要大额补助的孩子，一直都是鼓励低收入者多生，我们需要劳动力。;0.999939469338639
生育会影响女性就业及职业发展，保证女性和男性同等的就业权利。男女同休产假，如女158天，男158天，落实执行到位。;没钱你放什么假都没用，应该直接给妈妈发钱到孩子6岁;-0.7435158458191646
生育会影响女性就业及职业发展，保证女性和男性同等的就业权利。男女同休产假，如女158天，男158天，落实执行到位。;回复@墨小媣_児:生理只有男女，每个人都休产假，所有人都失业，机器人又不产生消费。男孩子也清楚产假会带来歧视呢。因为生育被歧视，就让结婚率，出生率给答案呗。;0.030822073012150453
生育会影响女性就业及职业发展，保证女性和男性同等的就业权利。男女同休产假，如女158天，男158天，落实执行到位。;回复@七仔的女朋友:落实执行到位。生育歧视，出生率会给出答案的;0.8511943600430807
生育会影响女性就业及职业发展，保证女性和男性同等的就业权利。男女同休产假，如女158天，男158天，落实执行到位。;除非是强制的，否则没用;0.3470852040611563
生育会影响女性就业及职业发展，保证女性和男性同等的就业权利。男女同休产假，如女158天，男158天，落实执行到位。;回复@墨小媣_児:你不会不结婚吗[doge];-0.4399525439289631
生育会影响女性就业及职业发展，保证女性和男性同等的就业权利。男女同休产假，如女158天，男158天，落实执行到位。;然后两口子都找不到工作[允悲];0.8704325626202496
生育会影响女性就业及职业发展，保证女性和男性同等的就业权利。男女同休产假，如女158天，男158天，落实执行到位。;选调生男女比起码要做到1：1;-0.04308488826212886
-------;--------;--------;0.2894259578605793
直接打钱到银行卡，其他都是虚的上有政策下有对策[二哈][二哈];生育津贴提高点儿直接打卡里还走流程太费劲了;-0.8481060905639084
直接打钱到银行卡，其他都是虚的上有政策下有对策[二哈][二哈];回复@响当当888:说的对，而且如果生孩子直接发钱可能有更多女性被拐卖，被锁链锁住逼迫生孩子，所以不能直接发钱，应该给带薪休假。;-0.5363976948593163
直接打钱到银行卡，其他都是虚的上有政策下有对策[二哈][二哈];回复@瑞云渺儿:我们事业单位直接没有生育津贴，就发五个月两千多基本工资，绩效没有，如果拿生育津贴可不止这点钱;-0.6240720610942005
直接打钱到银行卡，其他都是虚的上有政策下有对策[二哈][二哈];不利于奋斗[doge];0.9617548947639358
直接打钱到银行卡，其他都是虚的上有政策下有对策[二哈][二哈];回复@响当当888:不管怎么说孩子最终还是生了，就有劳动力了，生育率就上来了;0.5157424351219377
直接打钱到银行卡，其他都是虚的上有政策下有对策[二哈][二哈];不要钱，我自己能挣，做好公立托育就好;0.5206533757157703
直接打钱到银行卡，其他都是虚的上有政策下有对策[二哈][二哈];除了打钱，别的都是假的;-0.40364704849378774
直接打钱到银行卡，其他都是虚的上有政策下有对策[二哈][二哈];回复@我叫王哓哓:一想就是，面上说二胎如何如何，然后等你去问的时候，就得满足各项指标，如果家庭都达到那样的贫困标准啥的了，谁还要二胎啊[允悲];0.9999183279898551
直接打钱到银行卡，其他都是虚的上有政策下有对策[二哈][二哈];回复@满E哦铁拳:面上永远说得好听，执行起来关关卡卡而且就算享受了福利，福利也是基本无关痛痒[允悲]本国一向的作风;0.999500402849236
直接打钱到银行卡，其他都是虚的上有政策下有对策[二哈][二哈];回复@我叫王哓哓:你太想不开了[doge];0.12785501691009293
直接打钱到银行卡，其他都是虚的上有政策下有对策[二哈][二哈];事业单位连生育津贴都扣;0.6884753934746322
直接打钱到银行卡，其他都是虚的上有政策下有对策[二哈][二哈];我们这里这个月刚出来政策，有二胎津贴开始日期就是从5月，刚好我上个月生了二胎，结果一看条件，各种不符合[允悲];0.5926234964072983
直接打钱到银行卡，其他都是虚的上有政策下有对策[二哈][二哈];回复@响当当888:艹这个真[允悲]只能说我觉得支持一孩解决房子，后面的解决教育什么的会好很多;0.8653523179024221
直接打钱到银行卡，其他都是虚的上有政策下有对策[二哈][二哈];偏远山村能生到国家破产，能发展成产业，比如生孩村，男女不用上班干活，专职生育，生下来可以养可以送，甚至可以卖给无法生育的夫妇，一边领钱一边挣钱。;0.6397971646549734
直接打钱到银行卡，其他都是虚的上有政策下有对策[二哈][二哈];这个太真实了，不管政策多么好看，总有对策进行折中[笑cry]，其实到最后效果不大;0.7426268777448262
-------;--------;--------;0.34947178723491773
一胎提前3年退休，二胎提前5年退休，三胎提前8年退休;问题是现在出生率还不是问题[doge];-0.26780198073020567
一胎提前3年退休，二胎提前5年退休，三胎提前8年退休;回复@庆庆宝宝1980:生几个;0.35212419850558185
一胎提前3年退休，二胎提前5年退休，三胎提前8年退休;回复@echoprintf:因为没钱，他们才一顿打嘴炮的;-0.9681820167219355
一胎提前3年退休，二胎提前5年退休，三胎提前8年退休;退休可以提前，养老金必须延后发;-0.523718475312889
一胎提前3年退休，二胎提前5年退休，三胎提前8年退休;这种还是虚的，直接打钱最实际，谁知道过几年什么政策;-0.3667842401263812
一胎提前3年退休，二胎提前5年退休，三胎提前8年退休;想想退休了要带九个孙子你就不想退休了[吃瓜];0.860108619420477
一胎提前3年退休，二胎提前5年退休，三胎提前8年退休;那看来你家条件不错[doge]生的越多退的越早;0.7515892368710511
一胎提前3年退休，二胎提前5年退休，三胎提前8年退休;不要养是吧，退休哪来的钱[思考]本末倒置;0.4477165599131572
一胎提前3年退休，二胎提前5年退休，三胎提前8年退休;生一个补贴到6岁，生两个补贴到12岁，生三个补贴到18岁，可以叠加，我说的补贴是全方位的，奶粉钱养育钱生活费伙食费上学学费等等，生三个小孩补贴到18岁相当于成年之前国家帮你养多好[doge];-0.995455446576873
一胎提前3年退休，二胎提前5年退休，三胎提前8年退休;那农村没有工作的人呢？;0.43454281274684536
一胎提前3年退休，二胎提前5年退休，三胎提前8年退休;生三个你不奋斗到70岁都偷笑了还想退休;0.9470866389350534
一胎提前3年退休，二胎提前5年退休，三胎提前8年退休;生了之后不给你退休你还能把小孩塞回去不成;-0.43467960985427134
一胎提前3年退休，二胎提前5年退休，三胎提前8年退休;没问题，到时候给延迟到65退休[二哈][二哈][二哈];-0.31323314686091686
-------;--------;--------;-0.00589898844548513
男女一样，女的耽误多少工作和收入和身体损伤，男的也一样;回复@5hHunter:女的剖腹产，男的也要在肚子上开一刀。女的产后脱发，男的也要剃光头。诸如此类[偷笑][偷笑][偷笑];-0.30389466932008236
男女一样，女的耽误多少工作和收入和身体损伤，男的也一样;男的有啥身体损伤[裂开]别太离谱;-0.9307369756187889
男女一样，女的耽误多少工作和收入和身体损伤，男的也一样;是的，所以就应该同工同酬，同产假;-0.156250804938048
-------;--------;--------;-0.4636274832923064
取消离婚冷静期;回复@爱秋啊秋:zf怕离婚率难看不让离，上有政策下有对策，那我们就让结婚率更难看呗[嘻嘻];0.9994261828972002
取消离婚冷静期;冲动离婚就再复婚呗，冷静个什么劲，;0.9832143868564938
取消离婚冷静期;离婚冷静期对我来说就是结婚冷静期[太开心];0.9998003170908469
-------;--------;--------;0.9941469622815137
首先产检费用能不能便宜点，对部分人来说一两万的产检+各种钙铁药品费用还是很贵的;回复@咚哩个咚咚王:逗我呢吧。北京产检给报3500现在还没生呢产检费用已经6200了。还不如纳入医保呢;-0.8516697227527295
首先产检费用能不能便宜点，对部分人来说一两万的产检+各种钙铁药品费用还是很贵的;回复@冷小焱i:反正成都是不能的，无创有补贴两百还是多少不记得了;-0.989044802365745
首先产检费用能不能便宜点，对部分人来说一两万的产检+各种钙铁药品费用还是很贵的;无创dna我印象三千多nt一千左右都自付的不确定能不能报销[裂开];-0.4270167304365855
首先产检费用能不能便宜点，对部分人来说一两万的产检+各种钙铁药品费用还是很贵的;回复@咚哩个咚咚王:你那政策挺好的，我那社保局直接贴了一张表出来，公益类事业单位是没有这个津贴申请的（我在高中，属于公益二类）企业化管理的可以申请，按照单位平均缴纳基数X产假天数;0.8434579510532147
首先产检费用能不能便宜点，对部分人来说一两万的产检+各种钙铁药品费用还是很贵的;回复@咚哩个咚咚王:我又去查了一下成都的生育保险报销标准，确实是定额700元[笑cry];-0.8193583327737679
首先产检费用能不能便宜点，对部分人来说一两万的产检+各种钙铁药品费用还是很贵的;回复@咚哩个咚咚王:是的，我们有基础医保，但是报的不多。产检不能用[单身狗];-0.7716232912362888
首先产检费用能不能便宜点，对部分人来说一两万的产检+各种钙铁药品费用还是很贵的;回复@一旁观看着:我是苏州，是生过孩子后，去社保局报销的，两笔加一起我不记得多少钱了。另外还有产假期间一笔每个月基本工资的费用，社保局会发给公司（不是工资，工资照发），可以要求公司返还给个人，有的公司会主动给。;-0.9992864019070977
首先产检费用能不能便宜点，对部分人来说一两万的产检+各种钙铁药品费用还是很贵的;回复@她是开心-:不管一二线城市还是小县城，上班了有职工社保，都有生育险的。如果自己开店，你是城镇户口也有城镇基础医保的，你去问一下这个能不能报销。如果农村户口，也有基础农保，但是农保有没有含生育，我没去了解;0.998476128377936
首先产检费用能不能便宜点，对部分人来说一两万的产检+各种钙铁药品费用还是很贵的;回复@叶子_Amanda_:还可以拿着出生证明或者医院生产的证明去社保局报销一次的。我记得我那时候报了两笔，产检+营养费。生孩子扣除的是医院结账自动扣的;-0.9538644815889936
首先产检费用能不能便宜点，对部分人来说一两万的产检+各种钙铁药品费用还是很贵的;回复@白藤草儿:产检费用就是很高啊，我产检的时候就在想，我可以负担的起都还觉得贵，那不那么富裕的家庭呢？;0.6299999857536025
首先产检费用能不能便宜点，对部分人来说一两万的产检+各种钙铁药品费用还是很贵的;回复@咚哩个咚咚王:我事业单位的有生育保险，并没有你说的产检报销，去医院和医保局问的时候说，这个看地方的政策的，我姐在广东整个孕期产检就花了一千多，每个月社区还送牛奶跟水果;0.8969280709083347
首先产检费用能不能便宜点，对部分人来说一两万的产检+各种钙铁药品费用还是很贵的;回复@咚哩个咚咚王:很多都自费啊，无创什么的…我算了确实有近两万。住院倒是没怎么花，除了单间费有点贵;-0.6897957355867896
首先产检费用能不能便宜点，对部分人来说一两万的产检+各种钙铁药品费用还是很贵的;今年刚生的小孩，产检七七八八一万二了，我说产检费太高，被一个女的喷死了，说产检费费用都没有还生啥娃，太无语了;-0.9994735765815885
首先产检费用能不能便宜点，对部分人来说一两万的产检+各种钙铁药品费用还是很贵的;回复@咚哩个咚咚王:我们这边不报，只有生产的时候有3000的生育津贴，在出院的时候扣除。;-0.42434676803337945
首先产检费用能不能便宜点，对部分人来说一两万的产检+各种钙铁药品费用还是很贵的;回复@咚哩个咚咚王:一二线城市都买五险一金，或者有五险。我们在偏远十八小县城，就业机会没有那么多，除了编制，买五险的单位比较少。我是自己开店，生育险自己买不了，只能单位缴纳的才行。[单身狗];0.98500159800469
首先产检费用能不能便宜点，对部分人来说一两万的产检+各种钙铁药品费用还是很贵的;回复@她是开心-:如果没有生育保险。生孩子确实要花好多钱。产检，生产，产假期间工资也没有。但是这种情况并不多，大部分育龄女性都是工作党了;-0.12809284644476326
首先产检费用能不能便宜点，对部分人来说一两万的产检+各种钙铁药品费用还是很贵的;产检费用只有生育保险报销……一胎三个月离职，后面都是自己交的灵活就业社保，生完孩子被告知报销不了……;-0.7907511124666637
首先产检费用能不能便宜点，对部分人来说一两万的产检+各种钙铁药品费用还是很贵的;回复@咚哩个咚咚王:北京产检1.8w，生育保险只报销3000;-0.41865760352370907
首先产检费用能不能便宜点，对部分人来说一两万的产检+各种钙铁药品费用还是很贵的;回复@咚哩个咚咚王:但不是每个人都有生育保险呀[笑cry];0.6331928352426026
首先产检费用能不能便宜点，对部分人来说一两万的产检+各种钙铁药品费用还是很贵的;回复@咚哩个咚咚王:坐标西安，粗粗的算了一下产检的钱已经一万多了，不算各种营养品钙片保胎药等。;-0.20107211006427073
首先产检费用能不能便宜点，对部分人来说一两万的产检+各种钙铁药品费用还是很贵的;我双胞胎，啥都是两份钱，下来差不多有2万多了至少;0.48577100132036666
首先产检费用能不能便宜点，对部分人来说一两万的产检+各种钙铁药品费用还是很贵的;回复@咚哩个咚咚王:北京产检花1.5w，生育津贴只报三千;0.8524824860127262
首先产检费用能不能便宜点，对部分人来说一两万的产检+各种钙铁药品费用还是很贵的;回复@咚哩个咚咚王:坐标北京，17周已经，不算别的，已经给医院交了块6000了;-0.0614165154933517
首先产检费用能不能便宜点，对部分人来说一两万的产检+各种钙铁药品费用还是很贵的;生育保险之后，产检费是基本上都报销的，而且也没有一两万吧！我的当时就都报销了，而且有营养费补贴，变成倒赚了几百;-0.9866059099360405
-------;--------;--------;-0.17444857852159554
一个孩子上幼儿园每个月就三千块，再生一个就六千，关键幼儿园都是五点就放学，谁能五点下班去接啊？;回复@橙甜妮:幼儿园要学到什么啊;0.21727800371869144
一个孩子上幼儿园每个月就三千块，再生一个就六千，关键幼儿园都是五点就放学，谁能五点下班去接啊？;我娃幼儿园每天5点半放学，现在夏天了，老师做调查问需不需要再延迟放学[允悲];0.9704594947734793
一个孩子上幼儿园每个月就三千块，再生一个就六千，关键幼儿园都是五点就放学，谁能五点下班去接啊？;回复@空空Via:那么早[允悲]所以家里每个闲人接送娃还怎么上学;0.9947513108340766
一个孩子上幼儿园每个月就三千块，再生一个就六千，关键幼儿园都是五点就放学，谁能五点下班去接啊？;回复@橙甜妮:是的呀，公立，私立还要贵很多;-0.8519895354046374
一个孩子上幼儿园每个月就三千块，再生一个就六千，关键幼儿园都是五点就放学，谁能五点下班去接啊？;回复@晓顏顏顏:对，家里每个闲人娃还上不了学了，刚把娃报上幼儿园9月的名，就在琢磨去哪里请个钟点工接送！小一千又出去了[允悲];0.24330830023022854
一个孩子上幼儿园每个月就三千块，再生一个就六千，关键幼儿园都是五点就放学，谁能五点下班去接啊？;回复@橙甜妮:幼儿园要学什么知识;0.8096912406257395
一个孩子上幼儿园每个月就三千块，再生一个就六千，关键幼儿园都是五点就放学，谁能五点下班去接啊？;你说的还是公立。私立一年20万，在大城市公立学不到知识;0.7638682404506245
一个孩子上幼儿园每个月就三千块，再生一个就六千，关键幼儿园都是五点就放学，谁能五点下班去接啊？;我们三点五十就放了所以我全职接送呗哪个工作能这么早下班呢;-0.39235578565510654
一个孩子上幼儿园每个月就三千块，再生一个就六千，关键幼儿园都是五点就放学，谁能五点下班去接啊？;我们9点入园下午4点放学[doge];0.6448844744185942
一个孩子上幼儿园每个月就三千块，再生一个就六千，关键幼儿园都是五点就放学，谁能五点下班去接啊？;你们那5点放学，这么好，我们这4点就放了，大夏天还没开始出去干活呢先接娃;-0.8138652002030649
-------;--------;--------;0.25860305437886255
一孩存量房利率打8折，二孩存量房利率打7折，一孩买新房利率打7折。既解决了房子问题，也解决孩子问题，还解决存量房利率过高问题。;回复@魂Climer:是的，现在大家都太累了，各种压力[摊手];0.4418776854065676
一孩存量房利率打8折，二孩存量房利率打7折，一孩买新房利率打7折。既解决了房子问题，也解决孩子问题，还解决存量房利率过高问题。;根本问题不是房贷利率，也不是房价;-0.6368371979246563
一孩存量房利率打8折，二孩存量房利率打7折，一孩买新房利率打7折。既解决了房子问题，也解决孩子问题，还解决存量房利率过高问题。;回复@yellowTwitter:利率打折是银行的政策，这笔钱肯定是国家出，不是开发商出;-0.9807352781661018
一孩存量房利率打8折，二孩存量房利率打7折，一孩买新房利率打7折。既解决了房子问题，也解决孩子问题，还解决存量房利率过高问题。;房企：孩子给我生的？我掏钱给你庆祝？[doge];-0.9439550673156554
一孩存量房利率打8折，二孩存量房利率打7折，一孩买新房利率打7折。既解决了房子问题，也解决孩子问题，还解决存量房利率过高问题。;给你打骨折[doge]房子卖不掉，炸了，都不可能降价卖给你的;-0.9279330187425809
-------;--------;--------;-0.6095165753484855
育儿补贴申请繁琐产检费还非得自己垫付再走报销就不能直接医保[裂开];你们那算好了，我们这产检都是自费，好多都刷不了医保！;-0.6461585642743621
育儿补贴申请繁琐产检费还非得自己垫付再走报销就不能直接医保[裂开];地方差异吧，我产检和生产都是直接刷卡医保，育儿补贴三天就到账了[笑cry];-0.9720318325814128
-------;--------;--------;-0.8090951984278875
男人生孩子;支持;0.25342465753424603
-------;--------;--------;0.25342465753424603
首先产检能不能便宜点，不说免费，便宜点啊！从怀到生没个两三万下不来啊[doge];回复@阿di底:个人账户的也是钱[笑cry]我看了我的剖腹产的发票只报销了3100剩下的要么是账户里的钱要么就是刷的卡。怀孕生孩子还是挺多的，虽然相对于养育教育费来说不值一提。;-0.7544463826931409
首先产检能不能便宜点，不说免费，便宜点啊！从怀到生没个两三万下不来啊[doge];回复@小锦鲤pp:我建档没那么贵七八百块钱，无创这些是看情况做的，不是大龄孕妇或者产检异常这些就不用做，也可能是因为我买的一档社保，有些费用直接从我个人账户扣掉了所以感觉产检没怎么花钱。;-0.9817233224634327
首先产检能不能便宜点，不说免费，便宜点啊！从怀到生没个两三万下不来啊[doge];回复@乔小夭儿:是的我是剖腹产差不多八千然后生育险补助3100自己付了5000左右;0.9528275154941628
首先产检能不能便宜点，不说免费，便宜点啊！从怀到生没个两三万下不来啊[doge];回复@pink0fox:每个省政策不一样;-0.737932861902316
首先产检能不能便宜点，不说免费，便宜点啊！从怀到生没个两三万下不来啊[doge];回复@阿di底:社保定额报销门诊报销2000多住院部顺产报销1000多剖腹产2000多你们那边政策好我们这儿没个两三万真下不来;-0.9941614002407937
首先产检能不能便宜点，不说免费，便宜点啊！从怀到生没个两三万下不来啊[doge];回复@小锦鲤pp:孕早期医生开各种药花三千多还不敢不吃建档抽好多血一两千无创dna两千多其他彩超四维胎心监护钱全程下来一两千我们这边妇幼顺产八千多剖腹产一万多这还是顺利的一路绿灯要是在有点啥问题那就继续花吧;0.9822028098978004
首先产检能不能便宜点，不说免费，便宜点啊！从怀到生没个两三万下不来啊[doge];回复@阿di底:我记得建档那次差不多就要一两千吧然后医生还要推荐你做无创DNA也要两千多破腹产报完的确只要几千但是从怀孕到生应该差不多要2w吧;0.3946526676774278
首先产检能不能便宜点，不说免费，便宜点啊！从怀到生没个两三万下不来啊[doge];咋这么贵，没交社保吗？有生育险正常产检自费两千左右，顺产就几百块，剖腹产两千不到。;-0.6661577398990508
首先产检能不能便宜点，不说免费，便宜点啊！从怀到生没个两三万下不来啊[doge];并不需要吧，我们去的也算是二线城市之首的省级妇幼医院，也没那么多钱……;-0.10918981843898012
-------;--------;--------;-0.2126587258409248
生一个孩子给一套房，我不信没人生[太开心];回复@你要战胜拖延症:也是！就是觉得吧压力最大的还是买房吧！[失望];0.706006176933375
生一个孩子给一套房，我不信没人生[太开心];回复@纸短情长wang:一套房可是需要六个钱包的一个孩子还未必能赚够一套房的💰（一线）另外孕母可就惨了参考后院母猫;0.9549060200195472
生一个孩子给一套房，我不信没人生[太开心];回复@Hi_可可可可可:那生孩子的人贷款免息！针对那些不是很富裕的人！富翁就算了！人家不差这点钱;-0.9977735428133214
生一个孩子给一套房，我不信没人生[太开心];回复@你要战胜拖延症:那没办法了！想让马儿跑，又不给马儿吃草！那别生！[汗]或者生孩子的人贷款可以免息[doge];0.6066787817770698
生一个孩子给一套房，我不信没人生[太开心];折本生意谁跟你做[doge];-0.27839388396570497
生一个孩子给一套房，我不信没人生[太开心];不现实，抛开房子价值，单说这个利益关系，这将会导致有很多妇女被迫生育;0.645259672527891
-------;--------;--------;0.27278053741314273
育儿假员工不敢请[doge];回复@小雨滴running:唉，真的是这样，我老公说公司有陪产假，但是这段时间公司很忙，不好休那么久，我寻思着陪产假不是国家规定吗，而且产妇生完孩子情绪不稳定正需要丈夫陪伴呀，怎么陪老婆孩子还变成不好意思了[黑线]也不可能硬刚，毕竟家里只有老公一个人挣钱;0.9998969818948993
育儿假员工不敢请[doge];我们单位的理由是，人太多了休不过来，所以就都不休[doge][doge][doge];-0.9856620469518635
育儿假员工不敢请[doge];回复@哟哟哟哟嗬嘿:而且公司口头说可以，但背后领导很嫌弃;0.2274582523198947
育儿假员工不敢请[doge];真实了，我女儿三月份生的，我老公陪产假都没请，就是在家办公，顺便陪我[汗];0.9736342205101756
-------;--------;--------;0.3038318519432765
照顾好母亲的收入问题，减少家庭负担就能提高生育率，重点就是降低家庭的育儿成本，保障生育前后家庭的收入不会降低。;说的很对，毕竟人要先生存;0.6272039128586657
-------;--------;--------;0.6272039128586657
查了一下中国人的储蓄情况，透支钱包简直是胡说八道;回复@我最爱red:一个两个平均没有参考价值，14亿平均呢[挖鼻][挖鼻][挖鼻][挖鼻];-0.7823035078210445
-------;--------;--------;-0.7823035078210445
关我月薪3000的什么事？;回复@嘲风要努力:流水线工人上完班就剩睡觉吃喝了，哪有时间消费？你让流水线工人去买车买房下馆子？还是旅游看演唱会洗脚？;-0.9102150689461275
关我月薪3000的什么事？;回复@嘲风要努力:有没有可能，他说的月薪三千是低收入人群的意思[喵喵];0.8973120088935476
关我月薪3000的什么事？;回复@AA钊AA:你又是什么档？裤档？;0.40824898048438185
关我月薪3000的什么事？;和你无关你点击来做什么，像个若子一样，你去看和你有关的呗。;-0.5989116160775738
关我月薪3000的什么事？;3K党;0.4245969037888573
关我月薪3000的什么事？;回复@这是一个让你想把它看完的id:上一世我也是这么想的;0.6996945664999565
关我月薪3000的什么事？;回复@星空下的阿狄丽娜:掏点时间刷刷微博好，不想去抢那些连退休金都没有的人都饭碗了。;0.873380874379589
关我月薪3000的什么事？;在广东月薪三千要不重开吧;0.011334017001383367
关我月薪3000的什么事？;回复@嘲风要努力:典型的站着说话不腰疼;-0.05462413690566392
关我月薪3000的什么事？;那为什么你还要时间上网刷微博，建议你换一个键盘手机，不要开通网络流量，就用更多的时间去搬砖了，而不是天天混网络刷微博，还有脸抱怨月薪3000[裂开];-0.9999662461198571
关我月薪3000的什么事？;回复@p哭q:职业规划和地域没关系，和学历背景有关系;0.45009797397280527
关我月薪3000的什么事？;回复@嘲风要努力:广州一堆人三四千，还是坐办公室的，只是大多数都是文科，按照你这样说那些人都不用活了[挖鼻];0.8645995547468666
关我月薪3000的什么事？;回复@嘲风要努力:离开北京找个去规划你的职业生涯看看;0.7079568284320104
关我月薪3000的什么事？;回复@-收手吧-:那你也可以当看不见;-0.96872556436095
关我月薪3000的什么事？;那你其实可以不评论;-0.4936274253735986
关我月薪3000的什么事？;回复@潇up_up:不然呢，不给你3w就是国家有问题，规划有问题？;-0.09302235993519359
关我月薪3000的什么事？;回复@嘲风要努力:哟拿3k就是自己的问题了？一个国家总有人拿最低工资，他们这部分人都是自己有问题，都是规划出问题了？[666];0.930403852201368
关我月薪3000的什么事？;回复@喝多了也醉1:问问流水线一个月赚多少人，问问工地一个月赚多少钱，若不是农业人员，拿3000真的很丢人;-0.9995742826364185
关我月薪3000的什么事？;回复@嘲风要努力:IP正确，京城的少爷又怎么会知道底层百姓的生活呢？好好含着你的金钥匙吧！;0.9990890091504558
关我月薪3000的什么事？;回复@嘲风要努力:你看看南京，狗来了都得干两天销售;-0.4878745370796391
关我月薪3000的什么事？;回复@嘲风要努力:你怕不是不知道广东各地方贫富差距悬殊，尤其是粤东粤西粤北地区。;0.6271545321983965
关我月薪3000的什么事？;回复@嘲风要努力:这年还能规划职业？有活干就不错啦;0.8221349816999921
关我月薪3000的什么事？;青壮年在一线城市还能月入三千，建议考虑一下自己的职业规划是不是有问题;0.9285950960412905
关我月薪3000的什么事？;鼓励润，双赢;0.9695186827356377
-------;--------;--------;0.20864902603297986
钱从哪来？;回复@兔子艮叔:有没有可能钱不在想消费的人手里;0.2686057307751315
钱从哪来？;该想办法增加老百姓收入;0.9714286000470724
钱从哪来？;回复@兔子艮叔:你没钱哪来的钱消费？;-0.1903429156611629
钱从哪来？;回复@兔子艮叔:你有钱你去消费就行了被，你凭啥代表广发群众[生病];0.4281193382820685
钱从哪来？;回复@workholic韦少:没钱的要分清楚，是真没钱一天三餐只能果腹，还是不敢随意消费。为什么耐克出新鞋还要排队？理想30、40多万的车很火？特斯拉比亚迪新车依旧增加？网红餐饮都要打卡排队？是因为有消费群体对其有认同，文中措施就是提高消费群体认可度，自然有人看到好的变化就消费了，不论富贫总要花钱的。;-0.9920710308020289
钱从哪来？;回复@兔子艮叔:说的轻巧呀，手机就没钱，咋动起来;0.9781701795457225
钱从哪来？;钱是流动的，所有人把钱动起来才是增收，你不动我不动消费降低行业收入降低，大家所在的行业就不景气。;-0.07583615638986196
-------;--------;--------;0.19829624939956303
什么措施都不如全民发消费券立竿见影，全民发5000消费券消费马上就上去了。;回复@种花家的福州老兔子:那得通用一点的好一点[哈哈][哈哈];0.9428832138701908
什么措施都不如全民发消费券立竿见影，全民发5000消费券消费马上就上去了。;回复@兔子艮叔:你真懂，经济学家[打call][打call][打call];0.9678113349279844
什么措施都不如全民发消费券立竿见影，全民发5000消费券消费马上就上去了。;回复@冬至开始_fly:不能这么说，老百姓是0-5000，解决没钱花，精英是100万加5000，是锦上添花，感受不一样。;0.4646487554785974
什么措施都不如全民发消费券立竿见影，全民发5000消费券消费马上就上去了。;回复@冬至开始_fly:所以很多人不明白，是要盘活不动的钱，储蓄里的钱其实很多，就看能不能刺激消费，大家都愿意消费经济就好转了，就是一种消费信心，越唱冷越不敢消费。;-0.9918191844358195
什么措施都不如全民发消费券立竿见影，全民发5000消费券消费马上就上去了。;回复@瞌睡遇见小枕头:直接用，不是折扣。;-0.33875304180926924
什么措施都不如全民发消费券立竿见影，全民发5000消费券消费马上就上去了。;满5万优惠5000的消费券嘛[允悲]，我缺的不仅是这5000[泪];0.9628871188763761
什么措施都不如全民发消费券立竿见影，全民发5000消费券消费马上就上去了。;回复@冬至开始_fly:不完全等于。都发钱，政府的钱就少了，都不发钱，政府有钱干别的;-0.9999319920450727
什么措施都不如全民发消费券立竿见影，全民发5000消费券消费马上就上去了。;都发钱等于都不发钱;-0.9667942580494113
什么措施都不如全民发消费券立竿见影，全民发5000消费券消费马上就上去了。;回复@桔梗屋老板:发消费券是真正惠及老百姓的，老百姓是0-5000，精英是1000000-1005000，感受是不一样的，所以精英反对发消费券。;0.999602800992818
什么措施都不如全民发消费券立竿见影，全民发5000消费券消费马上就上去了。;就是。现在主要矛盾还是没钱。;-0.681439941783659
-------;--------;--------;0.03590948060227348
1.快递不送到农村(除了邮政快递，但大部分卖家都不发邮政)，想买东西也很麻烦。4年前就出台了快递进村政策，现在也落实不了。2.很多宜居政策落实到村里的时候，很不宜业。人居环境变好看了，农业生产变得困难了。比如，村前河流原来可以推车过河，景观施工后只能绕路或者肩扛了。;回复@考四级成功:确实，智能化设备一旦大批量生产、使用，成本比人工成本低。成本降低了，服务规模就能扩大，农村人就有机会便利地参与到社会生活中。;0.9988228806654742
1.快递不送到农村(除了邮政快递，但大部分卖家都不发邮政)，想买东西也很麻烦。4年前就出台了快递进村政策，现在也落实不了。2.很多宜居政策落实到村里的时候，很不宜业。人居环境变好看了，农业生产变得困难了。比如，村前河流原来可以推车过河，景观施工后只能绕路或者肩扛了。;回复@messi10naonao:说这句话是认真的吗还是只是你那边京东跟顺丰也只能送到镇上在我们这边不发达的地区;-0.9454464692385836
1.快递不送到农村(除了邮政快递，但大部分卖家都不发邮政)，想买东西也很麻烦。4年前就出台了快递进村政策，现在也落实不了。2.很多宜居政策落实到村里的时候，很不宜业。人居环境变好看了，农业生产变得困难了。比如，村前河流原来可以推车过河，景观施工后只能绕路或者肩扛了。;我们京东跟顺丰都直接到家，邮政反而只到镇上。;-0.9085024642663515
-------;--------;--------;-0.2850420176131536
花钱打通了，钱呢从哪里来？;回复@落_落_1958:[笑而不语]赚的不够，拿什么花;0.8993616813964038
-------;--------;--------;0.8993616813964038
钱哪里来，现在工资4500，房租1500生活费1500就剩一千五，怎么去消费[允悲];你居然没有贷款，比我好了;-0.391099200504748
钱哪里来，现在工资4500，房租1500生活费1500就剩一千五，怎么去消费[允悲];4500的工资你就敢住1500的房子[吃瓜];-0.989173048234959
钱哪里来，现在工资4500，房租1500生活费1500就剩一千五，怎么去消费[允悲];同病相怜[泪];0.8305601172577997
-------;--------;--------;-0.1832373771606358
租房提挺方便的，前段时间用爱山东基本上秒到账吧也不用材料就一个人脸验证;余额全部提取了吗？;0.1490989484574461
租房提挺方便的，前段时间用爱山东基本上秒到账吧也不用材料就一个人脸验证;回复@松糕野:不会吧，没试过，就提过一次试了下;0.05160739672794201
租房提挺方便的，前段时间用爱山东基本上秒到账吧也不用材料就一个人脸验证;我刚才不小心一次性全取出来了，以租房的名义。不会影响以后的提取吧？;-0.9967617843719692
租房提挺方便的，前段时间用爱山东基本上秒到账吧也不用材料就一个人脸验证;回复@阳哥是个小太阳_:我从zfb爱山东上头，就填的个人信息，没材料;-0.04032145618258465
租房提挺方便的，前段时间用爱山东基本上秒到账吧也不用材料就一个人脸验证;你好，租赁方式选的哪个啊？也不需要材料;0.4578696382855003
-------;--------;--------;-0.07570145141673308
时间区间是多少啊7.28提了2800，下次啥时候啊;可以补提;-0.08748332122560964
时间区间是多少啊7.28提了2800，下次啥时候啊;回复@小龙_回来了:哦莫，好吧;0.2652679663423423
时间区间是多少啊7.28提了2800，下次啥时候啊;回复@熊孩子其实是小天使:[doge]符合条件就可以，我是商贷提取，每个月交了之后我就提出来还房贷，别的租房什么的可能提取条件不一样;-0.4212020786455519
时间区间是多少啊7.28提了2800，下次啥时候啊;回复@小龙_回来了:哦哦，他交了我就能继续提是嘛[doge][doge][doge];-0.0442822567822061
时间区间是多少啊7.28提了2800，下次啥时候啊;看你公司啥时候交，一般20号以后才交，有的公司会很晚，交了就能提;-0.9651243175501361
-------;--------;--------;-0.25056480157223227
什么时候可以优化购房提取，每次都要去公积金中心提取，很麻烦。;回复@琪琪不讲李_:有我在随便问;-0.901283958523226
什么时候可以优化购房提取，每次都要去公积金中心提取，很麻烦。;手机或者网上都可以;-0.033948121873924375
什么时候可以优化购房提取，每次都要去公积金中心提取，很麻烦。;回复@Loyal1008:共有人也可以啊，我自己名下的房子，贷款也是我自己。我家属一样可以用智慧网厅提取;-0.8186897997638354
什么时候可以优化购房提取，每次都要去公积金中心提取，很麻烦。;咨询一下就近的公积金，我们家是商贷，19年就开通网厅专业版了，微信公众号提取分分钟到账;-0.921049384795553
什么时候可以优化购房提取，每次都要去公积金中心提取，很麻烦。;回复@琪琪不讲李_:这个是可以，我是想手机上提，可以操作？;-0.6663126745683241
什么时候可以优化购房提取，每次都要去公积金中心提取，很麻烦。;回复@Loyal1008:可以的;-0.710443875536535
什么时候可以优化购房提取，每次都要去公积金中心提取，很麻烦。;回复@Loyal1008:共有人也可以购房提啊;-0.7925719556626145
什么时候可以优化购房提取，每次都要去公积金中心提取，很麻烦。;直接可以到银行卡或者支付宝了;-0.26827379544643315
什么时候可以优化购房提取，每次都要去公积金中心提取，很麻烦。;回复@沿海巡林客:我是共同拥有人，好像不行吧;0.35586037153397276
什么时候可以优化购房提取，每次都要去公积金中心提取，很麻烦。;你直接办理智慧网厅，可以在公众号直接提取。;-0.5796349419748066
-------;--------;--------;-0.5336348136611277
租金上限由700提高到1400，额度提高了，可惜我的账户里木有这么多钱呐[二哈];你算“职工”么？;-0.7976922722182538
-------;--------;--------;-0.7976922722182538
虽然我今年提过了，但是明年可以提双倍喽[春游家族];回复@松糕野:不会啊，为什么会影响？只要里面还有钱，就一直可以提啊;-0.038106270695267064
虽然我今年提过了，但是明年可以提双倍喽[春游家族];一年提一次吗？我刚才不小心一次性全取出来了，以租房的名义。不会影响以后的提取吧？;-0.9979752831467132
-------;--------;--------;-0.5180407769209902
求问：明年打算考公，青岛市内四区公务员转正后双边是多少啊？;一千五[doge];-0.05246556361561838
-------;--------;--------;-0.05246556361561838
还是一年就准提一次吗;回复@小龙_回来了:商贷每个月提一次，个人还是一年提一次;0.18896303485421773
还是一年就准提一次吗;我是商贷提取，每个月都能提，发了就能;-0.29950095403287835
-------;--------;--------;-0.05526895958933031
这个月刚提过[允悲];回复@甜兔崔:我也没有在试试[允悲]不过下个月可以多提了;0.9997463994648577
这个月刚提过[允悲];回复@甜兔崔:我也想知道这个问题;0.9921718270410231
这个月刚提过[允悲];提过是不是就不能再补差价了[允悲];0.37473837695836365
-------;--------;--------;0.7888855344880815
查了一下中国人的储蓄情况，透支钱包简直是胡说八道;回复@我最爱red:一个两个平均没有参考价值，14亿平均呢[挖鼻][挖鼻][挖鼻][挖鼻];-0.7823035078210445
-------;--------;--------;-0.7823035078210445
国家在发钱和发债中，选择了发文[求饶][求饶]市场在刺激和观望中，选择了摆烂[笑而不语][笑而不语];到位;0.5287958115183244
国家在发钱和发债中，选择了发文[求饶][求饶]市场在刺激和观望中，选择了摆烂[笑而不语][笑而不语];大佬[哆啦A梦害怕];0.7208883495688232
国家在发钱和发债中，选择了发文[求饶][求饶]市场在刺激和观望中，选择了摆烂[笑而不语][笑而不语];不愧是金粉，这锐评的太到位了;0.9227494018871061
-------;--------;--------;0.7241445209914179
刚需？除了粮食什么东西是刚需;哈哈哈哈;0.7368421052631582
刚需？除了粮食什么东西是刚需;没毛病[哈哈];-0.12078514335643065
-------;--------;--------;0.30802848095336377
他们采取了除降价之外的所有方法。;终于露出了本来面目就是不降价;0.23765055936851498
-------;--------;--------;0.23765055936851498
公摊能取消再说吧，说这么多，没一条是我们真正在乎的，避重就轻呗就;回复@清风别浪:[doge]先取消再说，朝三暮四也比多花冤枉钱来的好;-0.9383349049800305
公摊能取消再说吧，说这么多，没一条是我们真正在乎的，避重就轻呗就;回复@燚燚卌叕叕:随你，反正我们支不支持又不是别人做决策的参考因素;0.4486576764193413
公摊能取消再说吧，说这么多，没一条是我们真正在乎的，避重就轻呗就;回复@水木-清桦:那干嘛不取消？是因为特色么;-0.7656893004346677
公摊能取消再说吧，说这么多，没一条是我们真正在乎的，避重就轻呗就;回复@清风别浪:随便涨，你涨到一百万一平方都可以。;-0.14501701966126213
公摊能取消再说吧，说这么多，没一条是我们真正在乎的，避重就轻呗就;回复@林-夕mm0103:那我就不支持取消公摊;0.7250204419637212
公摊能取消再说吧，说这么多，没一条是我们真正在乎的，避重就轻呗就;回复@清风别浪:涨呗，涨到大家都买不起最好;0.8340974939179968
公摊能取消再说吧，说这么多，没一条是我们真正在乎的，避重就轻呗就;回复@水木-清桦:那就先取消再说好了;-0.5495206962545836
公摊能取消再说吧，说这么多，没一条是我们真正在乎的，避重就轻呗就;回复@燚燚卌叕叕:你问他要看他给不给咯;-0.8051289238954151
公摊能取消再说吧，说这么多，没一条是我们真正在乎的，避重就轻呗就;公摊取消只会涨价，朝三暮四而已。;-0.8691096891373795
公摊能取消再说吧，说这么多，没一条是我们真正在乎的，避重就轻呗就;取消了也不会降价的;-0.8425975977233964
公摊能取消再说吧，说这么多，没一条是我们真正在乎的，避重就轻呗就;取消公摊，能把我交的税也退回来吗？[摊手];-0.9861597491592298
-------;--------;--------;-0.35398020626771864
我打算先观望十年[可怜];我也有此意[允悲];0.9579307468234075
-------;--------;--------;0.9579307468234075
财政受益;回复@秘雕五不全:不然呢？马云受益会把钱分给你花吗？[吃瓜];0.9119435107977951
财政受益;回复@有心减肥无力回天:最好是这样[二哈];0.8901673927395117
财政受益;财政受益那就是人民受益了;0.9452437586237661
财政受益;你小子油盐不进是吧[二哈];0.4921456984529955
-------;--------;--------;0.8098750901535172
反正不是买房的人受益，贷款仍然是额外成本，只有本金下降，房价下降才能受益。;还有公摊才要命;-0.8564257565194691
-------;--------;--------;-0.8564257565194691
现在已经上车的大冤种不管了，没事发两句指导字样的话糊弄一下存量的人，为啥不能放开跨行转贷，韭菜就这么好骗吗，就算是啥子被骗三次也会报复;平安银行说提前还贷的人变少了，回归到了正常水平。建行说提前还款的已经趋于稳定。缓兵之计已经成功干嘛还要降呢？有钱的不管降多少早都提前还了，没钱的咋咋呼呼没有任何杀伤力，所以不会降。;-0.9935998946492244
-------;--------;--------;-0.9935998946492244
你提供除降价之外的一切利好，我提供除购买之外的一切支持。;回复@名_二月4:那你快点买吧，多买几套。;-0.5842266278244157
-------;--------;--------;-0.5842266278244157
这是楼卖不动了;帮帮孩子吧[doge];0.4578924261685773
-------;--------;--------;0.4578924261685773
为什么不是自动降，还得去申请。申请是不是得审批。这一拖就2024年了。;你不去申请，银行乐得多收点。;-0.8201555403326735
为什么不是自动降，还得去申请。申请是不是得审批。这一拖就2024年了。;只是名义上申请大概率银行会批量调整;-0.9461836094222109
-------;--------;--------;-0.8831695748774422
申请了人家不一定同意怎么办[doge];协商不过银行怎么办;-0.7667545621160019
-------;--------;--------;-0.7667545621160019
2019.10.08之前的呢？;都是4.9;0.05022633732753401
2019.10.08之前的呢？;回复@辛德瑞拉__:那2019年之前的呢;-0.19215916677667622
2019.10.08之前的呢？;回复@辛德瑞拉__:之前的重新签贷款合同吗？;-0.9276210314646316
2019.10.08之前的呢？;我理解的是之前的可以贷新款Cover掉原来高利率的;0.81089675896609
-------;--------;--------;-0.06466427548692094
@沐沐的小阿飞;回复@沐沐的小阿飞:好好当韭菜，镰刀今天少割点，是为了明天多割点。;-0.1026319777149538
@沐沐的小阿飞;而且为啥越往后LPR续低的时候反而扣的越多，22年之前的都是维持之前的高LPR;-0.7715505254961688
@沐沐的小阿飞;申请了万一不同意怎么办，申请不到最低的怎么办;-0.9984838410948165
-------;--------;--------;-0.6242221147686463
关注;感谢关注;0.7939735303170461
-------;--------;--------;0.7939735303170461
关注;感谢关注;0.7939735303170461
-------;--------;--------;0.7939735303170461
关注一下;[送花花][送花花];0.7259328544993484
-------;--------;--------;0.7259328544993484
关注;感谢关注;0.7939735303170461
-------;--------;--------;0.7939735303170461
关注@成都发布;感谢关注;0.7939735303170461
-------;--------;--------;0.7939735303170461
关注;感谢关注;0.7939735303170461
-------;--------;--------;0.7939735303170461
关注;感谢关注;0.7939735303170461
-------;--------;--------;0.7939735303170461
关注;感谢关注;0.7939735303170461
-------;--------;--------;0.7939735303170461
关注;感谢关注;0.7939735303170461
-------;--------;--------;0.7939735303170461
关注;感谢关注;0.7939735303170461
-------;--------;--------;0.7939735303170461
关注;感谢关注;0.7939735303170461
-------;--------;--------;0.7939735303170461
关注[鲜花][鲜花];感谢关注;0.7939735303170461
-------;--------;--------;0.7939735303170461
关注;感谢关注;0.7939735303170461
-------;--------;--------;0.7939735303170461
关注[鲜花];感谢关注;0.7939735303170461
-------;--------;--------;0.7939735303170461
[话筒];[送花花][送花花];0.7259328544993484
-------;--------;--------;0.7259328544993484
关注;感谢关注;0.7939735303170461
-------;--------;--------;0.7939735303170461
19年10月之前的呢？;回复@MR-大厨:必须调，国家政策在哪里呢？并且沿海各城市都有18年前的下限;0.6191744236115853
19年10月之前的呢？;回复@以北以南以西东:所以说目前有两种解读一种是降到当时贷款时的lpr4.85另一种就是降到现在的lpr4.2[doge]当然希望是后者;0.9628652525337071
19年10月之前的呢？;回复@熊熊本熊yeah:我19年转了我看到是只有LPR，那意思是可以和银行调利率到LPR哦？四川是好多现在4.2%样？银行得干啊？银行吃进去的肉怕不好抠出来哦[允悲][允悲][允悲][裂开][苦涩];0.3935871789458436
19年10月之前的呢？;回复@wizdpzj:不知道，19年前的调不调低;-0.9852450361240797
19年10月之前的呢？;回复@MR-大厨:应该是基准利率0.7倍;-0.6481900238554703
19年10月之前的呢？;你后面没转lpr吗？;-0.4110641627565963
19年10月之前的呢？;我也想问，我是17年10月发放的贷款;-0.8505656758567866
-------;--------;--------;-0.1313482919288281
19年10月之前的呢？;同问;-0.3756097560975611
-------;--------;--------;-0.3756097560975611
是不是只要有房贷未还清的就可以申请降低利息啊？我首套房贷了20年还有10年，可以申请吗？;回复@漂浮着_1:30年已经还10年的了么还有意义吗[doge][允悲];0.959863441164909
是不是只要有房贷未还清的就可以申请降低利息啊？我首套房贷了20年还有10年，可以申请吗？;没意义了，利息还的差不多了;0.40343365513829954
-------;--------;--------;0.6816485481516042
这，能不能说结果几个点？[允悲];回复@DANDAN118OK296:要看是不是回到现在的首套房贷利率下限，如果是当时的下限就没多少;-0.8551338367668229
这，能不能说结果几个点？[允悲];回复@DANDAN118OK296:谢谢;-0.6321587851006698
这，能不能说结果几个点？[允悲];回复@面包树二:4.2;0.492140553149901
这，能不能说结果几个点？[允悲];回复@DANDAN118OK296:我想问德阳[允悲][允悲];0.9689201413550059
这，能不能说结果几个点？[允悲];4.2啊;-0.6000000000000001
-------;--------;--------;-0.12524638547251715
有懂的朋友嘛22年11月办的4.3还能降吗;4.3了还降？;-0.305553022139492
-------;--------;--------;-0.305553022139492
这个LPR数值是当时的LPR？还是现在的LPR;关键就是这个，估计是当时的;0.07161701277997778
-------;--------;--------;0.07161701277997778
关注;感谢关注;0.7939735303170461
-------;--------;--------;0.7939735303170461
关注;感谢关注;0.7939735303170461
-------;--------;--------;0.7939735303170461
关注[话筒];共同关注;0.6241610738255037
-------;--------;--------;0.6241610738255037
关注热点资讯，传递法治新闻！[鲜花][鲜花][鲜花]@遂川政法;[good][good][good][good][good][good];0.0
-------;--------;--------;0.0
关注热点新闻，传递法治快讯！@遂川政法;[求关注][求关注][求关注][求关注][求关注][求关注];0.9623634182140979
-------;--------;--------;0.9623634182140979
关注热点新闻，传递法治快讯！@遂川政法;[鲜花][鲜花][鲜花][鲜花][鲜花];0.8649715245276339
-------;--------;--------;0.8649715245276339
关注热点新闻，传递法治快讯！@遂川政法[鲜花][鲜花][鲜花][鲜花][鲜花];早上好！;0.025910216237784445
-------;--------;--------;0.025910216237784445
关注热点资讯，传递法治新闻！[鲜花][鲜花][鲜花]@遂川政法;[咖啡][咖啡][咖啡][咖啡][咖啡][咖啡];-0.34382886506271215
-------;--------;--------;-0.34382886506271215
关注热点资讯，传递法治新闻！[鲜花][鲜花][鲜花]@遂川政法;[握手][握手][握手][握手][握手];0.9981861143899922
-------;--------;--------;0.9981861143899922
在我询问他们的调查内容，为什么这么写，我提供了证据商家提供了什么证据可以这么说时，他们不回复只说我证据不足。我问哪部分不足时说就是不足，请问这种情况应该如何处理？12345很好但是基层办事人员根本不管，只要回复了就算处理了;回复@武汉市民热线:谢谢您！已发送;-0.705390019858424
在我询问他们的调查内容，为什么这么写，我提供了证据商家提供了什么证据可以这么说时，他们不回复只说我证据不足。我问哪部分不足时说就是不足，请问这种情况应该如何处理？12345很好但是基层办事人员根本不管，只要回复了就算处理了;市民您好，可以私聊提供您的投诉电话吗？我们查一下，12345持续开展“不作为”的专项督办;-0.9866552364363217
-------;--------;--------;-0.8460226281473728
北京户口能卖吗？[二哈]我给优秀人才腾地方;回复@有瓜家:没资源[二哈];-0.2653305563921886
北京户口能卖吗？[二哈]我给优秀人才腾地方;咋不能，假结婚或者孩子;0.37340298374491687
-------;--------;--------;0.05403621367636413
[doge][doge][doge]全面放开购房限购政策救命，韭菜们赶紧掏钱;本质是以极低的价格去把农村人的地收回来，然后让他们去接盘城市里卖不出去的房子[doge];-0.7086598325654745
-------;--------;--------;-0.7086598325654745
积极推进家庭积分落户和个人积分落户并行，每年各配置70%和30%的比例，积极落实家庭积分落户侧重学历、社保缴存年限、自有住房等指标占比。其中，对于持有工作居住证人员、双一流高校学历人员、有孩子家庭增加加分选项，鼓励高学历家庭尽快落户，鼓励有孩子家庭积极落户，鼓励年轻人结婚生育，奖励落户;有道理，不过前面说了，以社保为主，哪怕放开积分上学和高考都行，户口不重要;0.8750135667018721
-------;--------;--------;0.8750135667018721
如果量化宽松的目标是把贷款都投放到房地产和金融市场里，而两者实际上都不属于增量型或生产型GDP，另外，房子是流动性最差的资产，也不知道这5000亿咋就能增加流动性了？真就一厢情愿了。;[good][good][good];0.0
-------;--------;--------;0.0
传播信息微平台，传递法治正能量;共同关注;0.6241610738255037
-------;--------;--------;0.6241610738255037
关注@高坪公安;共同关注;0.6241610738255037
-------;--------;--------;0.6241610738255037
关注@高坪公安;共同关注;0.6241610738255037
-------;--------;--------;0.6241610738255037
关注;共同关注;0.6241610738255037
-------;--------;--------;0.6241610738255037
关注;共同关注;0.6241610738255037
-------;--------;--------;0.6241610738255037
关注;共同关注;0.6241610738255037
-------;--------;--------;0.6241610738255037
关注;共同关注;0.6241610738255037
-------;--------;--------;0.6241610738255037
关注！;共同关注;0.6241610738255037
-------;--------;--------;0.6241610738255037
@西充公安;共同关注;0.6241610738255037
-------;--------;--------;0.6241610738255037
关注了;共同关注;0.6241610738255037
-------;--------;--------;0.6241610738255037
关注[鲜花];共同关注;0.6241610738255037
-------;--------;--------;0.6241610738255037
关注;共同关注;0.6241610738255037
-------;--------;--------;0.6241610738255037
关注;共同关注;0.6241610738255037
-------;--------;--------;0.6241610738255037
关注;共同关注;0.6241610738255037
-------;--------;--------;0.6241610738255037
关注;共同关注;0.6241610738255037
-------;--------;--------;0.6241610738255037
关注;共同关注;0.6241610738255037
-------;--------;--------;0.6241610738255037
关注➕;共同关注;0.6241610738255037
-------;--------;--------;0.6241610738255037
关注;共同关注;0.6241610738255037
-------;--------;--------;0.6241610738255037
在线;共同关注;0.6241610738255037
-------;--------;--------;0.6241610738255037
关注@西充公安;共同关注;0.6241610738255037
-------;--------;--------;0.6241610738255037
关注;共同关注;0.6241610738255037
-------;--------;--------;0.6241610738255037
关注;共同关注;0.6241610738255037
-------;--------;--------;0.6241610738255037
关注;共同关注;0.6241610738255037
-------;--------;--------;0.6241610738255037
关注西充公安;[心][心];0.7911707066643898
-------;--------;--------;0.7911707066643898
关注;共同关注;0.6241610738255037
-------;--------;--------;0.6241610738255037
大武汉欢迎全国人民来买房;好的;0.3117256417880858
-------;--------;--------;0.3117256417880858
25号真的假的;真的啊，招行已经调了;-0.47300619162338076
-------;--------;--------;-0.47300619162338076
朋友们不限购了，钱钱准备好没[思考];自己生活都搞不够，准备🧵;0.22444795936843875
-------;--------;--------;0.22444795936843875
只买现房。城区买大house不限购[awsl];家庭限购3，单身限购2，二胎+1，三胎+2;-0.9547928410874675
-------;--------;--------;-0.9547928410874675
