微观集群密度;一级评论平均情绪值;微观集群信任度值;微观集群群体情绪;群体情绪指数2
0.1415254237288135;0.1269085268430205;0.5977909061551967;0.010736792766501543
0.0288135593220339;0.767899782618621;0.70259788543101;0.015545628778547763
0.023728813559322;0.9649498974697596;0.6666688876541144;0.01526479499497223
0.0067796610169491;0.048016484587003;0.5279146241756318;0.00017185494518632213
0.1415254237288135;0.1269085268430205;0.5977909061551967;0.010736792766501543
0.0288135593220339;0.767899782618621;0.70259788543101;0.015545628778547763
0.023728813559322;0.9649498974697596;0.6666688876541144;0.01526479499497223
0.0067796610169491;0.048016484587003;0.5279146241756318;0.00017185494518632213
--------;--------;--------;--------;0.7004058141637278
--------;--------;--------;--------;0.0
--------;--------;--------;--------;0.0
--------;--------;--------;--------;0.0
--------;--------;--------;--------;0.0
--------;--------;--------;--------;0.0
--------;--------;--------;--------;0.0
--------;--------;--------;--------;0.0
0.0262711864406779;-0.8099154107027966;0.6667158119208287;-0.014186004855636489
0.0203389830508474;-0.5482677872306329;0.8092072615229101;-0.009023639485141519
0.0084745762711864;-0.6736647620982696;0.6666667848042969;-0.003806016279525448
--------;--------;--------;--------;-0.22677788716658837
--------;--------;--------;--------;0.0
--------;--------;--------;--------;0.0
0.0305084745762711;-0.710443875536535;0.6666667375492448;-0.01444970747946454
0.0135593220338983;-0.9151787632262838;0.7225764243084821;-0.008966597943526873
--------;--------;--------;--------;-0.19656377623735005
0.035593220338983;-0.169197035643376;0.6799838882461113;-0.004095044782553338
0.0152542372881355;0.0524655636156166;0.66793496863694;0.0005345631547339735
--------;--------;--------;--------;-0.029887794053997895
--------;--------;--------;--------;0.0
--------;--------;--------;--------;0.0
--------;--------;--------;--------;0.0
--------;--------;--------;--------;0.0
--------;--------;--------;--------;0.0
--------;--------;--------;--------;0.0
--------;--------;--------;--------;0.0
--------;--------;--------;--------;0.0
--------;--------;--------;--------;0.0
--------;--------;--------;--------;0.0
--------;--------;--------;--------;0.0
--------;--------;--------;--------;0.0
0.0584745762711864;0.0785943663206464;0.6666684623586456;0.003063856431192866
0.0135593220338983;-0.9745382228515472;0.6666685096136977;-0.008809409418169795
--------;--------;--------;--------;-0.04822996503039698
--------;--------;--------;--------;0.0
--------;--------;--------;--------;0.0
--------;--------;--------;--------;0.0
--------;--------;--------;--------;0.0
--------;--------;--------;--------;0.0
--------;--------;--------;--------;0.0
0.0008474576271186;0.7136949787383775;0.6705916949198716;0.0004055914622440215
--------;--------;--------;--------;0.0034046613241572894
--------;--------;--------;--------;0.0
--------;--------;--------;--------;0.0
--------;--------;--------;--------;0.0
--------;--------;--------;--------;0.0
--------;--------;--------;--------;0.0
--------;--------;--------;--------;0.0
--------;--------;--------;--------;0.0
--------;--------;--------;--------;0.0
--------;--------;--------;--------;0.0
--------;--------;--------;--------;0.0
--------;--------;--------;--------;0.0
0.1211864406779661;-0.9838671972258248;0.6666801579840351;-0.07948918440923784
0.0822033898305084;0.9796689412548536;0.6765611293253233;0.05448489385614552
0.0288135593220339;0.1195131305589586;0.6666674463750258;0.002295735136417698
0.0067796610169491;-0.9258607579368876;0.687431183642045;-0.00431502072350014
0.0076271186440677;-0.0462318210434525;0.6666740148272648;-0.00023507964722908764
--------;--------;--------;--------;-0.2288176644410077
--------;--------;--------;--------;0.0
--------;--------;--------;--------;0.0
--------;--------;--------;--------;0.0
--------;--------;--------;--------;0.0
--------;--------;--------;--------;0.0
--------;--------;--------;--------;0.0
--------;--------;--------;--------;0.0
0.0033898305084745;-0.1405038251241885;0.6666772754258584;-0.00031752782142611236
--------;--------;--------;--------;-0.002665427637386966
--------;--------;--------;--------;0.0
--------;--------;--------;--------;0.0
--------;--------;--------;--------;0.0
0.0084745762711864;-0.8109283180339619;0.6666689112816403;-0.0045815313467046665
--------;--------;--------;--------;-0.03845880407648932
0.0008474576271186;0.4164241305358398;0.666677700721327;0.00023527176429703138
--------;--------;--------;--------;0.001974944620718923
0.0025423728813559;0.6328582369363034;0.6666666902941927;0.0010726411175688256
--------;--------;--------;--------;0.00900408432535062
--------;--------;--------;--------;0.0
0.0025423728813559;0.8387590413725721;0.6666799689638269;0.0014216538601789536
--------;--------;--------;--------;0.011933806217987135
--------;--------;--------;--------;0.0
--------;--------;--------;--------;0.0
--------;--------;--------;--------;0.0
0.061864406779661;-0.2652549557746424;0.4444882427993522;-0.007293981161512388
0.1805084745762712;-0.2788570041893581;0.6248126504415624;-0.031450602344755975
0.1313559322033898;0.0715959788171186;0.4662780836628416;0.004385138600954047
0.0347457627118644;0.4753252140045489;0.6666682733384374;0.01101038459955938
0.0296610169491525;-0.3748606101853047;0.6666740148272648;-0.007412579643855277
0.0279661016949152;-0.0525629818967812;0.5249831693838066;-0.0007717156502867636
0.0161016949152542;0.4340686611730358;0.7099326633296217;0.0049618905874537446
0.0177966101694915;0.449515990208962;0.5660095780485117;0.004527997860024489
0.011864406779661;0.2892182273553312;0.6666859231003888;0.002287667874869369
0.0067796610169491;-0.1070953334740562;0.5349733167857857;-0.00038842810685352675
0.0067796610169491;0.4248881685610488;0.5509358797793312;0.0015870246573153112
0.0033898305084745;0.6013434741632793;0.9162651744416832;0.0018677629940799067
0.0101694915254237;0.4531145734163976;0.5237039768783057;0.002413199024539157
0.0050847457627118;0.4665911519555809;0.9262983923354248;0.0021976405115307607
0.0084745762711864;0.3950806796304427;0.4559163813664652;0.001526472489872155
0.0008474576271186;0.4868368800613751;0.6666670683346093;0.0002750492504980236
0.0016949152542372;0.5191262820729161;0.979422112270966;0.0008617690842766142
0.0016949152542372;-0.5401833887461447;0.6666704470708329;-0.0006103801716535781
0.0025423728813559;0.253216164182168;0.5745836602863246;0.0003698996706596216
0.0008474576271186;-0.9944292583988796;0.6667190725194222;-0.000561868604106647
0.0008474576271186;-0.8662152705846693;0.6666684623586456;-0.0004893884767052793
0.0016949152542372;0.4808695244225142;0.822945888338127;0.0006707281321196577
0.0016949152542372;0.9999457857859536;0.6666674227474998;0.00112988352524934
--------;--------;--------;--------;-0.07476339768866926
--------;--------;--------;--------;0.0
0.1220338983050847;-0.9838671972258248;0.6666801579840351;-0.08004505283168004
0.0822033898305084;0.9796689412548536;0.6765611293253233;0.05448489385614552
0.0288135593220339;0.1195131305589586;0.6666674463750258;0.002295735136417698
0.0822033898305084;0.9796689412548536;0.6765611293253233;0.05448489385614552
0.0288135593220339;0.1195131305589586;0.6666674463750258;0.002295735136417698
0.0067796610169491;-0.9258607579368876;0.687431160014519;-0.004315020575189637
0.0084745762711864;-0.48604628949017;0.5966853072465017;-0.0024577684710208715
0.0076271186440677;-0.0462318210434525;0.6666740148272648;-0.00023507964722908764
--------;--------;--------;--------;0.22251924982295174
--------;--------;--------;--------;0.0
0.0008474576271186;-0.8806360241836753;0.666668698633906;-0.00049753599340054
--------;--------;--------;--------;-0.004176472415703479
--------;--------;--------;--------;0.0
0.0008474576271186;-0.8806360241836753;0.666668698633906;-0.00049753599340054
--------;--------;--------;--------;-0.004176472415703479
--------;--------;--------;--------;0.0
--------;--------;--------;--------;0.0
--------;--------;--------;--------;0.0
--------;--------;--------;--------;0.0
--------;--------;--------;--------;0.0
--------;--------;--------;--------;0.0
--------;--------;--------;--------;0.0
0.0677966101694915;0.0260825315695065;0.6138875036085826;0.001085541707999755
0.0296610169491525;0.5943243768386278;0.7464244705032848;0.013158168678062576
0.0008474576271186;0.2285714285714284;0.666671108641562;0.00012913726075380666
0.0042372881355932;0.0434717111853336;0.666666902941927;0.00012280148754878026
--------;--------;--------;--------;0.1216810031041372
--------;--------;--------;--------;0.0
--------;--------;--------;--------;0.0
--------;--------;--------;--------;0.0
0.0067796610169491;0.8888888888888888;0.6666731642363274;0.004017616055661452
--------;--------;--------;--------;0.03372512311857849
--------;--------;--------;--------;0.0
--------;--------;--------;--------;0.0
--------;--------;--------;--------;0.0
--------;--------;--------;--------;0.0
0.0008474576271186;-0.4805700843197256;0.666672904333541;-0.0002715110625840928
--------;--------;--------;--------;-0.002279148601270972
--------;--------;--------;--------;0.0
--------;--------;--------;--------;0.0
--------;--------;--------;--------;0.0
0.0008474576271186;0.1215475972020598;0.6666709432488798;6.867139938671856e-05
0.0016949152542372;-0.775629779588537;0.6666666666666666;-0.000876417830043499
0.0067796610169491;0.0786717688032716;0.6667999495410554;0.0003556497048700114
--------;--------;--------;--------;-0.003795041021199515
--------;--------;--------;--------;0.0
--------;--------;--------;--------;0.0
0.011864406779661;0.4272391797017079;0.6666666666666666;0.0033792929467931646
--------;--------;--------;--------;0.02836683971424942
--------;--------;--------;--------;0.0
0.0008474576271186;0.9459634540755056;0.6666682497109113;0.0005344438984906548
--------;--------;--------;--------;0.00448628889044076
0.0016949152542372;-0.9950658460473228;0.6666714157994005;-0.0011243761972846824
--------;--------;--------;--------;-0.00943836473163984
--------;--------;--------;--------;0.0
0.0008474576271186;0.9723333249235792;0.6666674227474998;0.0005493414845578611
--------;--------;--------;--------;0.004611343877608625
--------;--------;--------;--------;0.0
--------;--------;--------;--------;0.0
--------;--------;--------;--------;0.0
--------;--------;--------;--------;0.0
--------;--------;--------;--------;0.0
0.0008474576271186;-0.3173693922225791;0.6666688403990623;-0.00017930532600946695
--------;--------;--------;--------;-0.0015051448699197679
--------;--------;--------;--------;0.0
--------;--------;--------;--------;0.0
--------;--------;--------;--------;0.0
--------;--------;--------;--------;0.0
--------;--------;--------;--------;0.0
--------;--------;--------;--------;0.0
--------;--------;--------;--------;0.0
--------;--------;--------;--------;0.0
--------;--------;--------;--------;0.0
--------;--------;--------;--------;0.0
--------;--------;--------;--------;0.0
--------;--------;--------;--------;0.0
--------;--------;--------;--------;0.0
--------;--------;--------;--------;0.0
--------;--------;--------;--------;0.0
0.0016949152542372;0.9153097204935656;0.6683471744562248;0.0010368553651595928
0.0016949152542372;0.9153097204935656;0.666763846681267;0.001034399034137311
0.0016949152542372;0.9153097204935656;0.6676025529730906;0.0010357001799365401
0.0016949152542372;0.9153097204935656;0.6667409988635868;0.0010343635886633877
--------;--------;--------;--------;0.03476351725763206
--------;--------;--------;--------;0.0
--------;--------;--------;--------;0.0
0.0406779661016949;0.8938694206222436;0.7085955325436923;0.025765093347674854
0.0101694915254237;-0.2096417089330634;0.5777771093769385;-0.001231791667039185
0.0025423728813559;-0.0524655636156166;0.6666671628447134;-8.89247502779784e-05
--------;--------;--------;--------;0.2051937293439373
--------;--------;--------;--------;0.0
--------;--------;--------;--------;0.0
0.009322033898305;0.2492689083258834;0.6666669501969791;0.0015491294676423738
0.009322033898305;-0.9939551695365147;0.6666667139217187;-0.006177122960393626
0.011864406779661;0.6322980290456236;0.95955216018915;0.0071984077586076
0.0101694915254237;-0.8404194218727239;0.6666702580506246;-0.005697789486616718
0.0067796610169491;-0.3925587123713858;0.5651850317346192;-0.0015041919207411606
0.0008474576271186;-0.996392203785256;0.6666683205934893;-0.0005629348450423118
--------;--------;--------;--------;-0.043604270942970806
--------;--------;--------;--------;0.0
--------;--------;--------;--------;0.0
0.0016949152542372;-0.82199171315024;0.7243927080318946;-0.0010092284797773691
--------;--------;--------;--------;-0.0084717788518654
--------;--------;--------;--------;0.0
--------;--------;--------;--------;0.0
--------;--------;--------;--------;0.0
--------;--------;--------;--------;0.0
--------;--------;--------;--------;0.0
--------;--------;--------;--------;0.0
--------;--------;--------;--------;0.0
--------;--------;--------;--------;0.0
--------;--------;--------;--------;0.0
--------;--------;--------;--------;0.0
--------;--------;--------;--------;0.0
--------;--------;--------;--------;0.0
--------;--------;--------;--------;0.0
--------;--------;--------;--------;0.0
0.0016949152542372;0.3307336926554172;0.8517517246149208;0.00047746270018220015
0.0016949152542372;-0.1609756997808958;0.6666679189255467;-0.00018189378774662339
0.0016949152542372;0.7133495797611252;0.7366631906261497;0.00089067521603157
0.0016949152542372;0.6789416138308225;0.7137219003896981;0.0008213144048761999
--------;--------;--------;--------;0.016852072912579594
--------;--------;--------;--------;0.0
--------;--------;--------;--------;0.0
0.0042372881355932;0.6802964296606346;0.6708949069615363;0.0019339297028959097
0.0025423728813559;0.6802964296606346;0.6669450698059899;0.001153526312971454
0.0025423728813559;0.4250516313482846;0.6670465027752773;0.0007208369598045663
0.0033898305084745;0.9982316576368218;0.6668740218351891;0.0022565924076320674
0.0016949152542372;0.9999735335846488;0.6673232756153038;0.001131026464339463
0.0016949152542372;-0.1260267070146017;0.6673232756153038;-0.00014254331345760988
0.0016949152542372;0.6802964296606346;0.6673232756153038;0.0007694536302211986
0.0016949152542372;-0.1260267070146017;0.6670956480294394;-0.00014249469116087737
0.0016949152542372;0.6802964296606346;0.6669565055285929;0.0007690307278813754
0.0016949152542372;0.9982316576368218;0.6666991545149709;0.0011280003426381564
0.0016949152542372;0.9153097204935656;0.6666918063543726;0.0010342872727619314
0.0016949152542372;0.915038245917812;0.6666807014171341;0.0010339632874778971
0.0016949152542372;0.2745944403025027;0.6667490322224403;0.00031031453783957085
0.0016949152542372;0.408354094700567;0.6666807014171341;0.0004614267699686757
0.0016949152542372;0.7905448213510295;0.666990056615569;0.0008937042968644756
0.0016949152542372;-0.1260267070146017;0.6670449669860847;-0.00014248386545748405
0.0016949152542372;0.9960963928605746;0.6669305625050016;0.0011259781823723246
0.0016949152542372;0.9960963928605746;0.6666807014171341;0.0011255563421547975
0.0016949152542372;0.9846862724892168;0.6669248918987521;0.001113070823447495
0.0016949152542372;0.3435065165860256;0.6666694547147393;0.00038814457983619207
0.0016949152542372;0.4250516313482846;0.6668914116943542;0.0004804462414793745
0.0016949152542372;0.6802964296606346;0.666668107945755;0.0007686981925492951
0.0016949152542372;-0.1260267070146017;0.6672966710209834;-0.0001425376305941969
0.0016949152542372;0.9982316576368218;0.6669150392203936;0.0011283656018709575
0.0016949152542372;0.8653917303751606;0.667121756445713;0.0009785112731888848
0.0016949152542372;0.408354094700567;0.6669444554903128;0.0004616093209106697
0.0016949152542372;0.3420317904803278;0.6666824025990089;0.00038648572176720996
0.0016949152542372;-0.1260267070146017;0.6666726680582806;-0.00014240434069833792
0.0016949152542372;0.915038245917812;0.6670389183394186;0.0010345188505020077
0.0016949152542372;-0.1260267070146017;0.6666811975951809;-0.0001424061626465547
0.0016949152542372;0.6802964296606346;0.6669767779459348;0.0007690541028866945
0.0025423728813559;0.3435065165860256;0.6670739579605353;0.0005825701311973053
0.0016949152542372;0.3597501689726432;0.6666721955077599;0.00040650073725977495
0.0016949152542372;0.9467222590781564;0.6666721955077599;0.0010697515372807933
0.0016949152542372;-0.1260267070146017;0.6666701399129944;-0.00014240380067490527
0.0016949152542372;0.6802964296606346;0.6666702580506246;0.0007687006717165259
0.0016949152542372;0.3435065165860256;0.6666797090610403;0.0003881505500646289
0.0016949152542372;0.3435065165860256;0.6666696437349475;0.0003881446898864858
0.0016949152542372;0.4250516313482846;0.6667732976916828;0.0004803611490225601
0.0016949152542372;0.9846862724892168;0.6667047778661683;0.0011127034619792448
0.0016949152542372;0.9846862724892168;0.6667038800201788;0.001112701963510396
0.0016949152542372;0.9846862724892168;0.6671266473436033;0.00111340754517113
0.0016949152542372;0.6484562668218283;0.6666972879404138;0.0007327526007424674
0.0016949152542372;-0.1260267070146017;0.6669450698059899;-0.00014246252696147152
--------;--------;--------;--------;0.2549565858798852
0.0067796610169491;-0.9939467498368038;0.6666668084318229;-0.0044924156438296975
0.0050847457627118;-0.0524655636156183;0.6666667139217187;-0.00017784938079495608
0.0050847457627118;-0.9321665121175404;0.713090946630789;-0.0033799296637800473
--------;--------;--------;--------;-0.06757584677918582
--------;--------;--------;--------;0.0
--------;--------;--------;--------;0.0
--------;--------;--------;--------;0.0
0.0203389830508474;-0.2529999831016123;0.5267610964521279;-0.0027105874271384695
0.0101694915254237;0.3789999496527459;0.5173207318286822;0.00199387658966839
0.0042372881355932;0.0154443941782438;0.5210234030260164;3.409699496789721e-05
--------;--------;--------;--------;-0.005730073646134381
0.073728813559322;0.44944833599346;0.5174175371043311;0.01714581630736246
0.0203389830508474;0.0973952651830214;0.6666697855001038;0.0013206199433550593
0.0110169491525423;0.4341791054265007;0.4872190286552323;0.002330528971277837
0.0033898305084745;0.1852354895959271;0.5876863972265296;0.0003690182288783737
--------;--------;--------;--------;0.17767387125024534
--------;--------;--------;--------;0.0
0.0016949152542372;0.5034872237112868;0.9669202963958392;0.0008251390094617125
0.0016949152542372;0.7661544426953405;0.8182361316740355;0.0010625343177218295
0.0016949152542372;0.6360477163366859;0.6756849077431574;0.0007284200720901308
0.0016949152542372;0.7800488679857154;0.8089741265814938;0.001069558223168804
0.0016949152542372;0.4138073491126199;0.8058099462926257;0.0005651696233286723
0.0016949152542372;0.5233080817954961;0.980140250431978;0.0008693479904137102
0.0016949152542372;0.5233080817954961;0.9801344616880984;0.0008693428560129378
0.0016949152542372;0.8215410793705488;0.7813118017340009;0.0010879317642736711
0.0016949152542372;0.7661544426953405;0.8182368877548688;0.001062535299543337
0.0016949152542372;0.7800488679857154;0.8089730633428222;0.001069556817443173
0.0016949152542372;0.5993007121464828;0.929472211942727;0.0009441243365044305
--------;--------;--------;--------;0.0852329937240179
--------;--------;--------;--------;0.0
0.0016949152542372;-0.9993363985341048;0.6671188410871932;-0.0011299595594004863
--------;--------;--------;--------;-0.009485233215875846
--------;--------;--------;--------;0.0
0.0008474576271186;-0.2070192687772214;0.6674614021325306;-0.00011709946729363408
--------;--------;--------;--------;-0.0009829694766459154
--------;--------;--------;--------;0.0
0.0008474576271186;0.7999999999999998;0.6683471744562248;0.0004531167284448745
0.0008474576271186;0.7999999999999998;0.6815624514380504;0.0004620762382630609
0.0008474576271186;0.7999999999999998;0.6752322119166041;0.0004577845504519111
0.0008474576271186;0.7999999999999998;0.6672057050457314;0.00045234285087843835
0.0008474576271186;0.7999999999999998;0.6668717535926894;0.0004521164431136641
--------;--------;--------;--------;0.0191175154088329
--------;--------;--------;--------;0.0
--------;--------;--------;--------;0.0
0.073728813559322;0.44944833599346;0.5174175371043311;0.01714581630736246
0.0203389830508474;0.0973952651830214;0.6666697855001038;0.0013206199433550593
0.0110169491525423;0.4341791054265007;0.4872190286552323;0.002330528971277837
0.0033898305084745;0.1852354895959271;0.5876863972265296;0.0003690182288783737
--------;--------;--------;--------;0.17767387125024534
--------;--------;--------;--------;0.0
--------;--------;--------;--------;0.0
--------;--------;--------;--------;0.0
--------;--------;--------;--------;0.0
--------;--------;--------;--------;0.0
--------;--------;--------;--------;0.0
--------;--------;--------;--------;0.0
--------;--------;--------;--------;0.0
0.0008474576271186;0.5297450424929182;0.6667397938597588;0.0002993238139236772
0.0033898305084745;0.7120805369127517;0.7289337334702755;0.0017595238111976904
--------;--------;--------;--------;0.017282609556920302
--------;--------;--------;--------;0.0
--------;--------;--------;--------;0.0
--------;--------;--------;--------;0.0
--------;--------;--------;--------;0.0
--------;--------;--------;--------;0.0
--------;--------;--------;--------;0.0
--------;--------;--------;--------;0.0
--------;--------;--------;--------;0.0
--------;--------;--------;--------;0.0
--------;--------;--------;--------;0.0
--------;--------;--------;--------;0.0
--------;--------;--------;--------;0.0
--------;--------;--------;--------;0.0
--------;--------;--------;--------;0.0
0.0347457627118644;0.9917825699852464;0.6666701399129944;0.0229736142478887
0.0016949152542372;-0.6534150013633838;0.8922084719164288;-0.0009881057625316365
0.0008474576271186;0.354984215153453;0.6666737076694264;0.00020055817193259459
0.0016949152542372;0.6129995757763612;0.8878214409814972;0.0009224307909945545
--------;--------;--------;--------;0.19397994002700522
--------;--------;--------;--------;0.0
0.0016949152542372;0.7939735303170461;0.6693112247736879;0.0009007040610412937
0.0016949152542372;0.6241610738255037;0.6819304501561153;0.0007214143085486915
0.0016949152542372;0.5436820186886033;0.6667571600913978;0.000614413353853479
0.0016949152542372;0.7939735303170461;0.6747626148365694;0.0009080400939452955
0.0016949152542372;0.5436820186886033;0.6675936453957736;0.0006151841708346423
0.0016949152542372;0.6241610738255037;0.6751894933495247;0.0007142830494995174
0.0016949152542372;0.7939735303170461;0.7143326959335633;0.0009612902583241268
0.0016949152542372;0.5436820186886033;0.667072634819077;0.0006147040622209194
0.0016949152542372;0.6241610738255037;0.6668032337671749;0.0007054112244379943
0.0016949152542372;0.6241610738255037;0.6668032337671749;0.0007054112244379943
0.0016949152542372;0.6241610738255037;0.6668032337671749;0.0007054112244379943
0.0016949152542372;0.6241610738255037;0.6668032337671749;0.0007054112244379943
0.0016949152542372;0.5436820186886033;0.6718518453936614;0.0006191080806157123
0.0016949152542372;0.7939735303170461;0.6738263504897288;0.0009067801463033109
0.0016949152542372;0.6241610738255037;0.6680690312196881;0.0007067503117213946
0.0016949152542372;0.6241610738255037;0.6781000028896463;0.000717362077906198
0.0016949152542372;0.5436820186886033;0.6667255700890831;0.0006143842438259725
0.0016949152542372;0.5436820186886033;0.6667620273617619;0.0006144178390185248
0.0016949152542372;0.5436820186886033;1.0;0.0009214949469297883
0.0025423728813559;0.6241610738255037;0.6688575999012558;0.0010613768079424872
--------;--------;--------;--------;0.12619465474429195
--------;--------;--------;--------;0.0
--------;--------;--------;--------;0.0
--------;--------;--------;--------;0.0
--------;--------;--------;--------;0.0
--------;--------;--------;--------;0.0
--------;--------;--------;--------;0.0
--------;--------;--------;--------;0.0
0.0025423728813559;-0.816114529642739;0.6666749363007803;-0.0013832621238907817
--------;--------;--------;--------;-0.011611534001051405
--------;--------;--------;--------;0.0
--------;--------;--------;--------;0.0
--------;--------;--------;--------;0.0
--------;--------;--------;--------;0.0
--------;--------;--------;--------;0.0
--------;--------;--------;--------;0.0
--------;--------;--------;--------;0.0
0.0016949152542372;0.4613936072560616;0.9670244544472922;0.0007562354260037933
--------;--------;--------;--------;0.006348076196248084
0.0754237288135593;-0.0903371396078149;0.5203766054869634;-0.0035456192637355753
0.0144067796610169;0.9998866242797148;0.6666725499206504;0.009603515603798145
0.0186440677966101;0.4369738888800558;0.9579895863344114;0.007804713195794176
0.0025423728813559;-0.9138481536005172;0.6666871989867948;-0.0015489428792114627
0.0050847457627118;0.6345684353128949;0.6666677299053383;0.0021510828724048718
0.0008474576271186;0.9710702958337348;0.6666667611767708;0.0005486273635579754
0.0033898305084745;0.376221176065902;0.6666868445739044;0.000850243080451708
0.0008474576271186;0.2355864853198639;0.6666741565924211;0.00013310120458066518
--------;--------;--------;--------;0.1342814703384286
1.0;-0.0753357130813738;0.4792502135280964;-0.036104656580539796
0.7432203389830508;0.0426850072352309;0.5209448041491664;0.01652664339656674
0.6466101694915254;0.2894259578605793;0.4231128006271948;0.0791837698833122
0.3491525423728813;0.3494717872349177;0.4630486228508736;0.056500712779150156
0.2338983050847457;-0.0058989884454851;0.4492354247153822;-0.0006198385966074764
0.2203389830508474;-0.4636274832923064;0.8905012332895973;-0.09096933887396205
0.1542372881355932;0.9941469622815136;0.6718222594676079;0.10301355138694422
0.123728813559322;-0.1744485785215955;0.4925388941154093;-0.01063111495930054
0.0940677966101695;0.2586030543788625;0.5015860895701748;0.012201693324105473
0.0288135593220339;-0.6095165753484855;0.5523687143084614;-0.009700888271650793
0.0203389830508474;-0.8090951984278875;0.7752942318966467;-0.012758376414842282
0.0347457627118644;0.253424657534246;0.6666666902941927;0.005870288885397537
0.0127118644067796;-0.2126587258409248;0.511833617221869;-0.0013836341298426324
0.0050847457627118;0.2727805374131427;0.4729235133681255;0.0006559542210094942
0.0110169491525423;0.3038318519432765;0.5424840663122427;0.0018158569497676005
0.0127118644067796;0.6272039128586657;0.6933035361876944;0.0055276613224025765
--------;--------;--------;--------;1.0
--------;--------;--------;--------;0.0
--------;--------;--------;--------;0.0
--------;--------;--------;--------;0.0
--------;--------;--------;--------;0.0
--------;--------;--------;--------;0.0
0.0025423728813559;-0.7823035078210445;0.6666669974520312;-0.001325938806750612
--------;--------;--------;--------;-0.011130344185664913
--------;--------;--------;--------;0.0
0.0805084745762711;0.2086490260329798;0.4749404892778349;0.007978057371684295
0.047457627118644;0.198296249399563;0.4395331924033087;0.004136301591737949
0.0322033898305084;0.0359094806022734;0.5756876731326108;0.0006657292564324468
0.0076271186440677;-0.2850420176131536;0.6238850568565979;-0.0013563568629541484
0.0050847457627118;0.8993616813964038;0.6666788112150509;0.003048739203079913
0.0042372881355932;-0.1832373771606358;0.5649577380941554;-0.0004386498904024489
--------;--------;--------;--------;0.11780427082837512
--------;--------;--------;--------;0.0
0.0110169491525423;-0.075701451416733;0.5085353325374853;-0.0004241179796670496
0.0050847457627118;-0.2505648015722322;0.5354419909361576;-0.0006821843197238521
0.0101694915254237;-0.5336348136611277;0.5073537806779982;-0.002753304815719032
0.0025423728813559;-0.7976922722182538;0.666668698633906;-0.0013520249212628642
0.0016949152542372;-0.5180407769209902;0.9866232167982164;-0.0008662899284040813
0.0008474576271186;-0.0524655636156183;0.6666722191352858;-2.964180824051351e-05
0.0016949152542372;-0.0552689595893303;0.666668060690703;-6.245093238272838e-05
0.0042372881355932;0.7888855344880815;0.8619142999659948;0.0028811513695406405
--------;--------;--------;--------;-0.027607745335878925
--------;--------;--------;--------;0.0
--------;--------;--------;--------;0.0
0.0025423728813559;-0.7823035078210445;0.6666669974520312;-0.001325938806750612
--------;--------;--------;--------;-0.011130344185664913
--------;--------;--------;--------;0.0
--------;--------;--------;--------;0.0
--------;--------;--------;--------;0.0
--------;--------;--------;--------;0.0
--------;--------;--------;--------;0.0
--------;--------;--------;--------;0.0
--------;--------;--------;--------;0.0
--------;--------;--------;--------;0.0
--------;--------;--------;--------;0.0
--------;--------;--------;--------;0.0
--------;--------;--------;--------;0.0
--------;--------;--------;--------;0.0
--------;--------;--------;--------;0.0
--------;--------;--------;--------;0.0
--------;--------;--------;--------;0.0
--------;--------;--------;--------;0.0
--------;--------;--------;--------;0.0
--------;--------;--------;--------;0.0
--------;--------;--------;--------;0.0
--------;--------;--------;--------;0.0
--------;--------;--------;--------;0.0
0.0533898305084745;0.7241445209914179;0.7738987125531581;0.029920435836740592
0.0330508474576271;0.3080284809533637;0.6666672809823436;0.006787074478499762
0.0211864406779661;0.2376505593685149;0.6666762358147126;0.0033566944991326774
0.0135593220338983;-0.3539802062677186;0.5057826079630293;-0.00242762077143563
0.0016949152542372;0.9579307468234076;0.6666682260833853;0.0010824101554160347
--------;--------;--------;--------;0.3250193219750092
--------;--------;--------;--------;0.0
--------;--------;--------;--------;0.0
--------;--------;--------;--------;0.0
--------;--------;--------;--------;0.0
--------;--------;--------;--------;0.0
0.0296610169491525;0.8098750901535172;0.789660840984888;0.01896901065035323
0.0067796610169491;-0.8564257565194691;0.6666714866819786;-0.0038708788632648697
--------;--------;--------;--------;0.12673843053333952
--------;--------;--------;--------;0.0
0.0008474576271186;-0.9935998946492244;0.6666667139217187;-0.0005613559124735
--------;--------;--------;--------;-0.004712196735383134
--------;--------;--------;--------;0.0
--------;--------;--------;--------;0.0
--------;--------;--------;--------;0.0
--------;--------;--------;--------;0.0
--------;--------;--------;--------;0.0
--------;--------;--------;--------;0.0
--------;--------;--------;--------;0.0
--------;--------;--------;--------;0.0
--------;--------;--------;--------;0.0
--------;--------;--------;--------;0.0
--------;--------;--------;--------;0.0
--------;--------;--------;--------;0.0
--------;--------;--------;--------;0.0
--------;--------;--------;--------;0.0
--------;--------;--------;--------;0.0
--------;--------;--------;--------;0.0
--------;--------;--------;--------;0.0
--------;--------;--------;--------;0.0
--------;--------;--------;--------;0.0
--------;--------;--------;--------;0.0
--------;--------;--------;--------;0.0
0.0262711864406779;-0.5842266278244157;0.66666754088513;-0.010232231193246392
0.0025423728813559;0.4578924261685773;0.6666666666666666;0.0007760888579128329
--------;--------;--------;--------;-0.07937781014104944
--------;--------;--------;--------;0.0
0.0042372881355932;-0.8831695748774422;0.7086766373455228;-0.0026520408666526173
--------;--------;--------;--------;-0.022262058769235937
0.0033898305084745;-0.7667545621160019;0.6666730933537494;-0.0017327953754880103
0.0101694915254237;-0.0646642754869209;0.50094655579159;-0.000329423858521337
0.0025423728813559;-0.6242221147686463;0.9201871357691508;-0.0014603419318797851
--------;--------;--------;--------;-0.029569477861113233
--------;--------;--------;--------;0.0
--------;--------;--------;--------;0.0
--------;--------;--------;--------;0.0
0.0016949152542372;0.7939735303170461;0.6702731958688593;0.0009019986027133211
0.0008474576271186;0.7939735303170461;0.6695586522263732;0.00045051851429022815
0.0008474576271186;0.7259328544993484;0.6666785985673165;0.00041013889668777297
0.0008474576271186;0.7939735303170461;0.6709422328961934;0.000451449468890987
0.0008474576271186;0.7939735303170461;0.6751895406045768;0.00045430730778553603
0.0008474576271186;0.7939735303170461;0.6667018007978873;0.0004485962563120365
0.0008474576271186;0.7939735303170461;0.6668854339302662;0.00044871981550389926
0.0016949152542372;0.7939735303170461;0.6667190961469482;0.0008972157872839916
0.0008474576271186;0.7939735303170461;0.6702252319909993;0.0004509670284334129
0.0008474576271186;0.7939735303170461;0.6670177244485612;0.0004488088283596943
0.0008474576271186;0.7939735303170461;0.6687596638058221;0.00044998090780128965
0.0008474576271186;0.7939735303170461;0.6668502525439934;0.000448696143394187
0.0008474576271186;0.7939735303170461;0.6668502525439934;0.000448696143394187
0.0008474576271186;0.7939735303170461;0.6668502525439934;0.000448696143394187
0.0008474576271186;0.7259328544993484;0.6666689821642184;0.00041013298070222126
0.0008474576271186;0.7939735303170461;0.6667347848242384;0.0004486184499085162
0.0076271186440677;-0.1313482919288281;0.4972410745386503;-0.0004981405867436898
0.0016949152542372;-0.3756097560975611;0.6666709196213537;-0.00042442051104457694
0.0016949152542372;0.6816485481516042;0.8521444906402238;0.0009845136523055369
0.0042372881355932;-0.1252463854725171;0.5387879761660442;-0.00028593748538495515
0.0008474576271186;-0.305553022139492;0.6666666666666666;-0.00017262882606750062
0.0033898305084745;0.0716170127799777;0.666671108641562;0.00016184743494109685
--------;--------;--------;--------;0.06533104205404854
--------;--------;--------;--------;0.0
--------;--------;--------;--------;0.0
--------;--------;--------;--------;0.0
--------;--------;--------;--------;0.0
--------;--------;--------;--------;0.0
0.0016949152542372;0.7939735303170461;0.6667899078424885;0.0008973110798465269
0.0016949152542372;0.7939735303170461;0.6673691130158205;0.0008980905265859307
0.0008474576271186;0.6241610738255037;0.6675313396096075;0.0003530907438499051
0.0067796610169491;0.0;0.6666671155896613;0.0
0.0050847457627118;0.962363418214098;0.6666673518649218;0.003262252228232841
0.0033898305084745;0.8649715245276339;0.666666902941927;0.001954738601321294
0.0025423728813559;0.0259102162377844;0.6666668084318229;4.391563008056415e-05
0.0050847457627118;-0.3438288650627121;0.6666692893220569;-0.0011655261616259226
0.0059322033898305;0.9981861143899922;0.6670207015168422;0.003949725098180913
--------;--------;--------;--------;0.0855682410310447
--------;--------;--------;--------;0.0
--------;--------;--------;--------;0.0
--------;--------;--------;--------;0.0
0.0016949152542372;-0.8460226281473728;0.760433599877371;-0.001090413614745403
--------;--------;--------;--------;-0.009153272213665643
--------;--------;--------;--------;0.0
--------;--------;--------;--------;0.0
--------;--------;--------;--------;0.0
0.0025423728813559;0.0540362136763641;0.6666671392171873;9.1586867760381e-05
0.0016949152542372;-0.7086598325654745;0.6666703998157809;-0.0008007500574742114
0.0008474576271186;0.8750135667018721;0.6666746055154158;0.0004943638342386248
--------;--------;--------;--------;-0.0018030928313780734
--------;--------;--------;--------;0.0
--------;--------;--------;--------;0.0
--------;--------;--------;--------;0.0
--------;--------;--------;--------;0.0
0.0033898305084745;0.0;0.6666790474903114;0.0
--------;--------;--------;--------;0.0
0.0008474576271186;0.6241610738255037;0.667101318635689;0.0003528632842288471
0.0008474576271186;0.6241610738255037;0.6668880093306044;0.0003527504542585771
0.0008474576271186;0.6241610738255037;0.6748550220909098;0.00035696460615658844
0.0008474576271186;0.6241610738255037;0.6752322119166041;0.000357164120738488
--------;--------;--------;--------;0.011917761373495896
--------;--------;--------;--------;0.0
0.0008474576271186;0.6241610738255037;0.6666668793144009;0.00035263348752267147
0.0008474576271186;0.6241610738255037;0.667263568857002;0.0003529491064935616
0.0008474576271186;0.6241610738255037;0.6707795573794114;0.0003548088888424642
0.0008474576271186;0.6241610738255037;0.6674573145705258;0.0003530515883008515
0.0008474576271186;0.6241610738255037;0.6671961831527375;0.000352913462821075
0.0008474576271186;0.6241610738255037;0.6671961831527375;0.000352913462821075
0.0008474576271186;0.6241610738255037;0.6671961831527375;0.000352913462821075
0.0008474576271186;0.6241610738255037;0.6671961831527375;0.000352913462821075
0.0008474576271186;0.6241610738255037;0.6666668793144009;0.00035263348752267147
0.0008474576271186;0.6241610738255037;0.6667643428593139;0.0003526850408708509
0.0008474576271186;0.6241610738255037;0.6666678480429685;0.00035263399993170795
0.0008474576271186;0.6241610738255037;0.6666666902941927;0.00035263338754042053
0.0008474576271186;0.6241610738255037;0.6669455659840366;0.00035278089885401105
0.0008474576271186;0.6241610738255037;0.6666666666666666;0.0003526333750426391
0.0008474576271186;0.6241610738255037;0.6702326746617017;0.0003545196151947165
0.0008474576271186;0.6241610738255037;0.6697702603495829;0.00035427502111539077
0.0008474576271186;0.6241610738255037;0.6666667139217187;0.0003526334000382019
0.0008474576271186;0.6241610738255037;0.6666666902941927;0.00035263338754042053
0.0008474576271186;0.6241610738255037;0.6666666902941927;0.00035263338754042053
0.0008474576271186;0.7911707066643898;0.6666668084318229;0.00044698919486158586
0.0008474576271186;0.6241610738255037;0.6666666902941927;0.00035263338754042053
--------;--------;--------;--------;0.06301958052002703
--------;--------;--------;--------;0.0
--------;--------;--------;--------;0.0
--------;--------;--------;--------;0.0
0.0008474576271186;0.3117256417880858;0.6666781260167958;0.00017611920906665526
--------;--------;--------;--------;0.0014783996098755444
--------;--------;--------;--------;0.0
--------;--------;--------;--------;0.0
--------;--------;--------;--------;0.0
--------;--------;--------;--------;0.0
--------;--------;--------;--------;0.0
0.0008474576271186;-0.4730061916233807;0.6666695964798954;-0.00026723631093392787
--------;--------;--------;--------;-0.002243265001716952
--------;--------;--------;--------;0.0
--------;--------;--------;--------;0.0
--------;--------;--------;--------;0.0
--------;--------;--------;--------;0.0
--------;--------;--------;--------;0.0
--------;--------;--------;--------;0.0
--------;--------;--------;--------;0.0
--------;--------;--------;--------;0.0
--------;--------;--------;--------;0.0
0.0008474576271186;0.2244479593684387;0.6666713449168223;0.00012680764655591994
0.0008474576271186;-0.9547928410874676;0.6666869390840084;-0.0005394473870202498
--------;--------;--------;--------;-0.0034638267713928287
--------;--------;--------;--------;0.0
--------;--------;--------;--------;0.0
--------;--------;--------;--------;0.0
--------;--------;--------;--------;0.0
