文本,群体情绪,时间
济南优化生育政策：三孩家庭公积金最高可贷万元济南三孩家庭公积金最高可贷万近日，为积极实施三孩生育政策，促进人口长期均衡发展，山东济南印发《济南市优化生育政策促进人口长期均衡发展实施方案》（简称“方案”）。方案提出，在构建多方位支持体系方面，要加强生育政策支持、加强养育成本支持、加强教育资源支持、加强住房保障支持、加强医保政策支持等措施。以加强住房保障支持为例，符合公租房申请条件的未成年政策内二孩及以上家庭，在申请公租房时优先予以分配；对因家庭人口增加、就业、子女就学等原因需要调换公租房的，根据房源情况实施常态化申请、统一调换；符合租赁住房补贴申请条件的，提高保障面积标准，每增加一孩保障面积标准增加平方米。与此同时，按照国家政策生育二孩的缴存职工家庭，申请住房公积金贷款购买首套自住住房的，一人缴存住房公积金的职工家庭最高可贷额度提高至万元，两人及以上缴存住房公积金的职工家庭最高可贷额度提高至万元；生育三孩的缴存职工家庭，申请住房公积金贷款购买首套自住住房的，一人缴存住房公积金的职工家庭最高可贷额度提高至万元，两人及以上缴存住房公积金的职工家庭最高可贷额度提高至万元。此外，在济南市无自有住房且租赁住房的二孩及以上家庭，可按照实际房租支出提取住房公积金。,1.0,2023-01-11 17:40:12
济南对多孩家庭每孩每月补贴元山东济南对二孩三孩家庭发放育儿补贴日前，山东济南印发《济南市优化生育政策促进人口长期均衡发展实施方案》，积极实施三孩生育政策，促进人口长期均衡发展。方案中提到，落实符合规定生育子女的夫妻的休假政策，女方享受天产假，配偶享受不少于天陪产假，周岁以下婴幼儿父母各享受每年累计不少于天育儿假。济南市户籍按照生育政策于年月日以后出生的二孩、三孩家庭，每孩每月发放元育儿补贴，直至孩子周岁。对按政策生育二孩、三孩家庭的子女，协调支持符合入学条件的同一家庭不同年龄段子女同一学区入学。鼓励优先保障三孩入普惠性幼儿园。申请住房公积金贷款购买首套自住住房的，一人缴存住房公积金的职工家庭最高可贷万元，两人及以上缴存住房公积金的职工家庭最高可贷万元；生育三孩的缴存职工家庭，申请住房公积金贷款购买首套自住住房的，一人缴存住房公积金的职工家庭最高可贷万元，两人及以上缴存住房公积金的职工家庭最高可贷万元。居民医保参保人员住院分娩医疗费医保实行定额支付，标准为元。职工生育保险参保人员住院分娩医疗费医保政策范围内报销比例为。参加职工基本医疗保险的灵活就业女性人员可享受生育医疗费待遇，住院分娩医疗费医保政策范围内报销比例为。在现有基础上，少年儿童住院医保报销比例再提高个百分点。对年月日以后出生的二孩、三孩，自出生之日起六个月内参加济南市居民基本医疗保险的，参保登记当年度个人缴费由财政予以全额补助；其祖父母、外祖父母参加济南市长期护理保险的，当年度个人缴费部分由财政予以全额补助。（央视，嘉玛）,0.0093221163754182,2023-01-11 17:40:08
第十四届全国政协委员、四川大学华西医院教授甘华田建议第三孩免费教育至高中“学前教育入园难和贵的问题，依然是阻碍大多数家庭不愿生育多孩的原因之一。公办幼儿园的名额少，民办幼儿园的费用普遍较高，而高中教育不是义务教育，学费相对较贵”年全国“两会”召开在即，第十四届全国政协委员、四川大学华西医院教授甘华田告诉红星新闻记者，为更有效地鼓励生育，他将提交“关于进一步优化生育配套公共服务供给，提高生育意愿，优化人口结构的提案”，建议“为生育二孩、三孩的家庭发放教育专项补贴，为第三孩提供从幼儿园到高中毕业阶段的免费教育”。全国政协委员甘华田观点：面对生育主导型人口负增长，需要提高适龄人口的生育意愿和生育水平甘华田告诉红星新闻记者，我国人口多年来首次出现负增长，面对生育主导型人口负增长，努力提高适龄人口的生育意愿和生育水平是当务之急。与此同时，甘华田认为，目前，适龄的生育人群生育观念相对固化，“二孩”“三孩”政策对我国总体生育率的影响不如预期。“不愿生的原因很多，但是主要是两个，第一个是教育问题，第二个是医疗问题。实际上，教育问题是最重要的一个拦路虎，要解决这一问题，给三孩提供免费教育是一个很好的选择。而给三孩提供免费教育，国家财政是完全能够承受的，因为小学和初中已经是义务教育了，仅仅需要提供幼儿园和高中的费用。”甘华田如是说。建议：为生育二孩、三孩的家庭发放教育专项补贴减轻育儿家庭医疗负担甘华田表示，探索更有效的鼓励生育政策，应鼓励地方在降低养育、教育成本方面大胆创新。那么，如何降低多孩家庭的教育成本？对此，甘华田建议，为生育二孩、三孩的家庭发放教育专项补贴，为第三孩提供从幼儿园到高中毕业阶段的免费教育。此外，甘华田还建议减轻育儿家庭医疗负担，实行岁以下儿童免费医疗，提高儿童健康水平和人口素质；运用好税收政策，在个人所得税征收中，关于抚养子女支出的专项附加扣除标准按照子女数量进行差异化个税抵扣，并且覆盖从怀孕到孩子年满周岁。在养育、教育成本之外，甘华田对多孩家庭住房保障问题也有关注。甘华田提出，针对多孩家庭出台住房保障政策，降低多孩家庭的养育成本。而从地方实践上，目前福建省龙岩市已出台《龙岩中心城区三孩家庭购买新建商品住房补贴实施办法》，助力缓解多孩家庭购房压力。如若实行上述一系列举措，其带来的医疗、教育成本是否会增加财政负担？对此，甘华田认为，随着我国经济实力的不断提升，综合国力的不断增强，费用应该是国家财政能够承受的。“这实际上是一个鼓励性的、引导性的政策，表明国家鼓励生育的决心，也充分彰显党和政府以人民为中心的为民情怀。”现状：多地探索生育支持措施以现金补贴和购房政策为主那么，为何建议为三孩提供免费教育，而不从二孩开始？甘华田表示，这是出于对财政负担的现实考虑。给三孩提供免费教育不会太增加国家财政负担，有可行性的同时，也起到了鼓励生育的作用。红星新闻记者检索发现，目前多地已经出台针对三孩的生育支持措施。比如，湖北荆门部分地区对三孩家庭给予一次性购房补贴万元。年月，湖北荆门市人民政府官网发布了《关于优化生育政策促进人口长期均衡发展的实施方案》，其中明确二孩、三孩家庭还可以受到住房政策支持。对夫妻双方中至少一方为荆门市户籍，在东宝区、荆门高新区掇刀区、漳河新区等三区购买首套或改善型普通住房的生育二孩及三孩家庭发放购房补贴，其中二孩家庭给予一次性补贴万元，三孩家庭给予一次性补贴万元；有两个及以上未成年子女的职工家庭在市里购买首套或改善型住房时，住房公积金购房贷款额度最高可达到规定限额的倍。湖南长沙对三孩及以上每孩一次性发放育儿补贴万元。年月，湖南长沙市委、市政府印发了《关于优化生育政策促进人口长期均衡发展的工作方案》。长沙市卫生健康委员会主任刘激扬在解读该方案时表示，夫妻双方共同依法生育三个及以上子女的本地户籍家庭，三孩及以上每孩可享受一次性育儿补贴万元。对依法生育两个及以上子女的本地户籍家庭，增加套购房指标。根据家庭未成年子女数量在户型选择等方面给予适当照顾。红星新闻记者王辰元张炎良北京报道,0.1864265084408592,2023-02-28 15:22:46
真金白银多地出台生育支持政策今年以来，已有多地陆续推进一系列积极生育支持措施，如发放生育津贴和育儿补贴，加强住房保障支持等。其中，云南、山东济南、湖南长沙、辽宁沈阳、黑龙江哈尔滨等多地发放“真金白银”。云南省印发《云南省生育支持项目实施方案》，年月日起，对符合政策条件的家庭发放一次性生育补贴，发放期限为年月日至年月日。《方案》明确了补贴标准，对符合政策条件的家庭发放一次性生育补贴二孩补贴元、三孩补贴元，育儿补助二孩、三孩岁期间每人每年补助元，对婴幼儿意外伤害险参保给予补贴婴幼儿岁期间每人每年补助元。今年月，山东省济南市发布《济南市优化生育政策促进人口长期均衡发展实施方案》。其中提出：本市户籍按照生育政策于年月日以后出生的二孩、三孩家庭，每孩每月发放元育儿补贴，对其中的最低生活保障、特困供养人员及领取失业保险金期间的生育妇女每月加发元育儿生活补贴，直至孩子周岁。湖南省长沙市去年月出台《关于优化生育政策促进人口长期均衡发展的工作方案》。报道称，《工作方案》创新性地推出一系列支持生育的惠民“组合拳”，力度大、覆盖广、标准高，直指群众生育的“痛点”。其中提出，发放一次性生育补贴。夫妻双方共同依法生育三个及以上子女的本地户籍家庭，三孩及以上每孩可享受一次性育儿补贴万元。据测算，每年需投入约万元。辽宁省沈阳市出台《实施积极生育支持措施促进人口长期均衡发展实施方案》。其中提出，对夫妻双方共同依法生育三个子女的本地户籍家庭，三孩每月发放元育儿补贴，直至孩子周岁止。黑龙江哈尔滨印发的《哈尔滨市优化生育政策促进人口长期均衡发展的实施方案》。《实施方案》明确，按政策生育第二个子女的家庭，每孩每月发放元育儿补贴；按政策生育第三个子女的家庭，每月每孩发放元育儿补贴，直至子女周岁。除了生育补贴，多地的《方案》中还明确提到了住房保障支持和产假等安排。山东济南在构建多方位支持体系方面，《实施方案》提出，落实符合规定生育子女的夫妻的休假政策，女方享受天产假，配偶享受不少于天陪产假，周岁以下婴幼儿父母各享受每年累计不少于天育儿假。对按照国家政策生育二孩的缴存职工家庭，申请住房公积金贷款购买首套自住住房的，一人缴存住房公积金的职工家庭最高可贷额度提高至万元，两人及以上缴存住房公积金的职工家庭最高可贷额度提高至万元；生育三孩的缴存职工家庭，申请住房公积金贷款购买首套自住住房的，一人缴存住房公积金的职工家庭最高可贷额度提高至万元，两人及以上缴存住房公积金的职工家庭最高可贷额度提高至万元。湖南长沙湖南省长沙市出台的《关于优化生育政策促进人口长期均衡发展的工作方案》指出，符合法定生育条件的夫妻，女方除享受国家规定的产假外增加产假天，男方享受护理假天。女方产假期满，经本人申请，用人单位批准，可以请假至婴儿周岁，请假期间的待遇由双方协商确定。依法生育的夫妻除享受育儿假（夫妻在子女满三周岁前每年各享受天育儿假）外，在子女周岁以内增加天亲子假。此外，对依法生育两个及以上子女的本地户籍家庭，增加套购房指标。根据家庭未成年子女数量在户型选择等方面给予适当照顾。同时，《工作方案》就保障女性就业合法权益、维护计划生育家庭的合法权益、健全计划生育特殊家庭全方位帮扶保障制度等作出了明确规定。辽宁沈阳提出，在配租公租房时，对于符合住房保障条件且有未成年子女的家庭，可以优先配租，可根据未成年子女数量在户型选择等方面给予适当照顾。落实支持多孩家庭购买自住住房的政策，对生育二孩、三孩未满周岁的居民家庭在沈阳行政区域内已拥有套住房的，可在我市限购区域内再购买套新建商品住房。对生育二孩、三孩未满周岁的住房公积金缴存职工家庭，使用住房公积金贷款购买自住房的，贷款限额可放宽到当期最高贷款额度的倍。黑龙江哈尔滨提出，健全支持生育的住房保障政策，政策内二孩及以上家庭，申请住房公积金贷款，连续缴存时间降低至半年。政策内生育第二个、第三个子女的家庭，在城区购买新建住房的，分别给予万元、万元的购房补贴，具体补贴办法按照相关要求执行。在配租公租房时，对符合我市保障性住房资格条件、有未成年子女且按政策生育二孩及以上的家庭，纳入实物配租优先保障范围。湖北荆门提出，对夫妻双方中至少一方为本市户籍，在东宝区、荆门高新区掇刀区、漳河新区等三区购买首套或改善型普通住房的生育二孩及三孩家庭发放购房补贴，其中二孩家庭给予一次性补贴万元，三孩家庭给予一次性补贴万元，所需补贴经费纳入财政预算，按所购住房区域由市、区财政各承担。（来源：中国新闻网）,0.0928827467515486,------
鼓励生育多地明确对二孩三孩家庭发放生育补贴梳理发现，多地陆续推进一系列积极生育支持措施，如发放生育津贴和育儿补贴，加强住房保障支持等。云南：二孩生育补贴元、三孩补贴元年月日，云南省委、省政府印发《关于优化生育政策促进人口长期均衡发展的实施方案》，明确自年月日起，对符合政策条件的家庭发放一次性生育补贴（二孩补贴元、三孩补贴元），育儿补助（二孩、三孩岁期间每人每年补助元），对婴幼儿意外伤害险参保给予补贴（婴幼儿岁期间每人每年补助元）。山东济南：每孩每月发放元育儿补贴根据《济南市优化生育政策促进人口长期均衡发展实施方案》，明确建立健全积极生育支持政策体系。济南市户籍年月日以后出生的二孩、三孩家庭，每孩每月发放元育儿补贴，对其中的最低生活保障、特困供养人员及领取失业保险金期间的生育妇女每月加发元育儿生活补贴，直至孩子周岁。对按照国家政策生育二孩的缴存职工家庭，申请住房公积金贷款购买首套自住住房的，一人缴存住房公积金的职工家庭最高可贷额度提高至万元，两人及以上缴存住房公积金的职工家庭最高可贷额度提高至万元；生育三孩的缴存职工家庭，申请住房公积金贷款购买首套自住住房的，一人缴存住房公积金的职工家庭最高可贷额度提高至万元，两人及以上缴存住房公积金的职工家庭最高可贷额度提高至万元。湖南长沙：一次性发放育儿补贴万元根据湖南长沙市委、市政府印发的《关于优化生育政策促进人口长期均衡发展的工作方案》。长沙市卫生健康委员会主任刘激扬在解读《工作方案》时表示，夫妻双方共同依法生育三个及以上子女的本地户籍家庭，三孩及以上每孩可享受一次性育儿补贴万元。对依法生育两个及以上子女的本地户籍家庭，增加套购房指标。根据家庭未成年子女数量在户型选择等方面给予适当照顾。辽宁沈阳：三孩每月发放元育儿补贴据辽宁沈阳市印发的《实施积极生育支持措施促进人口长期均衡发展实施方案》。方案在降低生育、养育和教育成本方面明确了六项支持政策，其中包括建立家庭育儿补贴制度，对夫妻双方共同依法生育三个子女的本地户籍家庭，三孩每月发放元育儿补贴，直至孩子周岁止；实施住房支持政策，对生育二孩、三孩未满周岁的居民家庭在沈阳行政区域内已拥有套住房的，可在沈阳市限购区域内再购买套新建商品住房。对生育二孩、三孩未满周岁的住房公积金缴存职工家庭，使用住房公积金贷款购买自住房的，贷款限额可放宽到当期最高贷款额度的倍。黑龙江哈尔滨：三个子女家庭每月每孩发放元育儿补贴根据黑龙江哈尔滨市印发的《哈尔滨市优化生育政策促进人口长期均衡发展的实施方案》，其中明确将完善生育支持政策措施，减轻养育负担。建立育儿补贴制度，减轻家庭育儿负担，按政策生育第二个子女的家庭，每孩每月发放元育儿补贴；按政策生育第三个子女的家庭，每月每孩发放元育儿补贴，直至子女周岁。此外，要求健全支持生育的住房保障政策，政策内二孩及以上家庭，申请住房公积金贷款，连续缴存时间降低至半年；政策内生育第二个、第三个子女的家庭，在城区购买新建住房的，分别给予万元、万元的购房补贴。湖北荆门：三孩家庭每月发放元住房补贴年月日，湖北荆门市人民政府官网发布了《关于优化生育政策促进人口长期均衡发展的实施方案》，其中明确要对三孩家庭加强财税政策支持，减免经济困难家庭入托、入园、入学等费用。对夫妻双方中至少一方为我市户籍、在市内医疗机构生育三孩的家庭，每月发放元育儿补贴，直至孩子满周岁。此外，二孩、三孩家庭还可以受到住房政策支持。对夫妻双方中至少一方为荆门市户籍，在东宝区、荆门高新区掇刀区、漳河新区等三区购买首套或改善型普通住房的生育二孩及三孩家庭发放购房补贴，其中二孩家庭给予一次性补贴万元，三孩家庭给予一次性补贴万元；有两个及以上未成年子女的职工家庭在我市购买首套或改善型住房时，住房公积金购房贷款额度最高可达到规定限额的倍。（人民日报健康客户端）,-0.3289207827896152,2023-02-20 20:07:04
多地发布鼓励生育新政策人民日报汇总报道云南：二孩生育补贴元、三孩补贴元年月日，云南省委、省政府印发《关于优化生育政策促进人口长期均衡发展的实施方案》，明确自年月日起，对符合政策条件的家庭发放一次性生育补贴（二孩补贴元、三孩补贴元），育儿补助（二孩、三孩岁期间每人每年补助元），对婴幼儿意外伤害险参保给予补贴（婴幼儿岁期间每人每年补助元）。山东济南：每孩每月发放元育儿补贴根据《济南市优化生育政策促进人口长期均衡发展实施方案》，明确建立健全积极生育支持政策体系。济南市户籍年月日以后出生的二孩、三孩家庭，每孩每月发放元育儿补贴，对其中的最低生活保障、特困供养人员及领取失业保险金期间的生育妇女每月加发元育儿生活补贴，直至孩子周岁。对按照国家政策生育二孩的缴存职工家庭，申请住房公积金贷款购买首套自住住房的，一人缴存住房公积金的职工家庭最高可贷额度提高至万元，两人及以上缴存住房公积金的职工家庭最高可贷额度提高至万元；生育三孩的缴存职工家庭，申请住房公积金贷款购买首套自住住房的，一人缴存住房公积金的职工家庭最高可贷额度提高至万元，两人及以上缴存住房公积金的职工家庭最高可贷额度提高至万元。湖南长沙：一次性发放育儿补贴万元根据湖南长沙市委、市政府印发的《关于优化生育政策促进人口长期均衡发展的工作方案》。长沙市卫生健康委员会主任刘激扬在解读《工作方案》时表示，夫妻双方共同依法生育三个及以上子女的本地户籍家庭，三孩及以上每孩可享受一次性育儿补贴万元。对依法生育两个及以上子女的本地户籍家庭，增加套购房指标。根据家庭未成年子女数量在户型选择等方面给予适当照顾。辽宁沈阳：三孩每月发放元育儿补贴据辽宁沈阳市印发的《实施积极生育支持措施促进人口长期均衡发展实施方案》。方案在降低生育、养育和教育成本方面明确了六项支持政策，其中包括建立家庭育儿补贴制度，对夫妻双方共同依法生育三个子女的本地户籍家庭，三孩每月发放元育儿补贴，直至孩子周岁止；实施住房支持政策，对生育二孩、三孩未满周岁的居民家庭在沈阳行政区域内已拥有套住房的，可在沈阳市限购区域内再购买套新建商品住房。对生育二孩、三孩未满周岁的住房公积金缴存职工家庭，使用住房公积金贷款购买自住房的，贷款限额可放宽到当期最高贷款额度的倍。黑龙江哈尔滨：三个子女家庭每月每孩发放元育儿补贴根据黑龙江哈尔滨市印发的《哈尔滨市优化生育政策促进人口长期均衡发展的实施方案》，其中明确将完善生育支持政策措施，减轻养育负担。建立育儿补贴制度，减轻家庭育儿负担，按政策生育第二个子女的家庭，每孩每月发放元育儿补贴；按政策生育第三个子女的家庭，每月每孩发放元育儿补贴，直至子女周岁。此外，要求健全支持生育的住房保障政策，政策内二孩及以上家庭，申请住房公积金贷款，连续缴存时间降低至半年；政策内生育第二个、第三个子女的家庭，在城区购买新建住房的，分别给予万元、万元的购房补贴。湖北荆门：三孩家庭每月发放元住房补贴年月日，湖北荆门市人民政府官网发布了《关于优化生育政策促进人口长期均衡发展的实施方案》，其中明确要对三孩家庭加强财税政策支持，减免经济困难家庭入托、入园、入学等费用。对夫妻双方中至少一方为我市户籍、在市内医疗机构生育三孩的家庭，每月发放元育儿补贴，直至孩子满周岁。此外，二孩、三孩家庭还可以受到住房政策支持。对夫妻双方中至少一方为荆门市户籍，在东宝区、荆门高新区掇刀区、漳河新区等三区购买首套或改善型普通住房的生育二孩及三孩家庭发放购房补贴，其中二孩家庭给予一次性补贴万元，三孩家庭给予一次性补贴万元；有两个及以上未成年子女的职工家庭在我市购买首套或改善型住房时，住房公积金购房贷款额度最高可达到规定限额的倍。,-0.7435138005594526,2023-02-21 07:29:57
鼓励生育多地明确对二孩、三孩家庭发放生育补贴多地陆续推进一系列积极生育支持措施，如发放生育津贴和育儿补贴，加强住房保障支持等。云南：二孩生育补贴元、三孩补贴元年月日，云南省委、省政府印发《关于优化生育政策促进人口长期均衡发展的实施方案》，明确自年月日起，对符合政策条件的家庭发放一次性生育补贴（二孩补贴元、三孩补贴元），育儿补助（二孩、三孩岁期间每人每年补助元），对婴幼儿意外伤害险参保给予补贴（婴幼儿岁期间每人每年补助元）。山东济南：每孩每月发放元育儿补贴根据《济南市优化生育政策促进人口长期均衡发展实施方案》，明确建立健全积极生育支持政策体系。济南市户籍年月日以后出生的二孩、三孩家庭，每孩每月发放元育儿补贴，对其中的最低生活保障、特困供养人员及领取失业保险金期间的生育妇女每月加发元育儿生活补贴，直至孩子周岁。对按照国家政策生育二孩的缴存职工家庭，申请住房公积金贷款购买首套自住住房的，一人缴存住房公积金的职工家庭最高可贷额度提高至万元，两人及以上缴存住房公积金的职工家庭最高可贷额度提高至万元；生育三孩的缴存职工家庭，申请住房公积金贷款购买首套自住住房的，一人缴存住房公积金的职工家庭最高可贷额度提高至万元，两人及以上缴存住房公积金的职工家庭最高可贷额度提高至万元。湖南长沙：一次性发放育儿补贴万元根据湖南长沙市委、市政府印发的《关于优化生育政策促进人口长期均衡发展的工作方案》。长沙市卫生健康委员会主任刘激扬在解读《工作方案》时表示，夫妻双方共同依法生育三个及以上子女的本地户籍家庭，三孩及以上每孩可享受一次性育儿补贴万元。对依法生育两个及以上子女的本地户籍家庭，增加套购房指标。根据家庭未成年子女数量在户型选择等方面给予适当照顾。辽宁沈阳：三孩每月发放元育儿补贴据辽宁沈阳市印发的《实施积极生育支持措施促进人口长期均衡发展实施方案》。方案在降低生育、养育和教育成本方面明确了六项支持政策，其中包括建立家庭育儿补贴制度，对夫妻双方共同依法生育三个子女的本地户籍家庭，三孩每月发放元育儿补贴，直至孩子周岁止；实施住房支持政策，对生育二孩、三孩未满周岁的居民家庭在沈阳行政区域内已拥有套住房的，可在沈阳市限购区域内再购买套新建商品住房。对生育二孩、三孩未满周岁的住房公积金缴存职工家庭，使用住房公积金贷款购买自住房的，贷款限额可放宽到当期最高贷款额度的倍。黑龙江哈尔滨：三个子女家庭每月每孩发放元育儿补贴根据黑龙江哈尔滨市印发的《哈尔滨市优化生育政策促进人口长期均衡发展的实施方案》，其中明确将完善生育支持政策措施，减轻养育负担。建立育儿补贴制度，减轻家庭育儿负担，按政策生育第二个子女的家庭，每孩每月发放元育儿补贴；按政策生育第三个子女的家庭，每月每孩发放元育儿补贴，直至子女周岁。此外，要求健全支持生育的住房保障政策，政策内二孩及以上家庭，申请住房公积金贷款，连续缴存时间降低至半年；政策内生育第二个、第三个子女的家庭，在城区购买新建住房的，分别给予万元、万元的购房补贴。湖北荆门：三孩家庭每月发放元住房补贴年月日，湖北荆门市人民政府官网发布了《关于优化生育政策促进人口长期均衡发展的实施方案》，其中明确要对三孩家庭加强财税政策支持，减免经济困难家庭入托、入园、入学等费用。对夫妻双方中至少一方为我市户籍、在市内医疗机构生育三孩的家庭，每月发放元育儿补贴，直至孩子满周岁。此外，二孩、三孩家庭还可以受到住房政策支持。对夫妻双方中至少一方为荆门市户籍，在东宝区、荆门高新区掇刀区、漳河新区等三区购买首套或改善型普通住房的生育二孩及三孩家庭发放购房补贴，其中二孩家庭给予一次性补贴万元，三孩家庭给予一次性补贴万元；有两个及以上未成年子女的职工家庭在我市购买首套或改善型住房时，住房公积金购房贷款额度最高可达到规定限额的倍。（原文链接鼓励生育多地明确对二孩、三孩家庭发放生育补贴）态度岛的微博视频,1.0,------
最新官方答疑：长沙离异单亲家庭享受二孩购房政策今年月上旬，长沙下发《依法生育两个及以上子女的本地户籍家庭购买商品住宅实施细则》，长沙市房产交易中心相关负责人强调，根据《实施细则》，由于二孩以上家庭增加套购房指标，在享受购房政策的二孩及以上本市户籍家庭，需同时满足以下展开,0.2143956921032968,2023-02-20 10:22:47
接连发布重磅新政，长沙楼市正起变化春节前十天，长沙楼市连续发布重磅新闻。先是月日起《依法生育两个及以上子女的本地户籍家庭购买商品住宅实施细则》实施。“长沙依法生育二孩及以上本地户籍家庭，增加套购房指标”落地。再是月日消息，《关于强省会人才购房实施细则》近日印发。周岁（含）以下的，具有专科及以上学历（博士、硕士学历不限年龄）或中级及以上专业技术资格（高级专业技术资格不限年龄）的人才，落户长沙并缴纳社保或个税后，可在限购区域内购买首套商品住房。这两条新政的核心，都直指限购放松。很明显，在新一轮楼市政策优化的浪潮里，长沙终于也撕开了口子。那么，新政实施之后，楼市又将发生什么变化？房票春节前接连发布的两条新政，最为明显的是，带来了购房资格的改变。前者，主要面向改善群体。长沙依法生育二孩及以上本地户籍家庭，增加套购房指标。不仅仅是二孩及以上家庭，事实上，去年以来，长沙多次优化了改善群体的购房政策。还比如以租换购，首套房网签四年后可购房套等。后者，直接扩充了刚需群体。周岁以下专科及以上的人才落户，且在购房当月有社保和个税记录的，可在限购区域内购买首套商品住房。此前，则需要落户与社保或个税均满一年。也正因为这项改变，被业内广泛看作是年以来，长沙楼市调控政策中覆盖面最广，力度最大的一次。人才购房条件的放宽，将直接加强长沙对人才的吸引力，尤其是引流市州及外地人口落户长沙。与之同时而来的是，一大批房票将进入长沙。新政实施后，今年长沙楼市的理论房票，远超此前第三方机构测算的万张。整体来看，长沙去年至今出台的优化政策，做到了支持刚性和改善性住房需求。长沙房产长沙房事儿（：潇湘晨报）,0.0919214182035423,2023-02-20 10:15:33
长沙：二孩及以上本地户籍家庭增加套购房指标长沙市住建局、市卫健委、市公安局三部门今日联合下发的《依法生育两个及以上子女的本地户籍家庭购买商品住宅实施细则》明确，依法生育两个及以上子女的长沙市户籍家庭，符合二孩及以上家庭购房政策认定条件的，可在原有家庭限购套的基础上增加套购房指标。（观察者网）,-0.0915526463352645,2023-02-20 10:28:24
长沙：二孩及以上本地户籍家庭增加套购房指标长沙市住建局、市卫健委、市公安局三部门今日联合下发的《依法生育两个及以上子女的本地户籍家庭购买商品住宅实施细则》明确，依法生育两个及以上子女的长沙市户籍家庭，符合二孩及以上家庭购房政策认定条件的，可在原有家庭限购套的基础上增加套购展开,-0.3537553810639848,2023-02-20 10:26:59
湖南消费投诉已通过长沙二孩及以上家庭增加套购房指标，正按程序报备“对依法生育两个及以上子女的本地户籍家庭，增加套购房指标。根据家庭未成年子女数量在户型选择等方面给予适当照顾。”这是去年长沙市委、市政府《关于优化生育政策促进人口长期均衡发展的工作方案》对外公布后，长沙楼市关注的热门热点。那么，这一政策何时落地实施？月日，长沙市住房和城乡建设局在问政湖南上回复网友消息称，相关政策已通过市政府常务会议审议，正在按程序报备。,0.2725092367151718,2023-02-20 13:26:44
实时快报：长沙依法生育二孩及以上本地户籍家庭增加套购房指标云财经讯，长沙市政府常务会议日前审议通过了《依法生育两个及以上子女的本地户籍家庭购买商品住宅实施细则》，目前《实施细则》已完成备案，即日起实施。政策的适用对象为依法生育两个及以上子女的长沙本市户籍家庭，符合二孩及以上家庭购房政策认定条件的，可在原有家庭限购套的基础上增加套购房指标，长沙户籍家庭购买限购区域第三套商品住房不受缴交社保或个税、房屋网签或办理不动产证时间等限制。,0.3431266170119536,2023-02-20 10:21:48
长沙孩及以上家庭增加套购房指标长沙对孩及以上家庭增加套购房指标，已通过市政府常务会议审议，正按程序报备“对依法生育两个及以上子女的本地户籍家庭，增加套购房指标。根据家庭未成年子女数量在户型选择等方面给予适当照顾。”这是去年长沙市委、市政府《关于优化生育政策促进人口长期均衡发展的工作方案》（简称工作方案）对外公布后，长沙楼市关注的热门热点。那么，这一政策何时落地实施？月日，长沙市住房和城乡建设局在问政湖南上回复网友消息称，相关政策已通过市政府常务会议审议，正在按程序报备。潇湘晨报的微博视频,-0.5765634833308542,2023-02-20 11:42:31
晚安郑州中牟多子女家庭购房最高补贴万深圳国资委：必要时通过一切可能手段支持万科联合国已有名雇员在加沙丧生更多晚间新闻戳网页链接,0.2990774067813107,2023-11-06 21:51:12
最高万中牟发布多子女家庭购房补贴办法月日，中牟发布多子女家庭购房补贴办法。符合国家生育政策生育二孩、三孩且子女未成年的家庭，年月日至年月日（含起止日）期间，在中牟县范围购买新建商品住房（不含安置房、公租房、经适房）并完成契税缴纳（以购房合同网签时间为准）。展开,-0.2325860924959016,2023-11-06 23:31:17
最高万中牟发布多子女家庭购房补贴办法根据市住房保障局、市财政局等部门联合印发的《关于进一步促进房地产市场平稳健康发展的通知》（郑房号），为落实多子女家庭购房补贴政策，做好多子女家庭购房补贴申领、发放等工作，更好满足辖区居民刚性和改善性住房需求，现就我县多子女家庭购房补贴办法通告如下：适用范围符合国家生育政策生育二孩、三孩且子女未成年的家庭，年月日至年月日（含起止日）期间，在中牟县范围购买新建商品住房（不含安置房、公租房、经适房）并完成契税缴纳（以购房合同网签时间为准）。补贴标准二孩家庭给予一次性万元套的购房补贴；三孩家庭给予一次性万元套的购房补贴。申请程序按照“购房人申请、完成审核、依次发放”的原则，按照下列程序申请。自通告发布之日起，补贴范围内的购房业主本人，可携带申报材料到中牟县房产大厦政务服务中心一楼大厅办理（咨询电话：）；收到申请后个工作日内完成审核；依据核准结果将补贴资金全额拨付至申请人个人账户。申报材料多子女家庭购房补贴申请表；身份证（验原件，收复印件）；户口簿（验原件，收复印件）；夫妻二人结婚证复印件（验原件，收复印件）；网签备案的《商品房买卖合同》（验原件，收“买卖合同信息备案摘要”页复印件）；契税完税凭证（验原件，收复印件）；购房人银行卡（复印件）。有关事项提出申请购房补贴，申请人必须是购房人本人，购房补贴以货币形式一次性发放，每个家庭只能享受一次。购房补贴资金申领受理期限自通告发布之日至年月日截止。凡是符合申请补贴条件的购房者，在规定时间内未申领补贴的，一律不再办理。补贴发放后，如出现退房、退款等解除《商品房买卖合同》的情况，应在《商品房买卖合同》解除前，按照申请途径自行退回购房补贴。对不配合退回购房补贴的，按有关规定处理并依法纳入个人征信系统。在办理补贴申请时，购房人提供虚假材料、虚假冒领、骗取财政补贴的，一经查实，按有关规定处理，构成犯罪的，移交司法机关处理。郑州市发布消费提醒,0.2633295356616829,------
河南周口出台购房补贴新政近日，周口市住建部门发布“关于办理周口市中心城区商品住房购房补贴的公告”，将多个群体纳入购房补贴范围，进一步激活购房消费。公告中提到，对有未成年子女的二孩、三孩家庭群体，分别给予二孩元补贴、三孩元补贴；三年内新毕业的本科生、大专生，分别给予展开,0.1198310825740926,2023-11-06 15:47:41
郑州一地多孩家庭购房每套最高补贴万郑州高新区发布多子女家庭购房补贴办法最高补贴万元套近日，郑州高新技术产业开发区管委会发布关于年多子女家庭购房补贴办法的通告。对于符合国家生育政策生育二孩、三孩且子女未成年的家庭，年月日至年月日（含起止日）期间，在高新区范围购买新建商品住房（不含安置房、公租房、经适房）并完成契税缴纳（以购房合同网签时间为准）的，二孩家庭给予一次性万元套的购房补贴；三孩家庭给予一次性万元套的购房补贴。,-0.129443846162154,------
郑州高新区多孩家庭购房每套最高补贴万郑州高新区发布多子女家庭购房补贴办法最高补贴万元套据“郑州高新发布”，近日，郑州高新技术产业开发区管委会发布关于年多子女家庭购房补贴办法的通告。对于符合国家生育政策生育二孩、三孩且子女未成年的家庭，年月日至年月日（含展开,0.2312746753909663,2023-11-06 15:25:33
郑州高新区多孩家庭购房每套最高补贴万郑州高新区发布多子女家庭购房补贴办法最高补贴万元套据“郑州高新发布”，近日，郑州高新技术产业开发区管委会发布关于年多子女家庭购房补贴办法的通告。对于符合国家生育政策生育二孩、三孩且子女未成年的家庭，年月日至年月日（含起止日）期间，在高新区范围购买新建商品住房（不含安置房、公租房、经适房）并完成契税缴纳（以购房合同网签时间为准）的，二孩家庭给予一次性万元套的购房补贴；三孩家庭给予一次性万元套的购房补贴。,-0.9944524970640342,------
湖北大冶：购房补贴政策基础上三孩家庭可再获元平米奖补财联社月日电，湖北省黄石市大冶市出台《关于推进以县城为重要载体的新型城镇化建设，进一步促进我市房地产市场平稳健康发展的若干措施》，涉及购房补贴、支持多子女家庭购房等项措施。《措施》提出，对大冶市社区居民在大冶城区购买首套新建普通商品住房建筑面积平方米以下的，给予元平方米补贴。对政策执行期限内，生育二孩、三孩家庭购买新建商品住房的，在享受购房款补贴政策基础上，再分别给予元平方米、元平方米奖补。,1.0,2023-10-27 05:48:39
湖北大冶三孩家庭可多获元每平米奖补据微信公众号“大冶发布”消息，近日，湖北省黄石市大冶市出台《关于推进以县城为重要载体的新型城镇化建设，进一步促进我市房地产市场平稳健康发展的若干措施》，涉及购房补贴、支持多子女家庭购房等项措施。《措施》有效期年，执行期限为年月日至年月日。《措施》提出，对本市社区居民在大冶城区购买首套新建普通商品住房（建筑面积平方米以下）的，给予元平方米补贴。对非大冶户籍人员在本市购买首套新建普通商品住房（建筑面积平方米以下）的，给予元平方米补贴；对本市农村居民在大冶城区、建制镇购买首套新建普通商品住房（建筑面积平方米以下）的，分别给予元平方米、元平方米补贴，并享受同等教育、就业、医疗、养老等待遇。文件还提出，对政策执行期限内，生育二孩、三孩家庭购买新建商品住房的，在享受购房款补贴政策基础上，再分别给予元平方米、元平方米奖补。,0.6394428338527983,2023-10-27 08:38:29
最高万一次性发放高新区发布多子女家庭购房补贴办法根据市住房保障局、市财政局等部门联合印发的《关于进一步促进房地产市场平稳健康发展的通知》（郑房号），为落实多子女家庭购房补贴政策，做好多子女家庭购房补贴申领、发放等工作，更好满足辖区居民刚性和改善性住房需求，展开,-0.5533201606616879,------
最高万一次性发放高新区发布多子女家庭购房补贴办法根据市住房保障局、市财政局等部门联合印发的《关于进一步促进房地产市场平稳健康发展的通知》（郑房号），为落实多子女家庭购房补贴政策，做好多子女家庭购房补贴申领、发放等工作，更好满足辖区居民刚性和改善性住房需求，现就我区多子女家庭购房补贴办法通告如下：一、适用范围符合国家生育政策生育二孩、三孩且子女未成年的家庭，年月日至年月日（含起止日）期间，在高新区范围购买新建商品住房（不含安置房、公租房、经适房）并完成契税缴纳（以购房合同网签时间为准）。二、补贴标准二孩家庭给予一次性万元套的购房补贴；三孩家庭给予一次性万元套的购房补贴。三、申请程序按照“购房人申请、完成审核、依次发放”的原则，按照下列程序申请。（一）自通告发布之日起，补贴范围内的购房业主本人，可携带申报材料到郑州高新区政务服务中心二楼号窗口办理（咨询电话：）。（二）收到申请后个工作日内完成审核。（三）依据核准结果将补贴资金全额拨付至申请人个人账户。四、申报材料多子女家庭购房补贴申请审核表（原件，一式三份）身份证（验原件，收复印件）户口簿（验原件，收复印件）夫妻二人结婚证复印件（验原件，收复印件）子女出生医学证明（验原件，收复印件）子女生育证或生育登记服务证（验原件，收复印件）网签备案的《商品房买卖合同》（验原件，收“买卖合同信息备案摘要”页复印件）契税完税凭证（验原件，收复印件）购房人银行卡（复印件）五、有关事项提出申请购房补贴，申请人必须是购房人本人，购房补贴以货币形式一次性发放，每个家庭只能享受一次。购房补贴资金申领受理期限自通告发布之日至年月日截止。凡是符合申请补贴条件的购房者，在规定时间内未申领补贴的，一律不再办理。补贴发放后，如出现退房、退款等解除《商品房买卖合同》的情况，应在《商品房买卖合同》解除前，按照申请途径自行退回购房补贴。对不配合退回购房补贴的，按有关规定处理并依法纳入个人征信系统。在办理补贴申请时，购房人提供虚假材料、虚假冒领、骗取财政补贴的，一经查实，按有关规定处理，构成犯罪的，移交司法机关处理。,-0.0203415472416793,2023-10-24 11:18:27
福建房价地图出炉刚刚，厦门发布关于进一步优化房地产市场相关政策的通知：在思明区、湖里区购买商品住房，不再审核购房人资格。贷款购买思明区、湖里区商品住房的居民家庭，首套住房商业性个人住房贷款最低首付款比例为，二套住房商业性个人住房贷款最低首付款比例为。多子女家庭（二孩及以上）购买的第二套住房认定为首套，购买的第三套住房认定为二套。（来源：厦门市住房保障和房屋管理局）,0.1177572727026681,2023-11-16 08:36:02
厦门全面取消买房限购权威解读、不再审核购房人资格；、首套住房商业性个人住房贷款最低首付款比例为；、多子女家庭（二孩及以上）购买的第二套住房认定为首套；、异地住房公积金缴存职工家庭可向我市申请住房公积金贷款用于购买本市住房等。更多网页链接厦门日报的微博视频,0.0001855040276054,2023-11-16 08:33:31
厦门岛内、岛外买房全面取消限购多子女家庭购买第二套住房认定为首套。厦门房价本就不便宜，你看看放开之后会涨吗？老老实实发展经济吧，别再盯着房子了,0.0,2023-11-16 01:23:56
厦门岛内、岛外买房全面取消限购多子女家庭购买第二套住房认定为首套,-6.248373565776465e-05,2023-11-16 02:09:45
福建房价地图出炉刚刚，厦门发布关于进一步优化房地产市场相关政策的通知：在思明区、湖里区购买商品住房，不再审核购房人资格。贷款购买思明区、湖里区商品住房的居民家庭，首套住房商业性个人住房贷款最低首付款比例为，二套住房商业性个人住房贷款最低首付款比例为。多子女家庭（二孩及以展开,-0.0929746608007593,2023-11-16 00:37:08
厦门多子女家庭二孩及以上购买的第二套住房认定为首套厦门市住房保障和房屋管理局发布关于进一步优化房地产市场相关政策的通知。在思明区、湖里区购买一手、二手商品住房，不再审核购房人资格，限售措施保持不变。优化家庭住房套数认定标准。在厦门市辖区范围内，多子女家庭（二孩及以上）购买的第二套住房认定为首套，购买的第三套住房认定为二套。（厦门市住房保障和房屋管理局）,0.0027928661933933,2023-11-16 07:26:45
厦门全面取消买房限购权威解读、不再审核购房人资格；、首套住房商业性个人住房贷款最低首付款比例为；、多子女家庭（二孩及以上）购买的第二套住房认定为首套；、异地住房公积金缴存职工家庭可向我市申请住房公积金贷款用于购买本市住房等。更多网页链接展开,0.0320873751602556,2023-12-19 07:44:39
多子女家庭购买的第二套住房认定为首套这是鼓励买房又鼔励生娃啊，这措施一举两得强,0.0016560158439973,2023-11-16 01:32:48
厦门多子女家庭购二套房认定为首套厦门：多子女家庭（二孩及以上）购买的第二套住房认定为首套厦门市住房保障和房屋管理局发布关于进一步优化房地产市场相关政策的通知。在思明区、湖里区购买一手、二手商品住房，不再审核购房人资格，限售措施保持不变。优化家庭住房套数认定标准。在厦门市辖区展开,0.000362393070376,2023-11-16 08:24:11
这是高招啊，体制内有能人，既卖房子又提高出生率，希望再多出实招，对老百姓有利的招儿厦门：多子女家庭（二孩及以上）购买的第二套住房认定为首套厦门市发布进一步优化房地产市场相关政策。其中包括：在思明区、湖里区购买一手、二手商品住房，不再审核购房人资格，限售措施保持不变。优化家庭住房套数认定标准。在厦门市辖区范围内，多子女家庭（二孩及以上）购买的第二套住房认定为首套，购买的第三套住房认定为二套。万科上证指数,0.0753508624385365,2023-11-16 08:52:15
厦门：多子女家庭（二孩及以上）购买的第二套住房认定为首套厦门多子女家庭购买二套房可被认定首套厦门市促进房地产市场平稳健康发展领导小组办公室发布《关于进一步优化房地产市场相关政策的通知》。其中明确，在厦门市辖区范围内，多子女家庭（二孩及以上）购买的第二套住房认定为首套，购买的第三套住房认定为二套。多子女家庭根据政府相关部门出具的住房套数认定证明，向银行申请商业性个人住房贷款。有关部门按照现行政策适时组织配套执行。住房套数认定未涉及住房税收政策。（界面新闻）,0.0057914442769201,2023-11-24 11:01:59
这是高招啊，体制内有能人，既卖房子又提高出生率，希望再多出实招，对老百姓有利的招儿厦门：多子女家庭（二孩及以上）购买的第二套住房认定为首套厦门市发布进一步优化房地产市场相关政策。其中包括：在思明区、湖里区购买一手、二手商品住房，不再审核购房人资格，限售措施保持不变。优化家庭展开,-0.0214600292722238,2023-11-17 14:13:00
厦门：多子女家庭（二孩及以上）购买的第二套住房认定为首套厦门多子女家庭购买二套房可被认定首套厦门市促进房地产市场平稳健康发展领导小组办公室发布《关于进一步优化房地产市场相关政策的通知》。其中明确，在厦门市辖区范围内，多子女家庭（二孩及以上）购买的第二套住房认定为首套，购买的展开,0.0219827300104347,2023-11-16 19:51:24
厦门多子女家庭第二套住房认定为首套据界面新闻报道：厦门市促进房地产市场平稳健康发展领导小组办公室发布《关于进一步优化房地产市场相关政策的通知》。其中明确，在厦门市辖区范围内，多子女家庭（二孩及以上）购买的第二套住房认定为首套，购买的第三套住房认定为二套。多子女家庭根据政府相展开,-0.6647239265711717,2023-11-16 12:40:57
厦门已全面取消限购厦门多子女家庭二套房认定为首套刚刚，厦门发布关于进一步优化房地产市场相关政策的通知：在思明区、湖里区购买商品住房，不再审核购房人资格。贷款购买思明区、湖里区商品住房的居民家庭，首套住房商业性个人住房贷款最低首付款比例为，二套住房商业性个人住房贷款最低展开,1.0,2023-11-16 11:22:15
权威政策解读：厦门全面取消限购在思明区、湖里区购买一手、二手商品住房，不再审核购房人资格，限售措施保持不变。对于贷款购买思明区、湖里区商品住房的居民家庭，首套住房商业性个人住房贷款最低首付款比例为，二套住房商业性个人住房贷款最低首付款比例为。在我市辖区范围内，多子女家庭（二孩及以上）购买的第二套住房认定为首套，购买的第三套住房认定为二套。更多详情厦门买房全面取消限购（厦门市住房保障和房屋管理局）,-0.0009854179593541,2023-11-16 10:16:03
厦门岛内、岛外买房全面取消限购多子女家庭购买第二套住房认定为首套财联社月日电，厦门市发布进一步优化房地产市场相关政策。其中包括：在思明区、湖里区购买一手、二手商品住房，不再审核购房人资格，这也意味着在厦门岛内、岛外买房全面取消限购。限售措施保持不变。对于贷款购买思明区、湖里区商品住房的居民家庭，首套住房商业性个人住房贷款最低首付款比例为，二套住房商业性个人住房贷款最低首付款比例为。优化家庭住房套数认定标准。在厦门市辖区范围内，多子女家庭（二孩及以上）购买的第二套住房认定为首套，购买的第三套住房认定为二套。来自财联社,-0.0215598641445192,2023-11-16 10:14:44
厦门多子女家庭买二套房认定为首套厦门市促进房地产市场平稳健康发展领导小组办公室发布《关于进一步优化房地产市场相关政策的通知》。其中明确，在厦门市辖区范围内，多子女家庭（二孩及以上）购买的第二套住房认定为首套，购买的第三套住房认定为二套。多子女家庭根据政府相关部门出具的住房套数认定证明，向银行申请商业性个人住房贷款。有关部门按照现行政策适时组织配套执行。住房套数认定未涉及住房税收政策。（厦门市住房保障和房屋管理局）,-0.0076867827012969,2023-11-16 09:49:32
厦门多子女家庭第二套住房认定为首套据界面新闻报道：厦门市促进房地产市场平稳健康发展领导小组办公室发布《关于进一步优化房地产市场相关政策的通知》。其中明确，在厦门市辖区范围内，多子女家庭（二孩及以上）购买的第二套住房认定为首套，购买的第三套住房认定为二套。多子女家庭根据政府相关部门出具的住房套数认定证明，向银行申请商业性个人住房贷款。有关部门按照现行政策适时组织配套执行。住房套数认定未涉及住房税收政策。关于进一步优化房地产市场相关政策的通知各相关单位：为贯彻落实党中央、国务院决策部署，坚持房子是用来住的、不是用来炒的定位，适应房地产市场供求关系发生重大变化的新形势，加大保障性住房建设和供给，让商品住房回归商品属性，更好满足改善性住房需求，促进“稳地价、稳房价、稳预期”，推动房地产业转型和高质量发展，现将有关事项通知如下：一、调整思明区、湖里区调控措施在思明区、湖里区购买商品住房，不再审核购房人资格（商品住房项目土地出让合同中另有约定的除外）。二、适时调整思明区、湖里区住房贷款政策适时调整优化思明区、湖里区首套和二套住房商业性个人住房贷款最低首付比例和利率下限。三、优化家庭住房套数认定标准在我市辖区范围内，调整优化多子女家庭（二孩及以上）住房套数认定标准。有关部门按照现行政策适时组织配套执行。四、优化住房公积金提取及贷款政策阶段性支持住房公积金异地贷款（执行至年月日）。允许缴存人按年提取住房公积金偿还住房贷款本金。完善住房公积金贷款缩期，支持住房公积金贷款展期和变更还款方式。五、提升商品住宅品质支持房地产开发企业针对购房人需求提供不同档次装修标准，提升住宅品质，实现差异化产品供给。鼓励住宅户型设计创新，探索推行高品质、低强度的绿色、生态、科技住宅小区。六、降低开发企业成本支持企业使用银行保函缴纳土地竞买保证金，加快土拍后土地竞买保证金退还，免除新出让商住用地土地出让金支付期限内的利息。七、支持开发企业加快销售延续商品住房预售许可工程形象进度标准支持政策，《关于调整商品住房预售许可工程形象进度标准的通知》（厦房号）实施期限延至年月日。本通知自发布之日起实施。厦门市促进房地产市场平稳健康发展领导小组办公室年月日,0.6083346984909388,2023-11-16 09:15:37
厦门多子女家庭购买第二套住房认定为首套厦门多子女家庭二孩及以上购买的第二套住房认定为首套厦门市住房保障和房屋管理局发布关于进一步优化房地产市场相关政策的通知。在思明区、湖里区购买一手、二手商品住房，不再审核购房人资格，限售措施保持不变。优化家庭住房套数认定标准。在厦门市辖区范围内，多子女家庭（二孩及以上）购买的第二套住房认定为首套，购买的第三套住房认定为二套。（厦门市住房保障和房屋管理局）,0.0046950832130281,2023-11-16 09:15:33
厦门：多子女家庭（二孩及以上）购买的第二套住房认定为首套厦门市发布进一步优化房地产市场相关政策。其中包括：在思明区、湖里区购买一手、二手商品住房，不再审核购房人资格，限售措施保持不变。优化家庭住房套数认定标准。在厦门市辖区范围内，多子女家庭（二孩及以上）购买的第二套住房认定为首套，购买的第三套住房认定为二套。,-0.0087704623584471,2023-11-16 09:14:56
厦门多子女家庭购买的第二套住房认定为首套厦门：多子女家庭（二孩及以上）购买的第二套住房认定为首套财联社月日电，厦门市发布进一步优化房地产市场相关政策。其中包括：在思明区、湖里区购买一手、二手商品住房，不再审核购房人资格，限售措施保持不变。对于贷款购买思明区、湖里区商品住房的居民家庭，首套住房商业性个人住房贷款最低首付款比例为，二套住房商业性个人住房贷款最低首付款比例为。优化家庭住房套数认定标准。在厦门市辖区范围内，多子女家庭（二孩及以上）购买的第二套住房认定为首套，购买的第三套住房认定为二套。,0.0059151797359004,2023-11-16 09:14:19
厦门多子女家庭购二套房认定为首套厦门：多子女家庭（二孩及以上）购买的第二套住房认定为首套厦门市住房保障和房屋管理局发布关于进一步优化房地产市场相关政策的通知。在思明区、湖里区购买一手、二手商品住房，不再审核购房人资格，限售措施保持不变。优化家庭住房套数认定标准。在厦门市辖区范围内，多子女家庭（二孩及以上）购买的第二套住房认定为首套，购买的第三套住房认定为二套。,-0.0032659670769469,2023-11-16 09:07:03
划重点，多子女。厦门多子女家庭二孩及以上购买的第二套住房认定为首套，首套住房商业性个人住房贷款最低首付款比例为，二套住房商业性个人住房贷款最低首付款比例为。,0.0039773384176188,2023-11-16 09:04:05
厦门多子女家庭购买的第二套住房认定为首套厦门：多子女家庭（二孩及以上）购买的第二套住房认定为首套厦门市发布进一步优化房地产市场相关政策。其中包括：在思明区、湖里区购买一手、二手商品住房，不再审核购房人资格，限售措施保持不变。优化家庭住房套数认定标准。在厦门市辖区范围内，多子女家庭（二孩及以上）购买的第二套住房认定为首套，购买的第三套住房认定为二套。厦门多子女家庭购买第二套住房认定为首套,0.0008732211574387,2023-11-16 08:57:25
厦门：多子女家庭（二孩及以上）购买的第二套住房认定为首套厦门市发布进一步优化房地产市场相关政策。其中包括：在思明区、湖里区购买一手、二手商品住房，不再审核购房人资格，限售措施保持不变。优化家庭住房套数认定标准。在厦门市辖区范围内，多子女家庭（二孩及以上）购买的第二套住房认定为展开,0.000670121932727,2023-11-16 08:51:58
厦门：多子女家庭（二孩及以上）购买的第二套住房认定为首套月日讯，厦门市发布进一步优化房地产市场相关政策。其中包括：在思明区、湖里区购买一手、二手商品住房，不再审核购房人资格，限售措施保持不变。优化家庭住房套数认定标准。在厦门市辖区范围内，多子女家庭（二孩及以上）购买的第二套住房认定为首套，购买的第三套住房认定为二套。（来自汇通财经）,0.0001762182711116,2023-11-16 08:51:41
厦门多子女家庭买的第二套住房认定为首套厦门市发布进一步优化房地产市场相关政策。其中包括：在思明区、湖里区购买一手、二手商品住房，不再审核购房人资格，限售措施保持不变。优化家庭住房套数认定标准。在厦门市辖区范围内，多子女家庭（二孩及以上）购买的第二套住房认定为首套，购买的第三套住房认定为二套。,0.0019960074715725,2023-11-16 08:47:38
厦门多子女家庭购买的第二套住房认定为首套厦门：多子女家庭（二孩及以上）购买的第二套住房认定为首套厦门市发布进一步优化房地产市场相关政策。其中包括：在思明区、湖里区购买一手、二手商品住房，不再审核购房人资格，限售措施保持不变。优化家庭住房套数认定标准。在厦门市辖区范围内，多子展开,0.0009651952151002,2023-11-16 08:47:07
厦门多子女家庭买的第二套住房认定为首套厦门市发布进一步优化房地产市场相关政策。其中包括：在思明区、湖里区购买一手、二手商品住房，不再审核购房人资格，限售措施保持不变。优化家庭住房套数认定标准。在厦门市辖区范围内，多子女家庭（二孩及以上）购买的第二套住房认定为首套，购买的第三展开,0.0001794815724284,2023-11-16 08:40:28
任泽平建议：增加大城市住宅土地供应，给予有孩家庭购房补贴近日，经济学家任泽平发文指出，年结婚登记对数下降到万对，连续八年下降。另外，初婚年龄大幅推迟。年安徽省初婚平均年龄分别为男岁，女岁。他认为，结婚人数下降的原因一是年轻人数量下降，二是适婚人口男多女少，三是养育成本高，四是结婚成本高，五是社会竞争激烈、就业压力大，六是年轻一代的婚姻观念已经发生改变。任泽平建议，增加大城市住宅土地供应，给予有孩家庭购房补贴；降低生育、养育、教育成本；建立男女平等、生育友好的社会支持系统；放宽收养和送养条件；保障单身女性生育权。中国网财经的微博视频,0.000115032583005,2023-02-08 19:39:08
威海身边事重磅威海出台促进房地产市场良性循环和平稳健康发展相关政策近日，从我市相关部门了解，为落实国家、省相关精神，坚持房住不炒、因城施策，我市出台相关政策，全力满足居民合理住房需求，进一步促进房地产市场良性循环和平稳健康发展。一是实施阶段性购房契税补贴。自年月日至年月日期间，个人在我市购买新建商品住房，且在年月日前足额交纳契税的，可给予一定补贴，单套补贴最高不超过万元。二是加大二孩及以上家庭购房支持力度。自年月日至年月日期间，有未成年子女的二孩及以上的本市户籍居民家庭在我市购买新建商品住房的，按照建筑面积给予一定补助，单套补助最高不超过万元，补助资金在办理不动产权证后发放。三是优化征收补偿。在我市城市更新、工程建设、棚户区改造等征收中，对货币化安置的居民，可自愿选择“房票”安置。持“房票”可在全市范围内购买新建商品房。选择“房票”安置的，在兑现“房票”安置后，可由购买新建商品房所在地财政给予适当奖励。四是优化房屋租赁政策。继续实施对新就业无房职工可累积发放不超过个月的阶段性住房租赁补贴政策，最低补贴标准为每月元。盘活闲置公共租赁住房，面向城镇医疗卫生、教育、公交、环卫、物业等公共服务行业人员定向供给，放宽申请条件，取消缴纳年以上的社保限制和收入审核，由用人单位集中申报。五是动态调整新发放首套住房商业性个人住房贷款利率下限。严格落实新发放首套住房个人住房贷款利率政策动态调整长效机制的相关精神，评估期内全市新建商品住宅销售价格环比和同比连续个月均下降时，立即启动动态调整机制，视情况采取阶段性维持、下调或取消我市首套住房商业性个人住房贷款利率下限。六是深入开展精准营销活动。围绕市内市外“两个市场”，优化房地产营销措施，搭建线上与线下相结合的房地产展示和交易平台，集中展示优质精致楼盘项目。持续开展人才安居节活动，组织各行业人才精准对接探盘。组织开发企业到热点和重点城市举行项目推介。七是调整商品房套型和使用性质。对具备开工条件尚未开工的商品房项目、以及在建商品房项目，在不改变用地性质和容积率前提下，允许无拖欠农民工工资问题的开发企业适当调整套型结构，以适应市场需求。支持存量商品房向文化体育、健康养老、教育医疗、众创空间等用房转型利用。八是加快完善公共服务配套。优化完善教育、养老、医疗、体育、公园等公共配套服务设施布局，提高土地配套成熟度，及时出让公共服务用地，加快项目建设进度。九是精准引导项目提升品质。新出让土地，在开发项目建设条件意见书中明确绿色建筑、装配式建筑、健康建筑、超低能耗建筑、智慧社区、海绵城市等高品质住宅建设条件。建设绿色住宅的按照国家有关法规和规范性文件规定，在容积率计算方面给予支持。鼓励推广公建化外立面、设置架空层，引导提升绿化、车库等配套设施设计档次，提高住宅环境配套和物业服务水平。（备注：具体操作办法另行发布）来源：威海市住建局,0.0247769446589086,------
任泽平建议：增加大城市住宅土地供应，给予有孩家庭购房补贴近日，经济学家任泽平发文指出，年结婚登记对数下降到万对，连续八年下降。另外，初婚年龄大幅推迟。年安徽省初婚平均年龄分别为男岁，女岁。他认为，结婚人数下降的原因一是年轻人数量下降，二是适婚人口男多女少，三是养育成本高，四是结婚成本高，五是社会竞争激烈、就业压力大，六是年轻一代的婚姻观念已经发生改变。任泽平建议，增加大城市住宅土地供应，给予有孩家庭购房补贴；降低生育、养育、教育成本；建立男女平等、生育友好的社会支持系统；放宽收养和送养条件；保障单身女性生育权。：中国网财经的微博视频,0.0065197887541466,2023-02-09 08:28:42
大咖说房任泽平建议：增加大城市住宅土地供应，给予有孩家庭购房补贴近日，经济学家任泽平发文指出，年结婚登记对数下降到万对，连续八年下降。另外，初婚年龄大幅推迟。年安徽省初婚平均年龄分别为男岁，女岁。他认为，结婚人数下降的原因一是年轻人数量下降，二是适婚人口男多女少，三是养育成本高，四是结婚成本高，五是社会竞争激烈、就业压力大，六是年轻一代的婚姻观念已经发生改变。任泽平建议，增加大城市住宅土地供应，给予有孩家庭购房补贴；降低生育、养育、教育成本；建立男女平等、生育友好的社会支持系统；放宽收养和送养条件；保障单身女性生育权。中国网财经的微博视频,-0.0036639133777477,2023-02-08 12:19:21
有专家建议法定婚龄降到岁，保障单身女性生育权新人结婚用六台百万元拖拉机接亲近日，经济学家任泽平发文指出，年结婚登记对数下降到万对，连续八年下降。另外，初婚年龄大幅推迟。年安徽省初婚平均年龄分别为男岁，女岁。他认为，结婚人数下降的原因一是年轻人数量下降，二是适婚人口男多女少，三是养育成本高，四是结婚成本高，五是社会竞争激烈、就业压力大，六是年轻一代的婚姻观念已经发生改变。任泽平建议，增加大城市住宅土地供应，给予有孩家庭购房补贴；降低生育、养育、教育成本；建立男女平等、生育友好的社会支持系统；放宽收养和送养条件；法定婚龄降到岁；保障单身女性生育权。对此你怎么看？（中国网财经）中国网财经的微博视频,-0.1797416217219712,2023-02-08 11:22:29
任泽平建议：增加大城市住宅土地供应，给予有孩家庭购房补贴近日，经济学家任泽平发文指出，年结婚登记对数下降到万对，连续八年下降。另外，初婚年龄大幅推迟。年安徽省初婚平均年龄分别为男岁，女岁。他认为，结婚人数下降的原因一是年轻人数量下降，二是适婚人口男多女少，三是养育成本高，四是结婚成本高，五是社会竞争激烈、就业压力大，六是年轻一代的婚姻观念已经发生改变。任泽平建议，增加大城市住宅土地供应，给予有孩家庭购房补贴；降低生育、养育、教育成本；建立男女平等、生育友好的社会支持系统；放宽收养和送养条件；任泽平建议法定婚龄降到岁；保障单身女性生育权。对此你怎么看？中国网财经的微博视频,-0.0016348084924116,2023-02-08 11:37:08
非哈尔滨户籍在哈购新房可享万元补贴哈尔滨：非哈市户籍在哈购新房可享万元补贴哈尔滨市政府日前下发了《关于进一步促进哈尔滨市房地产市场平稳健康发展的若干措施》以下简称《措施》。根据《措施》，公积金贷款房龄年限由年提升至年，二孩、三孩家庭购买首套或第二套新房可享补贴。根据《措施》，具有哈市户籍、符合生育政策，在年月日以后生育第二或第三胎的家庭在区购买首套或第二套新建商品住房，凭网签备案《商品房买卖合同》、本人身份证明、购房交款票据、《不动产权证书》、户口簿和出生医学证明等，分别给予万元、万元的一次性购房补贴。同时，对与在哈用人单位签订聘用合同或服务协议，购房前已缴纳个月以上社保并纳入社保系统管理且处于存续状态的，以及自主创业、年龄在周岁以下的各类人才无户籍限制，在区购买首套或第二套新建商品住房，凭网签备案《商品房买卖合同》、本人身份证明、购房交款票据、《不动产权证书》、学历证明等，按照博士毕业生万元、硕士毕业生万元、本科毕业生及大中专毕业生含技工院校预备技师班、高级工班毕业生万元的标准给予一次性购房补贴。本项补贴以家庭为单位，夫妻双方不能同时享受。根据《措施》，非哈市户籍的个人在区购买首套或第二套新建商品住房，凭网签备案《商品房买卖合同》、本人身份证明、户口簿、购房交款票据、《不动产权证书》，给予万元一次性购房补贴。个人在区购买首套或第二套新建商品住房，且在线上、线下新建商品房展销会期间完成《商品房买卖合同》网签备案的，凭本人身份证明、《商品房买卖合同》、购房交款票据、《不动产权证书》，按实际购房款的给予购房补贴。单位或个人在区购买新建非住宅商品房商业、办公、公寓，凭网签备案《商品房买卖合同》、购房交款票据、《不动产权证书》，按实际购房款的给予购房补贴。此外，农业户籍的购房人在区购买首套或第二套新建商品住房，凭网签备案《商品房买卖合同》、本人身份证明、户口簿、《不动产权证书》，给予万元一次性购房补贴，补贴资金由市财政承担。农业户籍的购房人进城购房并取得居住证且满足进城务工人员随迁子女接受义务教育相关条件的，由所在区教育部门根据实际情况统筹安置，保障其子女进城接受义务教育，确保“应入尽入”。退役军人和取得省、市、区县市相关主管部门职业资格证明的教师，在区购买首套或第二套新建商品住房，凭网签备案《商品房买卖合同》、本人身份证明、职业资格证明、《不动产权证书》，给予万元一次性购房补贴。根据《措施》，在确保房屋抵押物价值的前提下，二手房公积金贷款房龄年限由年提高到年，且贷款年限与房龄之和不超过年。单职工贷款最高额度由万元提高至万元，双职工贷款最高额度由万元提高至万元。,0.0060721629603285,2023-02-08 11:23:40
日常超话如何看待任泽平建议法定婚龄降到岁任泽平建议法定婚龄降到岁，保障单身女性生育权。近日，经济学家任泽平发文指出，年结婚登记对数下降到万对，连续八年下降。另外，初婚年龄大幅推迟。年安徽省初婚平均年龄分别为男岁，女岁。他认为，结婚人数下降的原因一是年轻人数量下降，二是适婚人口男多女少，三是养育成本高，四是结婚成本高，五是社会竞争激烈、就业压力大，六是年轻一代的婚姻观念已经发生改变。任泽平建议，增加大城市住宅土地供应，给予有孩家庭购房补贴；降低生育、养育、教育成本；建立男女平等、生育友好的社会支持系统；放宽收养和送养条件；法定婚龄降到岁；保障单身女性生育权。对此你怎么看？中国网财经的微博视频,0.2967884858121526,2023-02-08 13:57:44
豫论场丨法定婚龄降到岁就能让年轻人多生孩吗？薛世君经济学家任泽平建议法定婚龄降到岁。说实话，看到这个消息蹿上热搜，我的第一反应是不相信，以任博士平日的专业范儿，应该不至于有这样无聊的建议。但他微博上赫然有这个建议。我国结婚率从年的上升到年的之后，就逐年下降，年结婚率下降到，离婚率上升到。我国结婚登记对数已连续八年下降，初婚年龄也大幅推迟。看到这样的数据，自然会对未来人口结构产生一些忧虑，但是任泽平看到了病征，却似乎开偏了药方。按照分析，结婚人数下降的原因大致有六：一是年轻人数量下降，二是适婚人口男多女少，三是养育成本高，四是结婚成本高，五是社会竞争激烈、就业压力大，六是年轻一代的婚姻观念已经发生改变。这六大问题，不管哪一个，都不是将法定婚龄降到岁就能解决的。年轻人结婚晚、生孩少，根本原因不是年龄问题，也不是生育政策问题，而是很直接、很现实的两条钱从哪里来？孩子怎么带？婚车、婚房、彩礼、婚宴，哪个步骤都要花钱。生孩、养孩、带孩、上学接送，哪个环节都需要人力。哪个环节卡壳，事情就不好办。法定婚龄降到岁，能有多大用？所以说，问题的关键还在于提高年轻人的收入、完善年轻人的社会保障，包括但不限于任泽平提的其他建议给予有孩家庭购房补贴；降低生育、养育、教育成本；保障单身女性生育权说白了，得减少年轻人的后顾之忧。生育补贴、创建家庭友好型工作场所、普惠托育服务体系发展提速各地已经在构筑财政、税收、教育、保险、住房、就业、休假等多领域积极支持措施，这才“药对症”、实打实。学者提建议，最好是提到点子上，建议到关键处，搞些无关痛痒的观点，倒是吸引眼球了，能落地见效吗？任泽平建议法定婚龄降到岁,0.0049206814784962,2023-02-08 13:10:57
任泽平建议法定婚龄降到岁，保障单身女性生育权近日，经济学家任泽平发文指出，年结婚登记对数下降到万对，连续八年下降。另外，初婚年龄大幅推迟。年安徽省初婚平均年龄分别为男岁，女岁。他认为，结婚人数下降的原因一是年轻人数量下降，二是适婚人口男多女少，三是养育成本高，四是结婚成本高，五是社会竞争激烈、就业压力大，六是年轻一代的婚姻观念已经发生改变。任泽平建议，增加大城市住宅土地供应，给予有孩家庭购房补贴；降低生育、养育、教育成本；建立男女平等、生育友好的社会支持系统；放宽收养和送养条件；法定婚龄降到岁；保障单身女性生育权。对此你怎么看？,0.0012514804645991,2023-02-08 11:20:00
任泽平专家建议法定婚龄降到岁保障单身女性生育权月日，经济学家任泽平在社交平台建议法定婚龄降到岁，保障单身女性生育权，引发关注。全文如下：我国结婚率从年的上升到年的，随后逐年下降，年结婚率下降到；离婚率从年的上升到年的。年，我国结婚登记对数为万对，年结婚登记对数下降到万对，连续八年下降。另外，初婚年龄大幅推迟。年安徽省初婚平均年龄分别为男岁，女岁。结婚人数下降的原因：一是年轻人数量下降，二是适婚人口男多女少，三是养育成本高，四是结婚成本高，五是社会竞争激烈、就业压力大，六是年轻一代的婚姻观念已经发生改变。建议：增加大城市住宅土地供应，给予有孩家庭购房补贴；降低生育、养育、教育成本；建立男女平等、生育友好的社会支持系统；放宽收养和送养条件；法定婚龄降到岁；保障单身女性生育权。超低生育率以及年轻人口的迅速萎缩，已成为中国社会面临的重大挑战。要提升生育率，政府部门需出台相关政策措施鼓励年轻人结婚生育，积极出台相关政策降低年轻人的结婚生育成本。此外，社会各方也需要引导年轻人树立积极的婚恋观，共同关心适婚人群的婚姻问题，积极创造有利条件，帮助更多的单身青年走进婚姻、建立家庭。更多详细内容请查看原文网页链接,-0.0300078015221257,------
专家建议法定婚龄降到岁保障单身女性生育权月日，经济学家任泽平在社交平台建议法定婚龄降到岁，保障单身女性生育权，引发关注。如何看待专家建议法定婚龄降到岁全文如下：我国结婚率从年的上升到年的，随后逐年下降，年结婚率下降到；离婚率从年的上升到年的。年，我国结婚登记对数为万对，年结婚登记对数下降到万对，连续八年下降。另外，初婚年龄大幅推迟。年安徽省初婚平均年龄分别为男岁，女岁。结婚人数下降的原因：一是年轻人数量下降，二是适婚人口男多女少，三是养育成本高，四是结婚成本高，五是社会竞争激烈、就业压力大，六是年轻一代的婚姻观念已经发生改变。建议：增加大城市住宅土地供应，给予有孩家庭购房补贴；降低生育、养育、教育成本；建立男女平等、生育友好的社会支持系统；放宽收养和送养条件；法定婚龄降到岁；保障单身女性生育权。超低生育率以及年轻人口的迅速萎缩，已成为中国社会面临的重大挑战。要提升生育率，政府部门需出台相关政策措施鼓励年轻人结婚生育，积极出台相关政策降低年轻人的结婚生育成本。此外，社会各方也需要引导年轻人树立积极的婚恋观，共同关心适婚人群的婚姻问题，积极创造有利条件，帮助更多的单身青年走进婚姻、建立家庭。对此，你怎么看？,0.7080479158887153,2023-02-08 11:48:50
任泽平建议法定婚龄降到岁，保障单身女性生育权专家建议法定婚龄降到岁近日，经济学家任泽平发文指出，年结婚登记对数下降到万对，连续八年下降。另外，初婚年龄大幅推迟。年安徽省初婚平均年龄分别为男岁，女岁。他认为，结婚人数下降的原因一是年轻人数量下降，二是适婚人口男多女少，三是养育成本高，四是结婚成本高，五是社会竞争激烈、就业压力大，六是年轻一代的婚姻观念已经发生改变。任泽平建议，增加大城市住宅土地供应，给予有孩家庭购房补贴；降低生育、养育、教育成本；建立男女平等、生育友好的社会支持系统；放宽收养和送养条件；法定婚龄降到岁；保障单身女性生育权。对此你怎么看？（视频：武兵）中国网财经的微博视频,1.0,------
淄博身边事淄博便民提示“二孩”“三孩”家庭购房有补贴，淄博市再推购房新政月日，记者从市住房和城乡建设局获悉，今起至年月日期间，“二孩”“三孩”家庭购房，享契税总额和的购房补贴；推行二手房“带押过户”我市刚需和改善购房者迎来新的购房政策利好。,0.0003256134640721,2023-02-07 22:45:04
淄博迎来一波购房利好政策月日起至明年月日，二孩、三孩家庭购房，可分别享受最高元、元的房价补贴；二孩及以上家庭购买首套或二套自住住房的，住房公积金可贷额度上浮；符合条件的二孩、三孩家庭，购房还可以分别享受所缴纳契税总额和的购房补贴淄博市民再次迎展开,0.0624746722650987,2023-02-15 09:20:34
开始执行淄博购房新政来了月日，记者从淄博市住房和城乡建设局获悉，今起至年月日期间，“二孩”三孩”家庭购房，享契税总额和的购房补贴；推行二手房“带押过户”我市刚需和改善购房者迎来新的购房政策利好。因房子太小而不敢要“二孩”“三孩”？政府的配套措施将减少展开,-0.0002531938297965,------
今起执行淄博刚刚明确：购房有重大变化今起至年月日期间，“二孩”三孩”家庭购房，享契税总额和的购房补贴；二孩及以上家庭购买首套或二套自住住房的，住房公积金可贷额度上浮。享契税总额和的购房补贴；可按规定申请退还其出售现住房已缴纳的个人所得税。在二手房交易时，推行二手房资金监管和二手房“带押过户”机制。；支持群（团）购商品房多地试行二手房带押过户,0.0021136376917351,2023-02-06 17:06:00
牡丹融媒山东这市规定：这个时间生的三孩，免费读公办高中月日，潍坊市人民政府新闻办公室组织召开优化生育政策促进人口长期均衡发展新闻发布会。市卫生健康委党组书记、主任，市中医药管理局局长张晓乙；市卫生健康委党组成员、市计生协会常务副会长亓传敬；潍坊市妇幼保健院党委书记高振忠；展开,0.0,2023-03-22 10:24:40
潍坊依法生育的三孩读公办高中免费潍坊：年月日后依法生育的三孩免费读公办高中据潍坊发布官微消息，月日，潍坊市人民政府新闻办公室组织召开优化生育政策促进人口长期均衡发展新闻发布会。一起看发布会重点、依法生育三孩的家庭，对三孩岁期间参加“潍坊惠民保”的，给展开,0.5600125023639885,------
主播说从生到养全覆盖厦门版的生育福利来了近日，厦门市印发《关于优化生育政策促进人口长期均衡发展的实施方案》，实施三孩生育政策及配套支持措施，我们一起来了解一下厦门日报的微博视频,-0.0183218216150799,2023-03-21 18:09:42
江苏再次明确：这个假期延长近日江苏省总工会发出劳动法律监督提示函依法延长产假切实维护女职工特殊权益产假制度是保障女职工身心健康的重要制度，女职工生育在享受国家规定产假的基础上，还有权享受地方规定的延长产假。根据《江苏省女职工劳动保护特别规定》《江苏省工会劳动法律监督条例》《江苏省关于优化生育政策促进人口长期均衡发展实施方案》（苏发号）等有关规定，江苏省工会劳动法律监督委员会现就以下事项提醒各用人单位。符合规定生育的女职工可享受延长产假天。我国《女职工劳动保护特别规定》规定，女职工生育享受天产假，其中产前可以休假天；《江苏省关于优化生育政策促进人口长期均衡发展实施方案》规定，符合规定生育子女的女职工在享受国家规定产假的基础上延长产假天，因此，从年月日起，我省符合规定生育子女的女职工可享受的产假天数达到天。图片符合规定生育的女职工可享受延长产假的生育津贴。按照《江苏省医疗保障局关于享受生育保险待遇有关问题的通知》（苏医保发号）规定，用人单位及其职工依法参加生育保险并按时足额缴纳生育保险费，即可按规定享受生育保险待遇，生育津贴按照《江苏省职工生育保险规定》的计发标准发放；其中，符合《江苏省人口与计划生育条例》规定的，可享受延长产假的生育津贴；执行时间为年月日及以后生育的。图片用人单位不能因产假等情形侵害女职工合法权益。按照《中华人民共和国妇女权益保障法》规定，用人单位不得因结婚、怀孕、产假、哺乳等情形，降低女职工的工资和福利待遇，限制女职工晋职、晋级、评聘专业技术职称和职务，辞退女职工，单方解除劳动（聘用）合同或者服务协议。图片延长产假期间，女职工劳动合同期相应延长。按照《中华人民共和国妇女权益保障法》规定，女职工在怀孕以及依法享受产假期间，劳动（聘用）合同或者服务协议期满的，劳动（聘用）合同或者服务协议期限自动延续至产假结束。但是，用人单位依法解除、终止劳动（聘用）合同、服务协议，或者女职工依法要求解除、终止劳动（聘用）合同、服务协议的除外。图片女职工产假期满，用人单位应安排其回原岗位工作。按照《江苏省女职工劳动保护特别规定》规定，女职工产假期满恢复工作时，允许有周至周的时间逐步恢复原定额的劳动量。用人单位原则上应当安排女职工在原岗位上班，如因特殊情况需要变动的，应当与女职工协商解决。,0.1354234989927869,2023-03-21 18:10:02
厦门住房政策向多子女家庭倾斜二孩及以上家庭可购第套自住房近日，中共厦门市委、厦门市人民政府印发《关于优化生育政策促进人口长期均衡发展的实施方案》。据了解，其中提到，强化住房支持。加快发展保障性租赁住房，促进解决新市民、青年人等群体住房困难。进一步完善保障性住房对促进积极生育的支持措施，在配租配售保障性住房时，对符合条件且有未成年子女的家庭，可根据其未成年子女数量，在户型选择方面给予适当照顾。对符合条件且子女数量较多的家庭、计划生育特殊家庭，同等条件下可按规定适当优先予以保障；完善保障性租赁房调换政策，对因家庭人口增加、子女就学等原因需要调换保障性租赁房的，根据房源情况及时调换。住房政策向多子女家庭倾斜，在缴存城市无自有住房且租赁住房的多子女家庭，可按照实际房租支出提取住房公积金；对购买首套自住住房的多子女家庭，可给予适当提高住房公积金贷款额度等相关支持政策。加快发展长租房市场，多渠道增加长租房供应，推进租购权利均等。拥有二孩及以上的厦门市户籍家庭符合条件的，可购买第套自住商品住房。,-0.0317779048425459,2023-03-21 18:25:09
杭州楼市杭州市场火热，这个政策短期不太可能，每天左右成交量快二周了厦门市住房政策向多子女家庭倾斜拥有二孩及以上符合条件的可购第套自住商品房财联社月日电，中共厦门市委、厦门市人民政府印发《关于优化生育政策促进人口长期均衡发展的实施方案》。其中提到，强化住房支展开,0.0338273905630492,2023-03-21 18:15:17
厦门住房政策向多子女家庭倾斜，拥有二孩及以上符合条件的可购第套自住商品房中共厦门市委、厦门市人民政府印发《关于优化生育政策促进人口长期均衡发展的实施方案》：强化住房支持。加快发展保障性租赁住房，促进解决新市民、青年人等群体住房困难。进一步完善保障性住房对促进积极生育的支持展开,0.0554624631195834,2023-03-21 18:08:10
厦门对多孩家庭强化住房支持厦门符合条件的多孩家庭可购买三套房近日，中共厦门市委、厦门市人民政府印发《关于优化生育政策促进人口长期均衡发展的实施方案》。其中提到，进一步完善保障性住房对促进积极生育的支持措施，在配租配售保障性住房时，对符合条件且有未成年子女的家庭，可根据其未成年子女数量，在户型选择方面给予适当照顾；对符合条件且子女数量较多的家庭、计划生育特殊家庭，同等条件下可按规定适当优先予以保障；完善保障性租赁房调换政策，对因家庭人口增加、子女就学等原因需要调换保障性租赁房的，根据房源情况及时调换。住房政策向多子女家庭倾斜，在缴存城市无自有住房且租赁住房的多子女家庭，可按照实际房租支出提取住房公积金；对购买首套自住住房的多子女家庭，可给予适当提高住房公积金贷款额度等相关支持政策。加快发展长租房市场，多渠道增加长租房供应，推进租购权利均等。拥有二孩及以上的我市户籍家庭符合条件的，可购买第套自住商品住房。（厦门日报）集美融媒的微博视频,0.0067440212988846,2023-03-21 18:07:04
厦门将鼓励对二三孩家庭每月发补助厦门有二孩及以上家庭可买第三套房近日，中共厦门市委、厦门市人民政府印发《关于优化生育政策促进人口长期均衡发展的实施方案》。其中提到，拥有二孩及以上的我市户籍家庭符合条件的，可购买第套自住商品住房。探索建立生育补助制度，鼓励有条件的区对生育二孩、三孩的家庭每月予以一定补助。持续开展就业性别歧视约谈工作，督促用人单位纠正歧视行为。督促用人单位依法依规落实孕产期、哺乳期女职工在工作时间、工资待遇、劳动强度等方面的特殊劳动保护（来源：厦门日报）,0.2866090394393937,2023-03-21 18:20:14
江苏强调落实依法延长产假江苏强调维护女职工特殊权益根据《江苏省女职工劳动保护特别规定》《江苏省工会劳动法律监督条例》《江苏省关于优化生育政策促进人口长期均衡发展实施方案》（苏发号）等有关规定，江苏省工会劳动法律监督委员会现就以下事项提醒各用人单位，内容包括：符合规定生育的女职工可享受延长产假天；符合规定生育的女职工可享受延长产假的生育津贴；用人单位不能因产假等情形侵害女职工合法权益；延长产假期间，女职工劳动合同期相应延长；女职工产假期满，用人单位应安排其回原岗位工作等。详情,-1.0,2023-03-21 18:20:06
厦门符合条件的多孩家庭可购三套房近日，中共厦门市委、厦门市人民政府印发《关于优化生育政策促进人口长期均衡发展的实施方案》。《方案》提出，在配租配售保障性住房时，对符合条件且有未成年子女的家庭，可根据其未成年子女数量，在户型选择方面给予适当照顾；对符合条件且子女数量较多的家庭展开,0.0,2023-03-21 18:40:06
北京春推会项目西嘻影业出品，伊北小说改编，杨晓培担任制片人，家庭励志剧《六姊妹》故事梗概：南方小城（安徽淮南）何家六个姊妹从世纪年代到世纪初的悲人生，新中国建立后普通百姓家庭年的生活变迁。看点：作品用年轻态、平民化视角表达了中式亲戚、邻里、人情关系，又用诸多历史细节、生活质感与家长里短彰显真实趣味；作品深刻剖析了重男轻女男女同工同酬、多子女家庭的资源争夺等年代社会痛点，更借由一个淮南小家庭展现共和国六十年的时代变迁。,-0.5344757991360688,2023-04-14 11:37:13
拟恢复按实际房租提取北京租房提取公积金新政采纳公众意见北京市住房公积金管理中心上月发布了《关于进一步优化租房提取业务的通知（征求意见稿）》，提出申请人租住本市商品房，每人每月提取公积金金额上限由元调整为元。提取金额上限提高后，普通家庭提供发票按实际房租提取的方式被取消。月日，从北京市住房公积金管理中心获悉，该征求意见稿已结束征集意见，将采纳公众提出的建议，拟恢复上述提取方式。月日，北京市住房公积金管理中心发布《关于进一步优化租房提取业务的通知（征求意见稿）》。相比目前执行的规定，该征求意见稿主要调整了提取金额的上限。征求意见稿提出，申请人租住本市商品住房，每人每月提取公积金金额不超过元，相比目前元的提取金额上限，增加了元。按照这一征求意见稿，在提高租住商品房的提取上限后，普通家庭提供租房发票按照实际房租提取公积金的方式将被取消，增添了多子女家庭可以每月按照实际月租金全额提取的内容。北京市住房公积金管理中心表示，在意见征集过程中，针对“恢复租住商品房（提供发票）提取”的意见比较集中，且北京市住房公积金管理中心已吸收采纳这一建议。目前，征求意见稿中已增加“租住商品住房（提供发票）提取”情形。租住本市商品住房，提供租房发票并在“北京市房屋租赁管理服务平台”办理房屋租赁合同备案的，可申请此类租房提取。也就是说，租房提取公积金新政正式实施后，申请人租商品房可选择两种方式提取公积金。如果不提供发票，每人每月可以提取元。如果提供发票，则可以按照实际月租金来提取，但不能超过申请人的公积金月缴存额。据悉，在意见征集期间，北京住房公积金管理中心共收到社会各界意见建议条，除了上述意见外，也有市民提出了“提升每月元的提取额度”“可随时灵活支取住房公积金”等意见，这些意见均未被采纳。针对“提升每月元的提取额度”的建议，北京住房公积金管理中心不予采纳，其表示，从全国来看，对于非网签备案范围的租房提取，上海市公积金管理中心每户家庭最高月提取限额为元、广州住房公积金管理中心每人最高提取限额为元。北京此次将每人每月元的无房租房提取额度提高至元，家庭无房租房提取额度提高至元，此提取额度在全国住房公积金租房提取政策中已处于较高水平。另外，北京住房公积金管理中心表示，每月元的提取额度属于基本保障，如申请人认为无房租房提取额度较低，不能满足实际租房需要，还可选择“租住商品住房（提供发票）”“租住公共租赁住房”“租住保障性租赁住房”方式提取住房公积金，上述方式均可按照实际月租金提取住房公积金。,-6.777829444056672e-05,2023-04-14 11:37:06
北京楼市限制政策开了点缝隙：全龄友好购房支持政策。岁以上的人迁移到项目所在地，购房享受金融优待。一区一策试点：多子女家庭和职住平衡家庭购房支持政策按“一区一策”方式由房山区试点。首都的动作大家都在看着呢。从年开始迄今，最紧跟北京市动作的是深圳，每个动作都抄作业了。这一次看看怎么抄？,-0.0013946967601899,2023-04-17 17:00:36
北京拟恢复按实际房租提取公积金北京市住房公积金管理中心上月发布了《关于进一步优化租房提取业务的通知（征求意见稿）》，提出申请人租住本市商品房，每人每月提取公积金金额上限由元调整为元。提取金额上限提高后，普通家庭提供发票按实际房租提取的方式被取消。月日，记者从北京市住房公积金管理中心获悉，该征求意见稿已结束征集意见，将采纳公众提出的建议，拟恢复上述提取方式。月日，北京市住房公积金管理中心发布《关于进一步优化租房提取业务的通知（征求意见稿）》。记者注意到，相比目前执行的规定，该征求意见稿主要调整了提取金额的上限。征求意见稿提出，申请人租住本市商品住房，每人每月提取公积金金额不超过元，相比目前元的提取金额上限，增加了元。按照这一征求意见稿，在提高租住商品房的提取上限后，普通家庭提供租房发票按照实际房租提取公积金的方式将被取消，增添了多子女家庭可以每月按照实际月租金全额提取的内容。北京市住房公积金管理中心表示，在意见征集过程中，针对“恢复租住商品房（提供发票）提取”的意见比较集中，且北京市住房公积金管理中心已吸收采纳这一建议。目前，征求意见稿中已增加“租住商品住房（提供发票）提取”情形。租住本市商品住房，提供租房发票并在“北京市房屋租赁管理服务平台”办理房屋租赁合同备案的，可申请此类租房提取。也就是说，租房提取公积金新政正式实施后，申请人租商品房可选择两种方式提取公积金。如果不提供发票，每人每月可以提取元。如果提供发票，则可以按照实际月租金来提取，但不能超过申请人的公积金月缴存额。据悉，在意见征集期间，北京住房公积金管理中心共收到社会各界意见建议条，除了上述意见外，也有市民提出了“提升每月元的提取额度”“可随时灵活支取住房公积金”等意见，这些意见均未被采纳。针对“提升每月元的提取额度”的建议，北京住房公积金管理中心不予采纳，其表示，从全国来看，对于非网签备案范围的租房提取，上海市公积金管理中心每户家庭最高月提取限额为元、广州住房公积金管理中心每人最高提取限额为元。北京此次将每人每月元的无房租房提取额度提高至元，家庭无房租房提取额度提高至元，此提取额度在全国住房公积金租房提取政策中已处于较高水平。另外，北京住房公积金管理中心表示，每月元的提取额度属于基本保障，如申请人认为无房租房提取额度较低，不能满足实际租房需要，还可选择“租住商品住房（提供发票）”“租住公共租赁住房”“租住保障性租赁住房”方式提取住房公积金，上述方式均可按照实际月租金提取住房公积金。（北京日报）,-0.6249298446637495,2023-04-14 13:32:37
北京拟恢复按实际房租提取公积金北京市住房公积金管理中心上月发布了《关于进一步优化租房提取业务的通知（征求意见稿）》，提出申请人租住本市商品房，每人每月提取公积金金额上限由元调整为元。提取金额上限提高后，普通家庭提供发票按实际房租提取的方式被取消。月日，记者从北京市住房公积金管理中心获悉，该征求意见稿已结束征集意见，将采纳公众提出的建议，拟恢复上述提取方式。月日，北京市住房公积金管理中心发布《关于进一步优化租房提取业务的通知（征求意见稿）》。记者注意到，相比目前执行的规定，该征求意见稿主要调整了提取金额的上限。征求意见稿提出，申请人租住本市商品住房，每人每月提取公积金金额不超过元，相比目前元的提取金额上限，增加了元。按照这一征求意见稿，在提高租住商品房的提取上限后，普通家庭提供租房发票按照实际房租提取公积金的方式将被取消，增添了多子女家庭可以每月按照实际月租金全额提取的内容。北京市住房公积金管理中心表示，在意见征集过程中，针对“恢复租住商品房（提供发票）提取”的意见比较集中，且北京市住房公积金管理中心已吸收采纳这一建议。目前，征求意见稿中已增加“租住商品住房（提供发票）提取”情形。租住本市商品住房，提供租房发票并在“北京市房屋租赁管理服务平台”办理房屋租赁合同备案的，可申请此类租房提取。也就是说，租房提取公积金新政正式实施后，申请人租商品房可选择两种方式提供公积金。如果不提供发票，每人每月可以提取元。如果提供发票，则可以按照实际月租金来提取，但不能超过申请人的公积金月缴存额。据悉，在意见征集期间，北京住房公积金管理中心共收到社会各界意见建议条，除了上述意见外，也有市民提出了“提升每月元的提取额度”“可随时灵活支取住房公积金”等意见，这些意见均未被采纳。针对“提升每月元的提取额度”的建议，北京住房公积金管理中心不予采纳，其表示，从全国来看，对于非网签备案范围的租房提取，上海市公积金管理中心每户家庭最高月提取限额为元、广州住房公积金管理中心每人最高提取限额为元。北京此次将每人每月元的无房租房提取额度提高至元，家庭无房租房提取额度提高至元，此提取额度在全国住房公积金租房提取政策中已处于较高水平。另外，北京住房公积金管理中心表示，每月元的提取额度属于基本保障，如申请人认为无房租房提取额度较低，不能满足实际租房需要，还可选择“租住商品住房（提供发票）”“租住公共租赁住房”“租住保障性租赁住房”方式提取住房公积金，上述方式均可按照实际月租金提取住房公积金。（北京日报）,-0.6754416691183239,2023-04-14 16:52:21
公积金租房额度能否提至每月元？北京住房公积金管理中心这样回应年月日至月日，北京住房公积金管理中心针对《关于进一步优化租房提取业务的通知（征求意见稿）》向社会公开征集意见。经统计，共收到社会各界意见建议条，主要集中在建议恢复租住商品房（提供发票）提取、提升每月元的提取额度、非多子女家庭也可按照实际月租金提取、可随时灵活支取住房公积金等方面。月日，北京青年报记者获悉，北京住房公积金管理中心将意见采纳情况进行了公开说明。针对“恢复租住商品房（提供发票）提取”的建议已采纳，在征求意见稿中增加了“租住商品住房（提供发票）提取”情形。租住北京市商品住房，提供租房发票并在“北京市房屋租赁管理服务平台”办理房屋租赁合同备案的，可申请此类租房提取。而针对“提升每月元的提取额度”的建议没有采纳，北京住房公积金管理中心解释，首先从全国来看，对于非网签备案范围的租房提取，上海市公积金管理中心每户家庭最高月提取限额为元、广州住房公积金管理中心每人最高提取限额为元。从每人每月元的无房租房提取额度提高至元，家庭无房租房提取额度提高至元，此提取额度在全国住房公积金租房提取政策中已处于较高水平。其次是每月元的提取额度属于基本保障，如认为无房租房提取额度较低，不能满足实际租房需要，租房人还可选择“租住商品住房（提供发票）”“租住公共租赁住房”“租住保障性租赁住房”方式提取住房公积金。中心着重支持租住北京市公共租赁住房及保障性租赁住房，可按照实际月租金提取住房公积金。多子女家庭新增租房也可按照实际房租提取的业务场景。此外，“可随时灵活支取住房公积金”的建议也没有被采纳，理由为：《住房公积金管理条例》第二十四条规定：“职工有下列情形之一的，可以提取职工住房公积金账户内的存储余额：（一）购买、建造、翻建、大修自住住房的；（二）离休、退休的；（三）完全丧失劳动能力，并与单位终止劳动关系的；（四）出境定居的；（五）偿还购房贷款本息的；（六）房租超出家庭工资收入的规定比例的。”所以，职工申请提取住房公积金，必须符合以上提取条件并提供合规材料，经审核通过后才能办理提取手续。版权声明本文著作权（含信息网络传播权）归属北京青年报社所有，未经授权不得转载文北京青年报记者宋霞,0.0015280481018176,2023-04-14 12:25:02
拟恢复按实际房租提取北京租房公积金：北京租房提取公积金新政采纳公众意见北京市住房公积金管理中心上月发布了《关于进一步优化租房提取业务的通知（征求意见稿）》，提出申请人租住本市商品房，每人每月提取公积金金额上限由元调整为元。提取金额上限提高后，普通家庭提供发票按实际房租提取的方式被取消。月日，记者从北京市住房公积金管理中心获悉，该征求意见稿已结束征集意见，将采纳公众提出的建议，拟恢复上述提取方式。月日，北京市住房公积金管理中心发布《关于进一步优化租房提取业务的通知（征求意见稿）》。记者注意到，相比目前执行的规定，该征求意见稿主要调整了提取金额的上限。征求意见稿提出，申请人租住本市商品住房，每人每月提取公积金金额不超过元，相比目前元的提取金额上限，增加了元。按照这一征求意见稿，在提高租住商品房的提取上限后，普通家庭提供租房发票按照实际房租提取公积金的方式将被取消，增添了多子女家庭可以每月按照实际月租金全额提取的内容。北京市住房公积金管理中心表示，在意见征集过程中，针对“恢复租住商品房（提供发票）提取”的意见比较集中，且北京市住房公积金管理中心已吸收采纳这一建议。目前，征求意见稿中已增加“租住商品住房（提供发票）提取”情形。租住本市商品住房，提供租房发票并在“北京市房屋租赁管理服务平台”办理房屋租赁合同备案的，可申请此类租房提取。也就是说，租房提取公积金新政正式实施后，申请人租商品房可选择两种方式提供公积金。如果不提供发票，每人每月可以提取元。如果提供发票，则可以按照实际月租金来提取，但不能超过申请人的公积金月缴存额。据悉，在意见征集期间，北京住房公积金管理中心共收到社会各界意见建议条，除了上述意见外，也有市民提出了“提升每月元的提取额度”“可随时灵活支取住房公积金”等意见，这些意见均未被采纳。针对“提升每月元的提取额度”的建议，北京住房公积金管理中心不予采纳，其表示，从全国来看，对于非网签备案范围的租房提取，上海市公积金管理中心每户家庭最高月提取限额为元、广州住房公积金管理中心每人最高提取限额为元。北京此次将每人每月元的无房租房提取额度提高至元，家庭无房租房提取额度提高至元，此提取额度在全国住房公积金租房提取政策中已处于较高水平。另外，北京住房公积金管理中心表示，每月元的提取额度属于基本保障，如申请人认为无房租房提取额度较低，不能满足实际租房需要，还可选择“租住商品住房（提供发票）”“租住公共租赁住房”“租住保障性租赁住房”方式提取住房公积金，上述方式均可按照实际月租金提取住房公积金。（北京日报）,-0.0012875160166786,2023-04-14 16:51:31
北京拟恢复按实际房租提取公积金北京市住房公积金管理中心上月发布了《关于进一步优化租房提取业务的通知（征求意见稿）》，提出申请人租住本市商品房，每人每月提取公积金金额上限由元调整为元。提取金额上限提高后，普通家庭提供发票按实际房租提取的方式被取消。月日，记者从北京市住房公积金管理中心获悉，该征求意见稿已结束征集意见，将采纳公众提出的建议，拟恢复上述提取方式。月日，北京市住房公积金管理中心发布《关于进一步优化租房提取业务的通知（征求意见稿）》。记者注意到，相比目前执行的规定，该征求意见稿主要调整了提取金额的上限。征求意见稿提出，申请人租住本市商品住房，每人每月提取公积金金额不超过元，相比目前元的提取金额上限，增加了元。按照这一征求意见稿，在提高租住商品房的提取上限后，普通家庭提供租房发票按照实际房租提取公积金的方式将被取消，增添了多子女家庭可以每月按照实际月租金全额提取的内容。北京市住房公积金管理中心表示，在意见征集过程中，针对“恢复租住商品房（提供发票）提取”的意见比较集中，且北京市住房公积金管理中心已吸收采纳这一建议。目前，征求意见稿中已增加“租住商品住房（提供发票）提取”情形。租住本市商品住房，提供租房发票并在“北京市房屋租赁管理服务平台”办理房屋租赁合同备案的，可申请此类租房提取。也就是说，租房提取公积金新政正式实施后，申请人租商品房可选择两种方式提取公积金。如果不提供发票，每人每月可以提取元。如果提供发票，则可以按照实际月租金来提取，但不能超过申请人的公积金月缴存额。据悉，在意见征集期间，北京住房公积金管理中心共收到社会各界意见建议条，除了上述意见外，也有市民提出了“提升每月元的提取额度”“可随时灵活支取住房公积金”等意见，这些意见均未被采纳。针对“提升每月元的提取额度”的建议，北京住房公积金管理中心不予采纳，其表示，从全国来看，对于非网签备案范围的租房提取，上海市公积金管理中心每户家庭最高月提取限额为元、广州住房公积金管理中心每人最高提取限额为元。北京此次将每人每月元的无房租房提取额度提高至元，家庭无房租房提取额度提高至元，此提取额度在全国住房公积金租房提取政策中已处于较高水平。另外，北京住房公积金管理中心表示，每月元的提取额度属于基本保障，如申请人认为无房租房提取额度较低，不能满足实际租房需要，还可选择“租住商品住房（提供发票）”“租住公共租赁住房”“租住保障性租赁住房”方式提取住房公积金，上述方式均可按照实际月租金提取住房公积金。（北京日报记者鹿杨）北京日报都视频的微博视频,1.0,2023-04-15 00:42:09
天津公积金贷款执行认房不认贷意味着什么？月日起，天津市住房公积金执行新规。天津市住房公积金管理中心于月日非公开发布了《天津市住房公积金管理中心关于调整住房公积金贷款审核标准的通知》，明确自月日起调整公积金贷款政策。北京商报记者从天津市住房公积金管理中心工作展开,-0.1348343953970007,2023-09-06 15:55:04
今日贴纸打卡早上好月日每日简报星期五农历四月初八每天一分钟众览天下事每天看看群，总有您需要的好物玫瑰、国家疾控局：月全国报告法定传染病超万例。、岁至岁青年是成人中最焦虑群体，心理门诊岁以下就诊者占比过半。、又一起换脸诈骗：安徽男子秒被骗万。、上海迪士尼月日起门票调价：常规日元，高峰日元。、造假数量超亿件最长可追溯年前本田合资零部件厂商承认造假。、上海部分社区开打新冠疫苗，可通过“健康云”预约。、国泰航空多次名列境外航司投诉量榜首，全球排名跌个名次。、民政部：探索建立婚姻领域个人信用制度，承诺不实将纳入惩戒范围。、微信电脑版新增锁定功能，只能通过手机端解锁。、杭州一公司招聘大龄程序员：限岁以上，月薪，薪，不用加班。、天津：在津无房家庭首次公积金贷款还清后，仍可按首套房贷款。、中央气象台：北京、湖南、江西等多地部分地区将有级雷暴大风或冰雹，最强降雨时段将出现在日至日；超强台风“玛娃”已成今年以来全球风王，下周将影响我国南方。、俄罗斯气候学家称气温上升俄或被迫迁都。微语一个人可以被打败，但不可以被打倒,0.1035151203674648,------
天津：在津无房家庭首次公积金贷款还清后，仍可按首套房贷款天津公积金新政执行认房不认贷月日，记者从天津市住房公积金管理中心获悉，该中心发布《天津市住房公积金管理中心关于调整住房公积金贷款审核标准的通知》调整公积金贷款政策。通知明确，职工家庭房屋套数核定以住房交易时，以天津市住房交易主管部门及不动产登记管理部门确定并记载于住房交易合同文本上的购房套数为准。购房套数根据购房合同或协议附件中记载职工家庭住房套数所在页各项数值累计计算。其中，职工家庭住房数为的，发放首套住房贷款；职工家庭住房数为的，发放二套住房贷款；职工家庭购买第三套及以上住房的，不予发放住房公积金贷款。此外，职工家庭已使用过次住房公积金贷款的，不予发放住房公积金贷款。而职工离婚的，离婚前有在天津市住房公积金贷款记录，仍计算为该市住房公积金贷款次数。对此，一位接近于天津市住房公积金管理中心的人士表示，上述政策基本可以理解为天津出台公积金新政，执行“认房不认贷”。公积金首次贷款结清后，名下无天津房产，二次使用天津公积金贷款，可按照首套政策执行；使用过两次公积金贷款后不可再用。（新京报）,0.0268782728019381,2023-05-26 09:26:35
广州拟出公积金购房新政今后，广州二孩及以上家庭首套房公积金贷款的额度，或有望最高上浮，即从万元上调至万元。月日，广州住房公积金管理中心发布关于公开征求《广州住房公积金管理中心关于贯彻落实二孩及以上家庭支持政策的通知》意见的公告，拟明确：生育二孩及以上的家庭（至少一个子女未成年）使用住房公积金贷款购买首套自住住房的，住房公积金贷款最高额度上浮，其他贷款条件及要求依据广州市住房公积金贷款政策执行。,0.732000050684471,------
月日，广州住房公积金管理中心发布《广州住房公积金管理中心关于贯彻落实二孩及以上家庭支持政策的通知（征求意见稿）》，贯彻落实积极生育支持措施。《征求意见稿》于月日月日面向社会公开征询意见，拟对生育二孩及以上的家庭（至少一个子女未成年）使用住房公积金贷款购买首套自住住房的，住房公积金贷款最高额度上浮。其他贷款条件及要求依据广州市住房公积金贷款政策执行。也就是说，这个政策如果顺利执行，广州二胎家庭，公积金可以贷款万此前的公积金贷款政策是单缴存职工个人住房贷款最高额度万，双缴存职工个人住房贷款最高额度万。整体来说，这次变动的方向还是围绕着二孩以上、家庭首套房、公积金贷款，缺一不可，那么，这个政策如果顺利执行，对自住需求的购房者来说，是利好吗？,0.6082896097532741,2023-05-25 14:45:53
广州：二孩及以上家庭购买首套房，公积金贷款最高额度拟上浮月日，广州住房公积金管理中心发布公告，就《广州住房公积金管理中心关于贯彻落实二孩及以上家庭支持政策的通知》公开征求意见。根据《征求意见稿》，生育二孩及以上的家庭（至少一个子女未成年）使用住房公积金贷款购买首套自住住房的，住房公积金贷款最高额度上浮。其他贷款条件及要求依据广州市住房公积金贷款政策执行。征求意见时间：年月日月日。广州：二孩及以上家庭购买首套房，公积金贷款最高额度拟上浮,1.0,2023-05-25 14:15:00
广州超话广州房地产新政策征询意见：二孩及以上家庭购买首套房，公积金贷款最高额度拟上浮。原来夫妻双方最多可贷公积金额度万，现在可贷万，相当于变相降息。满足条件则定向降房贷利率。正常来说万商贷每月应还本利元，新政策这万的部分按公积金利率展开,-0.1763242767723815,2023-05-25 15:42:52
股市早评一、财经消息、美股三大指数涨跌不一，热门中概股普涨。、商务部：年月，我国对外投资持续增长，对外非金融类直接投资亿元人民币，同比增长、央行：授权全国银行间同业拆借中心公布，年月日贷款市场报价利率（）为：年期为，年期以上为、国家新闻出版署：月国产网络游戏审批信息发布，腾讯旗下《王牌战士》、网易旗下《七日世界》等共款游戏获批。、北京商报：中国工程院院士钟南山表示，月底、月初有一个新冠病毒感染的小高峰，波峰感染数量约万每周。而到月底预测将出现本轮疫情的高峰，感染数量约万每周。二、市场分析、昨天三大指数低开探低回升，全线收涨，上证指数最低探至点回升，反弹当天高点点后回落，遇阻天均线，收盘涨，深成指、创业板基本和上证同步，分别收涨，两市成交量比上周五萎缩，北向资金全天净买入亿。、盘面观察，供销社概念、电力行业、减速器、统一大市场概念等板块涨幅居前，概念、游戏、教育、算力概念等板块跌幅居前。两市个股涨多跌少，超只个股上涨。、板块方面，电力产业链表现强势。消息面，国家发改委对《电力需求侧管理办法（征求意见稿）》《电力负荷管理办法（征求意见稿）》向社会公开征求意见。其中，《电力需求侧管理办法（征求意见稿）》提出，建立和完善需求侧资源与电力运行调节的衔接机制，逐步将需求侧资源以虚拟电厂等方式纳入电力平衡，提高电力系统的灵活性。在利好政策密集推进、实际需求日益旺盛、电力现货市场日益发展等多因素的推动下，能够聚合、优化、协调海量分布式资源的虚拟电厂迎来发展机遇期，预计到年虚拟电厂整体容量空间有望达亿元，到年市场空间或将达亿元。统一大市场概念异军突起，仓储物流板块和供销社概念活跃。国常会研究落实建设全国统一大市场部署总体工作方案或将标志着全国统一大市场建设进程的进一步加速，这将促进规模经济效应的释放，一方面提升有效需求，另一方面便利要素流动，提升资源配置和科技创新效率，为中国经济增长注入新动能。、技术面看，昨日上证指数收出一颗低开冲高遇阻的且上影线较长的阳线，并且量能是继续萎缩的，说明市场观望情绪浓厚。从均线系统来看，上证大盘重新回到了日均线和日均线上方，但依然受到了上方日均线和日均线的压制，技术面上方的压力较大。、总体看，沪指站上日均线，创业板指收十字星，短线维持震荡整理。目前股增量资金仍缺乏，市场流动性处于紧平衡状态。在存量博弈思维下，股的风格轮动或仍延续。股票财经,1.0,2023-05-23 09:04:45
月维持不变：年期为年期以上为月日，中国人民银行授权全国银行间同业拆借中心公布，年月日贷款市场报价利率（）为：年期为，年期以上为。以上在下一次发布之前有效。据了解，自年月以来，已维持个月不变。,0.0,2023-05-23 09:18:03
年月日贷款市场报价利率（），连续个月不变买房买房小知识房地产,0.0813147336677952,2023-05-23 08:45:29
刚刚公布最新报价已连续月保持不变社会热点正发声中国人民银行授权全国银行间同业拆借中心公布，年月日贷款市场报价利率（）为：年期为，年期以上为。以上在下一次发布之前有效。已连续月保持不变，对此你怎么看？贷款市场报价利率连续两个不调整展开,0.0270196690694008,2023-05-23 08:41:13
月日午间资讯汇总年月日贷款市场报价利率（）为：年期为，年期以上为网页链接,0.055334276240174,2023-05-23 09:17:51
利率报价中国人民银行授权全国银行间同业拆借中心公布，年月日贷款市场报价利率（）为：年期为，年期以上为。两个品种均与上月水平持平。经济，楼市，股市，需要一点刺激了,0.1337159713513766,2023-05-23 08:51:01
房产资讯月报价出炉：年期和年期均维持不变中国人民银行授权全国银行间同业拆借中心公布，年月日贷款市场报价利率（）为：年期为，年期以上为。以上在下一次发布之前有效。（福州微博房产）,0.0115918854164849,2023-05-23 09:16:55
连续月不变央行公布月报价月日，中国人民银行公布最新全国银行间同业拆借中心受权公布贷款市场报价利率（）公告。中国人民银行授权全国银行间同业拆借中心公布，年月日贷款市场报价利率（）为：年期为，年期以上为。以上在下一次发布之前有效。年期贷款市场报价利率（）和年期以上，均连续个月维持不变。深圳房产新闻,-0.0138083334594226,2023-05-23 07:17:51
明年能不能降到？中国人民银行授权全国银行间同业拆借中心公布，年月日贷款市场报价利率（）为：年期为，年期以上为。以上在下一次发布之前有效。贷款市场报价利率,-0.0112766414775536,2023-05-23 07:23:30
房产资讯月报价出炉：年期和年期均维持不变中国人民银行授权全国银行间同业拆借中心公布，年月日贷款市场报价利率（）为：年期为，年期以上为。以上在下一次发布之前有效。,0.0115918854164849,2023-05-23 07:16:49
月贷款市场报价利率不变今天（月日），中国人民银行授权全国银行间同业拆借中心公布，年月日贷款市场报价利率（）为：年期为，年期以上为，均与上月持平。网页链接（央视财经）,0.0039172646552256,2023-05-23 07:18:42
年月日贷款市场报价利率（）中国人民银行授权全国银行间同业拆借中心公布，年月日贷款市场报价利率（）为：年期为，年期以上为。以上在下一次发布之前有效。,-0.51824838646615,2023-05-23 07:18:24
南京公积金付房租提取额每月涨元月日起，南京公积金逐月还贷后剩余部分可还商贷月日，南京住房公积金管理中心发布“关于调整部分住房公积金政策的通知”。自月日起，缴存职工提取公积金支付房租限额每人每月增加元。同时，使用公积金购买二套房的，首套房人均面积只要不超平方米即可；多子女家庭购买首套房的公积金贷款额度和租房提取额度均上浮。政策自月日起施行。现代快报快快看视频的微博视频,0.0429598222405047,2023-05-25 22:40:29
南京公积金付房租提取额每月涨元月日起，南京公积金逐月还贷后剩余部分可还商贷月日，南京住房公积金管理中心发布“关于调整部分住房公积金政策的通知”。自月日起，缴存职工提取公积金支付房租限额每人每月增加元。同时，使用公积金购买二套房的，首套房人均面积只要不超平方展开,0.0401501393210133,------
南京调整住房公积金政策南京多子女家庭公积金贷款额度最高每户万南京住房公积金管理中心网站今日发布《关于调整部分住房公积金政策的通知》，其中，加大对多子女家庭住房公积金购房租房支持力度：多子女家庭（有两个及以上未成年子女），首次使用住房公积金贷款购买首套住房最高可贷额度，在普通家庭贷款最高限额基础上上浮，即多子女家庭最高可贷额度为万元人、万元户；对于无房的多子女家庭，每月提取住房公积金支付房租的限额提高。,1.0,2023-05-25 21:20:25
生育三孩就送亿韩元？韩企加入鼓励生育行列花式催生据调查，为了缓解韩国低生育率问题，韩国各大企业也加入到鼓励生育行列，致力于引入多元化的激励生育政策。近日，内衣专门公司裳邦尔在首尔总部举行了“生育奖励”仪式，宣布从今年开始，向工职满年以上的生育子女员工（包含今年展开,-0.0005645820691351,2024-02-24 08:52:53
《生二胎的纠结》这个讨论，起因是收到一个关于生二胎纠结的留言，可能很多朋友都有过这样的思考，不过这个问题的答案，肯定不是简单的是或者不是。二胎下面聊聊我的想法，正如留言中所说，生二胎的主要顾虑是时间就少了，经济压力也大，而想生的动力，一方面觉得小孩子有个伴，也希望老了展开,0.1752425815921006,2024-02-23 13:16:11
关于催生把生育自由还给能生育的人普通家庭到底要不要二胎宝贝成长守护计划最近又被催生了，我发现一个普遍现象，后特别热衷于催生，不管三七二十一，只要是知道有人结婚，第一话题一定是催生。而且他们还互帮互助，你催我家的，我催你家的，这种场面上的人情往来简直不要太好使。一开始非常纳闷，怎么这年头生了的还会被催？想想可能是当年“计划”的时候，把他们这辈逼狠了，每一代人都有一代人的底色吧。爷爷奶奶那辈就各种怕孩子没吃饱没穿暖，因为他们饿过冻过。父母这辈就各种怕孩子不生养而我们这辈呢？其实挺幸福的，一出生就是和平发展的时代，没有这么多执念，追求的生活自然也跟他们不同。有人希望儿女成群，就有人崇尚丁克；有人渴望自由自在，就有人希冀婚姻。把生育自由还给能生育的人，历史洪流、时代牢笼都应该停留在过去，而不是用来代系传承。大道理或许有用，但未必正确，催生止于智者。最近真的被小学生套牢了，一回家各种忙不赢，还没有从容起来，大脑都没有灵感，不想创作。暑假还有多久啊为什么年轻人越来越难恋爱了,1.0,------
争取一年抱俩篇反对早婚早育如何看待早婚早育第一生育大省也开始催生了,0.0042318840549878,2023-12-12 18:07:29
三孩催生无果，生育率再创新低，国家终于向住房“出手”了我们都知道，年国家放开二胎政策，年放开三胎，有了政策的鼓励，年轻人应该放开生才对，然而数据却一年比一年难看，从年到年，出生人口连跌。去年出生人口只有万人，负增长已经提前来临，其实想想挺可怕，如果没有人口的支撑，那么人口红利将提前结束，社会经济发展缓慢。因此，鼓励生育迫在眉睫。个人认为，要想解决问题，就得先找出问题，那么年轻人不愿生娃的问题在哪？第一：生养成本高显然，如今生养一个孩子，绝不仅仅是吃饱穿暖那么简单，现在后后当了父母，他们对孩子的教育更重视，对孩子的期望更高。不仅要吃得好穿得好，在教育上也不能输在起跑线上，给孩子报各种辅导班、兴趣班、学区房，每一个都需要大量的资金。据知名机构预测，养育一个孩子到岁，大概需要万，如果在大城市，那就要上百万了。生活压力已经喘不过气，因此，年轻人更注重质量，而非数量。第二：高房价毫无疑问，房子是年轻人身上最重的一座大山，普通工薪阶层可以靠父母帮衬凑够首付，勉强买房。而有的人只能靠自己，连买房的资格都没有，没有房子连婚都结不了，还谈何生娃？其实问题很好找，关键是怎么解决，对此，人口学家梁建章提出一个方案，他建议生一个孩子奖励万，简单粗暴。还有其他专家也是大同小异，基本上都是现金补贴，实打实的帮助年轻人。关于鼓励生育，国家也有相关的政策比如打击高价学区房，教育资源过渡集中，导致天价学区房出现，目前，很多地区已经开始实行教师轮岗制，让教育资源更加均衡化，普通家庭的孩子，也能接受良好的教育。还有政策向刚需家庭倾斜，买房享受贷款优惠，降低首付比例，给予人才现金补贴。再比如保障性住房，这是国家政策的重中之重，保障房具备商品房所有的权益，主要是为了解决低收入人群的住房问题，商品房不再是唯一选择。随着各项政策落实，解决人口出生率低的问题也就指日可待了,0.0350840379309154,2023-12-12 18:21:44
这几天发生了很有意思，很讽刺的现象。一个邻居，这个邻居后，小两口年迎来了第一个小宝贝，沉浸在欢乐的气氛中，但是年，国家突然放开二胎，于是那一年，后甚至有部分后很多也开始造二胎计划，貌似憋了很久的大水突然开阀。无数的二胎宝贝投胎转世来到中国，于是呢，年猴年的孩子突增多万。所以有些事情不出事儿则已，一出事儿马上变味，这不是年秋季小学报名了吗，这里因为年的孩子太多，很多学校又开始统筹了，就是你有房子也不能就近入学，也要参与统筹，我这个邻居每天都担心自己的孩子分不到旁边的小学，但是这个旁边的小学真的很垃圾的一个街道小学，只是环境好一个点，教学水平特别一般，但是如果找人要花万塞进去，没办法啊，因为那一年孩子太多了而且很多都是胎，所以呢，根本上的原因是年很多二胎的到来占用了人家一胎的社会资源，国家为了开放二胎，刺激生育，只顾着催生，但是你倒是把一胎的事情整明白了再说啊，于是，今年好多小学学位预警红线，甚至很多都不招随迁子女了，逼着人家买房子，买了房子也不是万事太平，照样要统筹出去，被分有些学校特别偏，导致家长后老悔了，感觉被坑了，被卷死了，因为现在本身房地产市场风雨飘摇，为了上个小学又要去购置一套房产，很多就掉坑里了，有些没钱的家庭还办理假离婚，突然有感觉穿越到了年那会儿，所以，真的觉得年年上半年的孩子有点生不逢时，小万了，要面临多大的竞争这是，从年开始生育率又突然下降。这几年出生的孩子才万，于是呢，很多幼儿园又招不上孩子了，有些之前难以进去的私立园都开始降学费，降条件招生，就算这样，也招不上人。所以，投胎真是技术活儿，目前这个节骨眼，孩子成本越来越离谱，催你生，但是生出来以后的问题跟人家没半毛钱关系，全是拼父母自己的通天的本事，现在就是三胎互相抢资源，其实吃亏的都会是人家一胎的。太奇葩了，不说了，越说越觉得脑充血。专家建议放开三胎我国一孩生育率跌至成长高考,0.4341104259852849,2023-12-12 18:05:00
后，谜一样的存在：、小时候，他们赶上了计划生育、独生子女时代。、上小学的时候，他们赶上了教育改革，上学要交费，但那时候的大学不收费。、等到他们上大学的时候，义务教育开始免费，但上大学开始收费了。、毕业之前，工作还包分配；毕业后，又赶上工作不包分配、自谋职业。、工作一段展开,0.0004343186057141,2023-12-12 23:01:24
小湘速递第一生育大省也开始催生了：广东支持有条件的地区发放育儿补贴月日，广东省卫生建康委、省发展改革委等个部门《关于进一步完善和落实积极生育支持措施的实施意见》挂网公开，为减轻群众生育、养育、教育负担提供支撑。实施意见提出，强化税收、经济补助等支持政策。落实好岁展开,0.000112523599326,2023-12-13 11:32:56
第一生育大省也开始催生了哈哈哈哈哈哈哈哈哈哈哈哈哈哈哈哈哈哈哈哈嗝,0.0010702825281242,2023-12-12 18:22:13
第一生育大省也开始催生了不会后面的计划生育是满大街找女的受精吧加速，给我狠狠的加速,0.0001684589281979,2023-12-14 15:08:19
第一生育大省也开始催生了啥比玩意，谁管你啊，吃相这么难看打发叫花子呢？就不生急死你，搞得好像养小孩不用钱一样，自己都养不活还要养小孩，要驴干活都得先给驴吃饱饭吧？一张口就是“郭嘉发声咯大家快生啊”谁管你的，,-0.0004805100433649,2023-12-12 19:31:38
第一生育大省也开始催生了奴隶最大的复仇就是不再生产奴隶。,0.0031018051217538,2023-12-12 18:10:59
第一生育大省也开始催生了后还没开始发力不急,0.0013468369373758,2023-12-12 22:14:37
第一生育大省也开始催生了词条看得我好爽，请广东人会骂多骂。,0.0030630831447624,2023-12-12 18:34:58
第一生育大省也开始催生了：广东支持有条件的地区发放育儿补贴月日，广东省卫生建康委、省发展改革委等个部门《关于进一步完善和落实积极生育支持措施的实施意见》挂网公开，为减轻群众生育、养育、教育负担提供支撑。实施意见提出，强化税收、经济补助等支持政策。落实好岁以下婴幼儿照护费用个人所得税专项附加扣除政策。建立对依法保障职工生育权益用人单位激励机制。支持有条件的地区根据当地实际，对生育的家庭给予一定额度的育儿补贴。生育补贴现状一孩不补二孩少补三孩多补作为连续三年唯一出生人口超百万的第一生育大省，广东人口自然增长已呈下滑趋势。广东最新出台的生育支持措施，从住房层面着手，强调解决新市民、青年人等群体住房困难，从中也不难看出地方政府的考量。（每日经济新闻）,-0.0078492577890289,2023-12-13 01:05:25
广东发布多项措施支持多生育第一生育大省也开始催生了广东支持有条件的地区发放育儿补贴（来源：秦殇）枣庄在线枣庄在线的微博视频,0.0080411067170142,2023-12-12 19:32:23
广东发布多项措施支持多生育十月怀胎分娩的痛苦是女人在承受，想提高生育率，又不想回馈女人的贡献，这是头痛医脚。若是真有心，法律应该在继承、就业、离婚财产分割等方面，真正做到男女平等，甚至向女性倾斜。广东住房政策向多子女家庭倾斜第一生育大省也开始催生了,0.0573850729686964,2023-12-12 18:19:38
第一生育大省也开始催生了神经病啊打工第一大省罢了本广东人要在线发癫了快滚,0.0149778499649794,2023-12-13 16:13:00
你最期待哪方面的生育支持措施第一生育大省也开始催生了，民企要赶业绩哪个能说真把这些条例全都落到平民百姓的身上。现实是休个五一还要补两个星期的班。育儿除了给点个人补贴，我想其他的啥都不会有。但真给公务员这些真的有用吗？他们拿着工资还不办啥事，到底是真真切切的了解民生还是只要展开,0.0069459138928445,2023-12-13 04:18:47
第一生育大省广东，也开始“催生”了第一生育大省也开始催生了月日，广东卫健委发布《关于进一步完善和落实积极生育支持措施的实施意见》提出，加快建设生育友好省，稳妥有序实施一对夫妻可以生育三个子女政策及配套支持措施，不断深化优生优育及妇女儿童健康服务，完善托育、财政、税收、保展开,0.106926304085304,2023-12-12 19:40:52
第一生育大省也开始催生了不需要催，广东人生育意愿很强的，一家三个是标配，必须得生到男孩才行,0.0004295584822521,2023-12-12 19:32:46
第一生育大省也开始催生了我觉得现在最离谱的就是所谓的学位，上个学还要有学位，没学位没学上，哈哈搞笑，还是生的太多啦,-0.0030695143261901,2023-12-13 21:56:06
第一生育大省也开始催生了先分一个优秀的丈夫给我再说，请对我们后好点吧,0.0147128694523622,2023-12-13 13:35:44
第一生育大省也开始催生了为什么主动绝育原因不知道吗？你拿张嘴催个屁,-0.0007037249097593,2023-12-13 12:18:42
第一生育大省也开始催生了岁危机，年或者年房贷，甚至一百年房贷，自己都勉强活着，生什么？来做干电池？为资本家积累财富？,0.0003088413683629,2023-12-13 11:23:18
第一生育大省也开始催生了素质这么差还要繁殖？,-0.020789923280637,2023-12-13 11:13:41
投票：你最期待哪方面的生育支持措施第一生育大省也开始催生了，月日，广东省卫生建康委、省发展改革委等个部门发布《关于进一步完善和落实积极生育支持措施的实施意见》，为减轻群众生育、养育、教育负担提供支撑。你最期待哪方面的生育支持措施？（希隆）,0.824124563958523,2023-12-13 10:44:14
第一生育大省也开始催生了：广东支持有条件的地区发放育儿补贴月日，广东省卫生建康委、省发展改革委等个部门《关于进一步完善和落实积极生育支持措施的实施意见》挂网公开，为减轻群众生育、养育、教育负担提供支撑。实施意见提出，强化税收、经济补助等支持政策。落实好岁以下婴幼展开,0.0013591057670659,2023-12-13 08:35:22
第一生育大省也开始催生了少生优生，幸福一生我生了两个了，转了深户，还是读个公立都困难，谁还敢生哦,0.0232478569595403,2023-12-13 00:25:38
第一生育大省也开始催生了急啦？你们阴德的,0.0740818697052779,2023-12-12 23:18:36
第一生育大省也开始催生了别急，该生的总会生。不想生的怎么也不生。这都是你们应得的,0.0007667302228493,2023-12-12 21:47:21
广东鼓励用人单位安排外省独生子女护理假广东将建立更加灵活适宜的生育休假制度第一生育大省也开始催生了月日，广东卫健委发布《关于进一步完善和落实积极生育支持措施的实施意见》。实施意见提出，建立更加灵活适宜的生育休假制度。支持各地、各用人单位探索实施更加弹性、更加方便家庭照顾婴幼儿的生育休假制度，加强对职工的人文关怀，帮助职工更好地平衡工作和家庭关系，促进公平就业和职业发展。落实省人力资源社会保障厅、省卫生健康委联合印发的《关于进一步做好广东省人口与计划生育条例相关假期贯彻落实工作的通知》（粤人社规号），逐步建立完善政府、用人单位、个人等多方分担的假期用工成本机制，切实保障职工假期待遇。维护好独生子女家庭权益，外省户籍的独生子女父母，其子女在广东工作的，鼓励用人单位参照我省独生子女父母护理假规定安排其子女休假。（每日经济新闻）,0.0005659968714768,2023-12-12 21:17:35
广东要求促进解决青年人住房困难广东子女较多家庭可优先配租公租房第一生育大省也开始催生了月日，广东卫健委发布《关于进一步完善和落实积极生育支持措施的实施意见》。实施意见提出，加快完善住房保障体系。加快发展保障性租赁住房，促进解决新市民、青年人等群体住房困难。进一步完善展开,-0.0024797865453627,2023-12-12 20:46:18
广东鼓励用人单位安排外省独生子女护理假广东将建立更加灵活适宜的生育休假制度第一生育大省也开始催生了月日，广东卫健委发布《关于进一步完善和落实积极生育支持措施的实施意见》。实施意见提出，建立更加灵活适宜的生育休假制度。支持各地、各用人单位探索实施更加弹性、更加方便家庭照顾婴幼儿的生育休假制度，加强对职工的人文关怀，帮助职工更好地平衡工作和家庭关系，促进公平就业和职业发展。落实省人力资源社会保障厅、省卫生健康委联合印发的《关于进一步做好广东省人口与计划生育条例相关假期贯彻落实工作的通知》（粤人社规号），逐步建立完善政府、用人单位、个人等多方分担的假期用工成本机制，切实保障职工假期待遇。维护好独生子女家庭权益，外省户籍的独生子女父母，其子女在广东工作的，鼓励用人单位参照我省独生子女父母护理假规定安排其子女休假。（每日经济新闻，希隆）,-0.0011412852354783,2023-12-12 20:36:20
第一生育大省也开始催生了广东要求引导学生建立正向婚恋观月日，广东卫健委发布《关于进一步完善和落实积极生育支持措施的实施意见》。为减轻群众生育、养育、教育负担提供支撑。广东发布多项措施支持多生育实施意见提出，巩固拓展“双减”工作成果，严格落实义务教育阶段学科类校外培训收费政府指导价管理政策，减轻群众经济负担。加强家庭教育指导，引导家长形成科学育儿观念。加强校园健康教育，开展生长发育、性与生殖健康等方面的知识和技能教育，引导学生建立正向婚恋观、家庭观。（每日经济新闻，希隆）视频的微博视频,-0.0007408202065539,2023-12-12 19:47:14
第一生育大省也开始催生了：广东支持有条件的地区发放育儿补贴月日，广东省卫生建康委、省发展改革委等个部门《关于进一步完善和落实积极生育支持措施的实施意见》挂网公开，为减轻群众生育、养育、教育负担提供支撑。实施意见提出，强化税收、经济补助等支持政策。落实好岁以下婴幼儿照展开,0.3509877989099766,2023-12-12 18:57:16
北京租房提取公积金额度调整：每人每月增至元中央国家机关住房资金管理中心日发布通知指出，提高租房提取额度，无自有住房且租赁住房的可按每人每月元限额提取。为发挥住房公积金互助保障功能，支持“租购并举”的住房制度建设，助力新市民、青年人解决基本住房问题，中央国家机关住房资金管理中心（以下简称资金中心）进一步优化住房公积金提取政策、规范提取行为。,-0.4689933970427485,2023-08-16 20:14:51
青岛发布公积金提取新政为加大住房公积金租房支持力度，助力新市民、青年人安居，市住房公积金管理中心自月日起，围绕增强政策的普惠性、针对性及便捷性，优化调整住房公积金租赁提取政策。本次政策调整坚持“租购并举”，着力加大住房公积金资金支持力度，释放制度红利。一方面，提高租房提取额度。无房职工租住商品住房的，零材料每人每月提取金额上限由元提高至元；额外提供租赁备案凭证及发票的，夫妻双方每月提取金额上限由元提高至元，加大租房资金保障。另一方面，强化“租购衔接”政策。新政统筹兼顾职工租房、购房需求，职工购买家庭首套自住住房申请住房公积金贷款的，申贷时点一年内的租赁提取金额均可纳入贷款额度计算，有力支持职工购房，提振住房消费。本次政策调整结合不同群体住房需求特点，进行了针对性设计，着力提高政策保障的精准度和实效性。针对新市民、青年人群体，支持租房全额提取。青岛无房的新市民（未获得我市户籍或获得青岛户籍不满三年）及青年人（周岁以下），可按月全额提取本人住房公积金月缴存额支付房租，实现“尽提应提”，帮助新市民、青年人解决住房困难问题。针对各类住房保障群体，积极扩大受益范围。除租赁公共租赁住房，职工租赁保障性租赁住房、租赁型人才住房也可按照实际房租支出提取住房公积金，支持职工刚性住房需求。本次政策调整聚焦优化营商环境，不断增强提取办事便利，着力提升群众办事体验。创新推出“住房公积金支付”房租新模式，职工承租住房租赁企业统一管理运营的住房，租赁企业开通住房公积金支付商户服务的，职工可直接使用住房公积金支付房租，无需动用自有资金先行垫付，缓解租房资金压力。另外，青岛租赁提取已实现了多渠道、零跑腿网上办理，职工租赁各种类型住房，均可通过青岛住房公积金网上营业厅、“青岛公积金”微信公众号智慧网厅、“爱山东”政务服务平台移动端等渠道线上办理提取手续，一次不用跑、资金到账快、办理效率高，让市民群众切身享受到政策实惠。（青岛新闻网）,1.0,2023-08-16 20:36:46
重庆楼市重磅重庆调整优化公积金政策重庆市住房和城乡建设委员会日出台《关于进一步优化住房公积金使用政策的通知》。七项举措支持住房公积金缴存人的刚性和改善性住房需求，租购并举助力解决新市民、青年人住房问题。其中包括：、已出售住房及其结清的商业性个人住房贷款记录不作为住房套数认定依据、加大对多子女缴存人家庭租房支持力度、住房公积金租房提取额度每人每月再次提高元,0.0337899659565446,2023-08-16 21:04:33
重磅重庆调整优化住房公积金政策月日，重庆市住房公积金管理中心发布《关于进一步优化住房公积金使用政策的通知》（以下简称《通知》），七项举措支持住房公积金缴存人刚性和改善性住房需求，租购并举助力解决新市民、青年人住房问题。详情,0.1648119989774191,------
重庆住房公积金租房提取额度再提元重庆：住房公积金租房提取额度每人每月再次提高元财联社月日电，重庆市日出台《关于进一步优化住房公积金使用政策的通知》，七项举措支持住房公积金缴存人的刚性和改善性住房需求，租购并举助力解决新市民、青年人住房问题。在提高缴存人家庭租房提取额度方面，进一步加大租房自住支持力度，缴存人家庭在重庆市无自有住房且租赁住房的，中心城区缴存人提取额度提高至每人元月，夫妻双方为元月；中心城区以外区县缴存人提取额度提高至每人元月，夫妻双方为元月。,0.3500924552544898,2023-08-16 09:20:01
河南制定住房公积金支持新市民租购住房政策河南：制定住房公积金支持新市民租购住房政策财联社月日电，《河南省实施扩大内需战略三年行动方案》印发，其中提到，坚持“房子是用来住的、不是用来炒的”定位，鼓励各地因城施策采取发放购房补贴、契税补贴等措施，支持人才购房落户和城乡居民合理住房消费需求。积极做好不动产“带押过户”工作，鼓励建立跨银行业金融机构贷款协同机制，推进登记、贷款、放款、还款等环节无缝衔接。健全多主体供给、多渠道保障、租购并举的住房制度，增加保障性租赁住房供给，完善长租房政策，培育专业化、规模化住房租赁企业，开展节能家电、环保家具租赁业务。制定住房公积金支持新市民租购住房政策。,0.2926682786881913,2023-08-16 10:57:11
华泰固收住建部表态的三个新增信息事件住建部近日召开企业座谈会，提出要进一步落实好降低购买首套住房首付比例和贷款利率、改善性住房换购税费减免、个人住房贷款“认房不用认贷”等政策措施。点评、本轮下行中，政策层面首提“认房不认贷”。“认房认贷”属于二套房界定标准，用于约束首付比例和房贷利率。“认房”是借款人在拟购房所在地的房屋登记信息系统中拥有房屋的情况，“认贷”是借款人在银行征信系统中的房贷记录。若执行“认房认贷”，即贷款买房时，只要借款人名下有房或有房贷记录，都将被界定为二套房。实操中，各城市可能进一步细分为无房无贷、无房有贷、有房无贷、有房有贷四种类型，分级设置首付比例和房贷利率。对于住房套数认定，人群范围上以家庭为单位（包括借款人、配偶及未成年子女）。区域范围上各城市存在差异，例如北上广深认房范围为全市，成都于年月规定近郊区住房不再纳入中心城区购房时家庭总套数。房屋类型上，长沙、重庆均于年发文提出存量房用作租赁住房可不纳入家庭住房套数计算。对于房贷记录认定，年以来二三线城市已多有放松，如年月郑州打响限购限贷放松“第一枪”时，就提出了拥有一套住房且房贷已结清的家庭，在购买二套房时适用于首套房贷款政策。年以来，兰州、贵阳、太原、福州、绍兴、杭州等城市均有出台类似政策，而一线城市尚未有放松动作，认贷范围均为全国，包含已结清和未结清贷款、商贷和公积金贷款。此次住建部提出“认房不认贷”，后续落地预计对一线购房利好较明显。一线“认房认贷”标准执行较严格，以北京、上海为例，北京二套房首付最低（普宅），最高。上海二套房首付最低（普宅）、最高。若实行“认房不认贷”，对于无房有贷人群，北京首付比例可降至（普宅）或，上海首付比例可降至。此外，房贷利率也将相应下调，以目前计算，若二套变首套，北京购房的房贷利率将由下降至，上海购房的房贷利率将由下降至。相较于公积金贷款、购房补贴等，认房认贷标准调整政策力度明显更大，尤其是在房价较高的核心城市，有利于释放更多改善性购房需求。、换购住房税费优惠新政策可期年月日，财政部和税务总局联合发布《关于支持居民换购住房有关个人所得税政策的公告》，指出自年月日至年月日，对出售自有住房并在现住房出售后年内在市场重新购买住房的纳税人，对其出售现住房已缴纳的个人所得税予以退税优惠。此次座谈会提出进一步落实好改善性住房换购税费减免，当前退税优惠政策能否延期，既有税费优惠是否加强落实，新增税费优惠是否出台（如放松二手房增值税免征年限、减免契税等），后续均可以期待。、首套房首付比例和房贷利率有望进一步下调年以来，首套房贷款政策已有优化。中央层面，年月首套房贷利率下限调整为，年月试点首套房贷利率动态调整，年月升级为常态化机制，允许新房价格环比同比连续个月均下降的城市自主下调或取消首套房贷利率下限。地方层面，各城市普遍降低加点来下调房贷利率。首付比例方面，许多二三线城市首套房首付比例已下调至的下限，强二线城市首套首付的情况较多，一线首套首付比例在。此次住建部表态后，首套房首付比例和房贷利率有望进一步下调，重点关注一线强二线城市政策动作。但是利率政策属于货币政策范畴，还需要后续中央统一协调。总体来看，此次座谈会表述兼顾了刚需和改善性住房需求，而从取消认贷、但维持认房也可看出，监管层在支持更好满足合理购房需求的同时，仍注意避免刺激大幅投机性需求。“房住不炒”的隐性约束可能仍将存在，关键看销售和房价下行何时扭转。投机需求的变化仍需关注，但政策容忍度已有一定提高，后续一二线因城施策降首付、降房贷、认房不认贷等需求端放松的频次可能增加，重点关注一线城市进展。,0.6940541808905377,2023-08-01 09:11:39
各地周末密集调整优化房地产政策，一个原则就是，能多贷不少贷，能少付首付不多付，总之一个目的，就是把房市在最短的时间内最大高度的烘托起来。加油河南延津：拥有一套住房并结清房贷的家庭再次申贷购买新房执行首套贷款政策延津县人民政府发布关于印发进一步促进房地产市场平稳健康发展若干措施的通知、关于印发延津县进城购房优惠政策的通知。通知指出，通过“以旧换新”“以小换大”等方式购买改善性新建商品住房，持续完善“带押过户”业务流程，在住房按揭贷款、网签备案和不动产登记手续办理等方面提供便利。对拥有一套住房并已结清相应购房贷款的家庭，为改善居住条件再次申请贷款购买新建商品住房，银行金融机构执行首套房贷款政策。继续延长商品房契税补贴时间。凡在年月日至年月日缴纳商品房契税，且符合补贴范围的，住宅按照缴纳契税总额的给予补贴，商业用房按照缴纳契税总额的给予补贴。提高贷款最高额度，单方按时连续足额缴存住房公积金的贷款最高额度由万提高万元，夫妻双方按时连续足额缴存住房公积金的，贷款最高额度由万提高到万元。公积金缴存职工可提取账户余额帮助其直系亲属配偶、父母、子女购房，逐步推行住房公积金贷款“带押过户”。纳税人提交申报补贴时间延长至年月日。购房群众无论是否在城区就业，其子女接受义务教育的，享受与现有城镇居民子女同等入学、转学政策；其子女接受公办职业教育或公办幼儿教育的，享受现有居民同等政策。,-1.0,2023-08-02 08:56:17
小农讲法丨买房银行贷款利息几个点一、买房银行贷款利息几个点目前贷款期限年以上商业贷款基准利率是，受限购限贷政策的影响，各地银行对首套房贷款利率调整力度不同，全国首套房平均利率为，利率普遍上浮。二套房贷款利率普遍上浮。同期公积金贷款基准利率为，二套房贷款利率普遍上浮。第套房界定以借款人家庭（包括借款人、配偶及未成年子女）为单位认定房贷次数，已利用公积金贷款或者商业贷款购房的家庭，再次申请房贷，将视为第套房。二、买房子贷款一般多少年个人住房贷款长期限为年、个人商业用房贷款长期限为年、男士年龄不超过岁、你的年龄为男士长贷款年限、女士年龄不超过岁你的年龄为女士长贷款年限二手房的商业贷款与房产的实际成交价格、房屋所建的年代以及个人的收入状况有关。房屋市场的估值越高、可以取得的二手房能贷款额度也就越高。一般情况下、二手房能贷款额度为市场估值的成左右。当然、二手房的市场估值和很多因素相关、例如二手房的地理位置、房龄、配套设施等等二手房过于老旧、房龄超过年就较难取得贷款了、只有部分机构予以放款、但是能贷的金额不大其次、二手房能贷款多少还与申请人自身条件有关。三、贷款买房什么时候能拿到房产证农晓法提醒您，首先，根据建设部《商品房销售管理办法》，要求开发商应当在商品房交付使用之日起日内，将需要由开发商提供的办理房屋权属登记的资料，报送房屋所在地房地产主管部门。其次，按照《房地产开发经营管理条例》以及《城市商品房预售管理办法》的规定，预售合同购房人应当自商品房交付使用之日起日内办理房产证现房购房人自销售合同签订之日起日内办理房产证。最后，贷款买房的房产证取得时间，要看购房者与开发商签订的合同，房产证的办理首先以合同约定为准，如果超出合同规定的办理时间，开发商应该承担相关的违约责任。,-0.1353712332977123,2023-08-01 08:38:47
房产资讯国内方面央行：最新数据显示，今年月末，广义货币（）余额万亿元，同比增长；月末社会融资规模存量为万亿元，同比增长；今年上半年社会融资规模增量累计为万亿元，比上年同期多亿元；月份人民币贷款同比多增亿元；北京：今年月已竣工各类保障性住房万套；山东：购买高品质住宅的公积金贷款额度可按一定比例上浮；成都：拟挂牌拍卖宗地，面积约万，起始总价合计约亿元；安徽亳州：从今年月初开始，亳州市推出房产促销优惠活动，面向刚性和改善性住房需求群体公开发放购房券，即购房居民在银行平台支付元购买一张电子购房券，在参与促销活动的楼盘购房可抵一万元购房款；截至六月底，当地共发放张购房券拉动近亿元销售额；上海：日，上海第二轮土拍首批正式开拍，共出让幅地块，最终幅溢价成交，幅底价成交，总揽金约亿；本轮最大看点莫过于从“一次书面报价”改为“达到最高限价后摇号”，这意味着运气将成为决胜手；广东珠海：拟将多子女家庭首套房公积金贷款额度上浮；深圳：眼下，深圳“新政”满年。时间回到年，正是深圳房地产火热之际。这一年月日，深圳针对非深户口的刚需购房者暂停了购房许可，杜绝了单纯为购房而落户深圳的购房行为。当时市场对“新政”的评价是，“像制冷剂，让深圳房地产市场迅速降温”；有业内人士表示过去年，深圳楼市变化最明显的是二手房市场，整体价格更低，与卖家有了更大的议价空间；而新房市场因为整体地价是涨的，所以价格也在缓慢上行；另据乐有家研究中心数据显示，年深圳全市二手房成交均价万元平方米，而年上半年二手房成交均价为万元平，相比年前少了约元平；香港：市场数据显示，截至月底，香港整体住宅楼价较年高位累计下跌，非住宅物业市场的情况亦相近似；本月日，香港金管局启动楼市降首付等“逆周期调节”，需要注意的是，这是香港自年实施逆周期宏观审慎监管措施以来，首次放宽针对住宅物业的措施；行业方面同城、安居客：近日，同城、安居客发布《年上半年全国租赁市场报告》。报告显示，今年上半年租赁市场普遍呈现出全面复苏的状态。其中，个城市租赁价格指数呈现环比上涨，个城市租赁价格同比指数显著上涨；从城市价格表现来看，核心二线城市及省会城市的价格表现相对更佳；同时，政策持续发力，各地保障性租赁住房推进加快，将成为市场主要增量；海外方面近年来，在欧洲能源短缺，通货膨胀加剧等因素的影响下，全球高净值人群更倾向于将房地产作为投资标的，并由此推动全球豪宅投资持续活跃，市场避险情绪浓厚。近日，莱坊发布年《财富报告》指出，年，全球超高净值人士持有的财富总量缩水，共计减少约万亿美元。其中，欧洲降幅最大，高达，其次是澳大利亚和美洲。出于资产保值的目的，去年高净值人群对房地产的投资较为活跃。《财富报告》指出，年全球有的超高净值人士购买住宅，从而使得当年成为豪宅交易第二强劲的年份，仅次于年。来自：网络综合,0.0,2023-08-01 08:47:34
月日昨夜今晨，上市公司利好利空公告，公司发布负面公告一、公司重要消息、深改委新动作推动能耗双控转向碳排放双控、超预期月金融数据全面发力，社会融资大增，降准预期升温？人民银行发布年上半年金融统计数据报告，这是一份全面超预期的数据：中国月社会融资规模增量亿人民币，预期亿人民币；中国月货币供应同比，预期；中国月新增人民币贷款亿人民币，预期亿人民币。点评：专家指出，上半年，新增信贷投放呈靠前发力，企业端融资需求明显改善，有力支持了实体经济。在企业融资需求回升驱动下，贷款成为支撑社融新增的主要贡献力量。由于当前经济复苏的可持续性面临挑战，下半年还需要货币政策保持宽松态势，三季度存降准可能。、中报动态刷新记录林州重机预增上限超倍光伏成大幅预喜集中地预增翻倍的有家，林州重机预告净利润增速中值超倍，超越保利联合暂时领跑中报预增榜首；上海电力、亿晶光电、众兴菌业均预增超倍。预减方面，浪潮信息、中国巨石、三安光电等股业绩不佳，净利润预计增速下滑超。、集体出手自购基金经理：市场整体已经处于底部区间、多头出手人民币一度大涨超点，宏观层面释放三大利好、中国社科院金融所报告：建议阶段性提高财政赤字率，继续降息、监管摸底银行贷款直播，多家银行已排查完毕、珠海对多子女家庭公积金贷款政策征求意见：首套房贷款额度可上浮、胡锡进爆料炒股动机：想感受股民的悲欢喜怒二、偏正面公告、亿晶光电：预计上半年净利润亿元亿元，同比增长、同庆楼：预计上半年净利润为亿元至亿元，同比增长至、普利特：预计上半年净利润亿元亿元，同比增长、东鹏控股：预计上半年净利润亿元亿元，同比增长、晶澳科技：预计上半年净利润亿元亿元，同比增长三、偏负面公告、五连板大连热电：重组涉及的标的资产的审计、评估等相关工作尚未完成、西藏矿业：预计上半年净利润万元万元，同比下降、三安光电：预计上半年净利润亿元亿元，同比下降、未名医药：股东高宝林等拟减持不超股份、美吉姆：股东俞建模等拟减持公司不超股份,0.0,2023-08-01 09:09:00
