文本,宏观集群密度,帖子平均情绪值,宏观集群信任度值,群体情绪指数1,时间
海口回应放松楼市限售政策属实针对网传海口放松楼市限售政策，限售年限由“五年”改为“两年”的市场传闻，记者向海口市住房和城乡建设局进行了求证。海口市住房和城乡建设局工作人员回应称，消息属实，政策是上周五开始执行，但目前文件没有对外公开。房地产（中证金牛座）;0.0244956772334293;0.2056909513053453;0.9933507666512094;0.014396411206579085,,,,,
海口放松楼市限售政策：限售年限由“五年”改为“两年”近日，海口市住房和城乡建设局发布关于优化房地产政策的通知，对商品住房限制转让政策进行优化，即居民家庭购买的商品住房，在购房合同备案满年并取得不动产权证后可转让。据悉，此前海口的楼市“限售”政策为购房合同备案满年才可对外销售。（蓝鲸记者陈业）楼市动态房地产超话;0.0273775216138328;0.4541834336832129;0.7004875204461293;0.02505375327741617,,,,,
楼市动态网传海口放松楼市限售政策？官方回应消息属实月日，针对网传海口放松楼市限售政策，限售年限由“五年”改为“两年”的市场传闻，记者向海口市住房和城乡建设局进行了求证。海口市住房和城乡建设局工作人员回应称，消息属实，政策是上周五开始执行，但目前文件没有对外公开。针对网络广泛流传的红头文件内容，上述工作人员回复称，内容均属实。其中，多孩家庭可以购买第三套住房。;0.0014409221902017;0.9998763211120844;0.8224377545231923;0.0034082922404815507,,,,,
海口楼市限售年限由五年改为两年尿壶里都没几滴尿了，还在扭捏，还可以继续放松，哪怕全部解开也问题不大。;0.0014409221902017;0.8984322140722698;0.8681287408855919;0.0032326371052178947,,,,,
海口楼市限售改为两年海口楼市限售由五年改为两年月日，针对网传海口放松楼市限售政策，限售年限由原来“五年”改为“两年”的市场消息，向海口市产权交易中心购房资格审核部门进行求证，相关工作人员表示，“政策已经执行，备案满两年有证即可交易。”澎湃新闻，泽塔;0.031700288184438;0.2826184284258648;0.6226164184523719;0.01604468629807221,,,,,
海口放松楼市限售政策：限售年限由“五年”改为“两年”深圳楼市论谈海口放松楼市限售政策海口楼市动态海口楼市最新消息深圳楼市论谈的微博视频;0.0028818443804034;-0.8257276279935684;0.8224377545231923;-0.005629338364792089,,,,,
网传海口放松楼市限售政策？官方回应消息属实据中国证券报报道，月日，针对网传海口放松楼市限售政策，限售年限由“五年”改为“两年”的市场传闻，记者向海口市住房和城乡建设局进行了求证。海口市住房和城乡建设局工作人员回应称，消息属实，政策是上周五开始执行，但目前文件没有对外公开。针对网络广泛流传的红头文件内容，上述工作人员回复称，内容均属实。其中，多孩家庭可以购买第三套住房。;0.0014409221902017;-0.1627906976744191;0.8681287408855919;-0.0005857350631956577,,,,,
官方确认海口放松楼市限售政策：海口多孩家庭可购买第三套住房月日，针对网传海口放松楼市限售政策，限售年限由“五年”改为“两年”的市场传闻，海口市住房和城乡建设局工作人员回应称，消息属实，政策是上周五开始执行，但目前文件没有对外公开。针对网络广泛流传的红头文件内容，上述工作人员回复称，内容均属实。其中，多孩家庭可以购买第三套住房。（中证金牛座）;0.0043227665706051;-0.4325836058933341;1.0;-0.005378718487983541,,,,,
海口放松楼市限售政策消息属实月日，针对网传海口放松楼市限售政策，限售年限由“五年”改为“两年”的市场传闻，记者向海口市住房和城乡建设局进行了求证。海口市住房和城乡建设局工作人员回应称，消息属实，政策是上周五开始执行，但目前文件没有对外公开。（中证金牛座）;0.0216138328530259;0.5203024051409937;0.4878344779059064;0.01578000320409915,,,,,
实时播报：网传海口放松楼市限售政策？官方回应称消息属实月日，针对网传海口放松楼市限售政策，限售年限由“五年”改为“两年”的市场传闻，海口市住房和城乡建设局工作人员回应称，消息属实，政策是上周五开始执行，但目前文件没有对外公开。针对网络广泛流传的红头文件内容，上述工作人员回复称，内容均属实。其中，多孩家庭可以购买第三套住房。（中证金牛座）;0.0172910662824207;-0.703840255257099;0.9885573875990764;-0.034605468855719496,,,,,
海口回应放松楼市限售政策属实针对网传海口放松楼市限售政策，限售年限由“五年”改为“两年”的市场传闻，记者向海口市住房和城乡建设局进行了求证。海口市住房和城乡建设局工作人员回应称，消息属实，政策是上周五开始执行，但目前文件没有对外公开。（中证金牛座）;0.0057636887608069;0.9831572987153612;0.8224377545231923;0.013405207510694902,,,,,
行业要闻、由谷歌旗下拆分而来的医药公司宣布与礼来和诺华签署了首个制药合作伙伴关系合同，将技术用于新药物的发现。、美迎来第二大新冠感染浪潮警告：已成全球最主流新冠病毒。、全球首个通过碱基编辑疗法治愈的血红蛋白病患者诞生。、民航业主要指标有望创新高，国际市场成重要增长点。、瑞银：股倍投资机会全球难寻。、月日至日，全国商务工作会议在京召开，推动消费持续扩大，打造投资中国品牌。、海口放松楼市限售政策，限售年限由“五年”改为“两年”;0.1412103746397694;-0.071634260355006;0.908017813356923;-0.02641975152364311,,,,,
每日简报早上好年月日星期二农历冬月廿八、教育：推进义务教育教学改革，在全国设立个实验区、所实验校；、全国铁路日起实行新运行图，每天旅客列车增列；、继甲流后乙流患病比例明显升高，儿科医生：休息好是最好的药物；、我国大部三九期间气温偏高，南方多地暖如三月；、年春运月日开始，共天；、波音全球停飞股价暴跌；、陕西新添个国家级生态农场；、在华销量同比大跌；、广州：房票全市通用，可以转让、限转一次；、海口放松楼市限售政策：限售年限由“五年”改为“两年”；、东航京沪航线启用国产大飞机，经济舱票价元起；、“足球皇帝”贝肯鲍尔去世，享年岁，世界足坛悼念贝肯鲍尔；微语你之所以觉得时间一年比一年过得快，是因为时间对你一年比一年重要。早安秦东记的微博视频;1.0;0.6579552516968916;0.5283925287823842;1.0,,,,,
海口放松楼市限售政策：限售年限由“五年”改为“两年”月日据蓝鲸，近日，海口市住房和城乡建设局发布关于优化房地产政策的通知，对商品住房限制转让政策进行优化，即居民家庭购买的商品住房，在购房合同备案满年并取得不动产权证后可转让。据悉，此前海口的楼市“限售”政策为购房合同备案满年才可对外销售。股票;0.0072046109510086;-0.205745392298152;0.8681287408855919;-0.003701448918199224,,,,,
年月日星期二农历十一月廿八六部门部署无偿献血者激励奖励工作：优先用血、免费乘坐公交等。人社部：要对所有灵活就业人员免费提供基本就业公共服务。民航局：春运民航旅客运输量预计将达万人次，有望创历史新高。全国铁路明日起实行新运行图，每日旅客列车增加列。北京丰台：将探索建立教师退出机制，打破“铁饭碗”观念。浙江“个转企”新政：允许直接变更，无需注销个体户再设企业。海口放松楼市限售政策：限售年限由“五年”改为“两年”。广州“房票安置”政策细化：房票全市通用，可以转让、限转一次。客机舱门掉落事件后，多国航司停飞波音型客机。沙特发现世界级金矿，矿床长达公里，初步估算蕴含超过吨黄金。美国私营企业首次挑战登月任务，发射“游隼”月球着陆器。日本志贺核电站变压器因地震泄漏近万升油，油污流入大海。日本外相宣布：将向北约拨款约万美元，用于支持乌克兰。韩军：因朝鲜连续天炮击，朝韩再无缓冲区。也门胡塞武装提议：只要船只声明与以色列无关，就不会遇袭。;0.0072046109510086;0.649915101625469;0.9595107136103912;0.0129230184586292,,,,,
宏观跟踪：投资宏观经济深圳发布优化住房限购政策：本地户籍取消落户年限以及缴纳个人所得税、社会保险年限要求财联社月日电，深圳市住房和建设局发布关于优化住房限购政策的通知，一、本市户籍居民家庭（含部分家庭成员为本市户籍居民的家庭）限购套住房，本市户籍成年单身人士（含离异）限购套住房；取消落户年限以及缴纳个人所得税、社会保险年限要求。二、非本市户籍居民家庭及成年单身人士（含离异）能提供购房之日前年在本市连续缴纳个人所得税或社会保险证明的，限购套住房。本通知自印发之日起执行。来自财联社新政简单解读：深户：一入深户即可在深圳买房之前政策入深户年交社保年非深户：交年社保可在深圳买房之前政策交年社保此前市场预期为放开部分非核心区域的限购，本次新政超预期放松，基本回到年落户就能买房的时期，基本等于全面放开，因为落户深圳的门槛很低。;0.0058224163027656;0.99015476216785;0.8605247108954047;0.010529786555155005,,,,,
转：深圳楼市连夜出新政策，深圳楼市年后要逆风翻盘了。深户就可以买房了，不用看社保非深户三年社保即可买房这样大大释放了购房需求，深圳楼市新策详解非深户单身家庭套、社保年改年深户单身套、不看社保和落户年限深户家庭套、不看用看社保和落户年限觉得这个解读是对的吗？;0.0058224163027656;0.6552713930878156;0.8605247108954047;0.006968474190647898,,,,,
深圳优化调整购房政策深圳放松限购，落户即可买房；社保或个税年改年。成都春节后会迎来楼市放松吗？楼市调控楼市松绑;0.0058224163027656;0.5711269112299835;0.8605247108954047;0.006073640910426915,,,,,
北京通州限购优化月日下午，北京市通州区松绑限购政策，四类家庭，可在通州区购买套商品住房。一是在京未拥有住房的北京户籍居民家庭；二是在京已拥有套住房的通州区户籍居民家庭；三是在京已拥有套住房，与在通州区注册或经营的企业、疏解搬迁至通州区的党政机关、企事业单位存在劳动关系的北京户籍居民家庭；四是在京未拥有住房，与在通州区注册或经营的企业、疏解搬迁至通州区的企事业单位存在劳动关系的非京籍居民家庭。调整后，在通州区落户或就业的家庭，如需购买通州区商品住房，符合本市限购条件即可，取消了在通州落户或纳税、社保满三年的限制，更有利于促进疏解单位、企业从业人员在城市副中心安居置业，实现职住平衡。和之前的“双限”政策相比，第一类家庭无变化；第二类开庭取消了须在通州区落户、社保或社保年的限制；第三类家庭，京籍非通州户，只要劳动关系在通州，就可以再购买一套住房；第四类家庭，非京籍无房家庭不再“双限”，只要劳动关系在通州，北京社保或个税满年，就可以在通州区买房。;0.0043668122270742;-0.2451959738939879;0.8605247108954047;-0.0019556497892569166,,,,,
最新北京通州限购政策调整北京市住建委今天发布通知，在京具备购房资格的类家庭，可在通州区购买套商品住房。新政策变化最大的就是在通州区落户和就业的家庭，只要符合北京整体限购政策即可，取消了落户、社保或纳税需满年的要求。通州区落户或就业家庭买房不再双限（总台央视记者王丰）;0.0800582241630276;0.5169160279354253;0.7314514816448291;0.06424825873380308,,,,,
北京调整通州楼市限购政策据媒体报道：新政策变化最大的就是在通州区落户和就业的家庭，只要是符合北京整体限购政策即可，取消了落户、社保或纳税需满年的要求。这个是不是可以这么理解了？张三想在北京通州买房，只要有钱就可以了。对吗？疑问：那么买房了是否就可以通州落户呢？可以正常参加通州高考吗？补充：刚才看到的媒体报道是不完整的，在话题置顶的微博里看到了这图二张图片，解答了疑问。;0.2314410480349345;0.0171756429720294;0.7946177260706561;0.006704424848860909,,,,,
北京通州落户或就业家庭不再双限北京通州楼市限购政策优化你会在通州买房吗北京市住建委和通州区政府月日发布，即日起，在京具备购房资格的四类家庭，可以在通州区购买一套商品住房。新政策变化最大的就是在通州区落户和就业的家庭，只要符合北京整体限购政策即可，取消了落户、社保或纳税需满年的要求。（北京日报）你计划在北京通州买房吗？新浪财经的微博投票;0.9912663755458516;0.5994527178124724;0.7928751464541154;1.0,,,,,
最新北京通州限购政策调整北京市住建委今天发布通知，在京具备购房资格的类家庭，可在通州区购买套商品住房。新政策变化最大的就是在通州区落户和就业的家庭，只要符合北京整体限购政策即可，取消了落户、社保或纳税需满年的要求。通州区落户或就业家庭买房不再双限;0.0014556040756914;-0.7023086026109036;0.8605247108954047;-0.00186717267943826,,,,,
上海苏州同日优化住房限购政策上海优化住房限购政策经观上海单身也能买房了，苏州可以随便买月日，上海印发《关于优化本市住房限购政策的通知》，宣布优化住房限购政策，明确非沪籍居民缴满年社保，可在外环以外区域（崇明区除外）限购套住房。此前，上海要求非上海户籍单身人士购房，需满足“年社保已婚”条件。同日上午，苏州也对新房、二手房全面取消限购。苏州市房地产市场和交易管理中心一位工作人员告诉经济观察网，从月日起，苏州不再进行购房资格的审核。“无论是本地、外地人，名下有多少套住房，都可以在苏州买房。”实际上，早在年月，金山区便打响了上海放开单身限购的“第一枪”，到了年月日，上海青浦、奉贤两区也跟进人才购房政策，非沪籍单身人才交满年社保即可购房。经济观察报视频的微博视频;0.0043668122270742;-0.1754414387841749;0.8605247108954047;-0.0013992970901453069,,,,,
感觉到今年年底，京沪市内区，单身年社保可买房，其余区域，单身年社保即可。然后到明年，全市区单身社保年可买，然后买房送户口广州：优化调整限购政策放开平方米户型限购广州市人民政府办公厅发布关于进一步优化我市房地产市场平稳健康发展政策措施的通知。其中提出，优化调整限购政策。在限购区域范围内，购买建筑面积平方米以上（不含平方米）住房，不纳入限购范围。在限购区域范围内，居民家庭将自有住房用作租赁住房并办理房屋租赁登记备案手续的，或者在我市存量房交易系统取得房源信息编码并挂牌计划出售的，购买住房时相应核减家庭住房套数。（广州市政府）;0.0465793304221251;-0.4877081775186094;0.5691425822590288;-0.02744253620116578,,,,,
上海终于彻底不装了松绑，松绑，再松绑在严峻的现实面前，“贵族”上海，终于敞开怀抱欢迎外地人在上海买房了。月日，上海青浦、奉贤两个区同时官宣：凡在沪缴纳职工社会保险或个人所得税满年及以上、且在本市无住房，与青浦区、奉贤区用人单位签订年及以上劳动（聘用）合同且工作满年的非沪籍人才，可以在上海购买住房。注意，这里的非沪籍人才的界定，其要求是相对低的，不像之前的国内应届研究生或全球百强名校留学生，而是“具有大学本科及以上学历或学士及以上学位”等即可。上海松绑尺度如此之大，这在一年前是不可想象的。要知道，这次青浦、奉贤的超级松绑（所谓上海外地人才满年社保即可购房），已经是近期上海楼市新政的第二次紧急推进。上一次，月下旬，上海金山区突然官宣，金山外地人才社保满年可购房。短短三个月，上海大幅调降购房社保年限的试点，就从一个区扩大到三个区，再加上此前一直执行非沪籍年可购房的浦东偏远地带的临港新片区，上海非主城区购房的社保年限下调，事实上已经覆盖了一大半的区域。“贵族”上海终于不装了，终于褪下贵族的新装，这是什么节奏？这是上海楼市超级承压的节奏。这是中国城市博弈极限内卷的节奏。要知道，上海执行外地人满年社保方可购房的政策，从年上半年到现在，事实已经近年，但是，现在，上海多个非主城区均将外地人“年社保要求”紧急下调到“年社保要求”。更重要的，这事实松绑的，不仅仅是社保年限的“从年调低为年”，更是所谓人才界定的大幅放宽在特定试点区域，人才界定已经从之前的高级，调降为现在的事实中级。当下上海楼市局部区域的大幅松绑，这为下一步上海楼市全域的大幅松绑，事实已经做了一个铺垫。如果不出意外，如果上海楼市接下来继续承压，那么，可以预料，最迟年，上海楼市超大概率将会迎来全域范围的大幅松绑，从社保交缴年限的下调到人才要求的下调等等。当下上海楼市局部区域的大幅松绑，这其实是上海楼市超级承压的一个折射。刚刚过去的年，全国楼市整体承压，上海楼市也不例外，从住宅到商业和写字楼，从高端楼盘到中低楼盘，从上海核心主城区到类似青浦、奉贤、金山等外围区域，整个上海楼市都事实迎来了过去二三十年从未遭遇的楼市超级降温。尤其是住宅地产，上海所谓万以上的豪宅，大跌幅度的比比皆是，传统老破小的跌幅局部区域更甚，许多年较高位入手贷款购房的，首付款突然被跌没的、有的甚至因偿还不了贷款而遭遇法拍的，其数量也是呈几何级上升。在楼市如此惨淡的背景下，上海不得不紧急祭出大招，不得不先行启动局部外围区域楼市的大幅松绑，以期维稳楼市，以期维稳地方财政。当下上海楼市局部区域的大幅松绑，这更是中国城市博弈极限内卷的节奏。上海楼市遭遇超级承压，上海可以出招通过降低外地人购房门槛，从而起到消解上海楼市压力、以及吸纳外地人口的作用。但是，广大二三线城市、以及能量更低的城市呢，目前几乎已经无招可用，维稳政策空间几乎已经没有了能降低的门槛现在几乎已经全部降低了，当下遵循的，几乎已经是外地人零门槛购房、零门槛落户的，至多也就是补缴几个月社保而已（注意是“至多补缴”）。而上海现在还仅仅是局部非主城区降低门槛而已，接下来，还有主城区的降低门槛呢，还有主城区针对人才的界定呢，未来几年，上海维稳房价、维稳经济的政策空间，事实还有很多很多。这就一个残酷的现实这是一个存量博弈的时代，产业如此，楼市和城市也是如此。在前天的直播中，我曾经讲过，一线头部城市的上海和北京，即便未来房价还有一定的下行空间，但是，其整体的下行空间，一定会比全国其他城市小。上海和北京，即便未来房价还要下跌震荡一段时期，但是，其整体探底平稳的时间点，一定会比全国其他城市来得更早一些。比如，假设上海北京房价还有的下行空间，那么，全国其他城市房价的平均下行空间至少要有。比如，假设上海北京房价还要震荡下跌年，那么，全国其他城市房价的平均震荡下跌至少要有年。;1.0;-0.1298075679192741;1.0;-0.2755179510142198,,,,,
上海楼市上海楼市再出大招：青浦、奉贤两区非沪籍人口社保年即可买房，业内称：预计其他一线城市也会跟进。;0.0029112081513828;0.9572164481951422;0.8605247108954047;0.005089752264843324,,,,,
东方财富股票非沪籍单身也能买房了上海青浦、奉贤限购“定向松绑”非沪籍单身人士可以在上海买房的范围再扩大。月日，上海青浦、奉贤两区先后发布人才购房，在规定区域内，符合要求的非沪籍单身人才，社保交满年即可购房。两区的新政均放松了婚后方可买套房的限制，并将社保缴纳年限从年降低至年。上海青浦、奉贤新城区购房新政：非户籍人口社保三年可购房来自东方财富网;0.0014556040756914;0.9998883791306556;0.8605247108954047;0.0026583246411334507,,,,,
非沪籍单身也能买房了上海青浦、奉贤限购“定向松绑”上海青浦人才新城区购房新政非沪籍单身人士可以在上海买房的范围再扩大。月日，上海青浦、奉贤两区先后发布人才购房，在规定区域内，符合要求的非沪籍单身人才，社保交满年即可购房。两区的新政均放松了婚后方可买套房的限制，并将社保缴纳年限从年降低至年。盛松成称本轮房地产调控是必要的具体来看，青浦区与奉贤区均要求，在沪缴纳职工社会保险或个人所得税满年及以上、且在上海市无住房，与区域内用人单位签订年及以上劳动（聘用）合同且工作满年的非沪籍人才，同时用人单位和个人符合相关条件，可在青浦新城、奉贤新城区域范围内购买套住房，同时购房资格由居民家庭调整为个人。其中，青浦区购房范围为青浦新城东至老通波塘，南至沪青平公路（新），西至青浦大道，北至沪常高速，总面积平方公里。此外，根据城镇发展实际和产业升级需求，该购房区域范围可适当优化。奉贤区的人才购房区域总面积约平方公里，范围设定：北至大叶公路，东至浦星公路，南至上海绕城高速，西至沪杭公路南竹港；北至芝泽路，东至沪杭公路改线，南至八字桥路附近，西至地灵路。上海中原地产资深市场分析师卢文曦向第一财经记者表示，青浦和奉贤的购房新政，和临港最早的人才购房政策较为相似，对吸引人才进入重点发展的新城具有积极意义，同时对区域内楼市交易注入新的动力。卢文曦称，青浦和奉贤的两个新城本身就是楼市交易重点关注区域，在年初释放利好政策也显示出地方政府对产业、对楼市等多方面呵护，即便短期之内楼市不会有太直接的反应，预计也会在年后的小阳春兑现利好。非沪籍单身也能买房了上海青浦、奉贤限购“定向松绑”;0.0902474526928675;0.1310572807401784;0.5041569271799984;0.012656444846594816,,,,,
上海突发楼市新政：青浦、奉贤两区取消单身限购，社保年即可买房月日上午，上海部分区域突发购房新政，对原先的购房条件进行调整。据青浦区、奉贤区政府新闻办公室官方信息平台披露，凡在上海缴纳职工社会保险或个人所得税满年及以上、且在本市无住房，与区域内的用人单位签订年及以上劳动（聘用）合同且工作满年的非沪籍人才，并符合单位条件之一、个人条件之一的，可购买套住房，购房资格由居民家庭调整为个人。青浦区出台的人才新城区域购房政策显示，购房区域范围为青浦新城，东至老通波塘，南至沪青平公路（新），西至青浦大道，北至沪常高速，总面积平方公里。根据城镇发展实际和产业升级需求，上述购房区域范围可适当优化。在单位条件方面，若想符合上述条件购房，需要购房者的单位为青浦区产业发展方向，且工商注册地和税收户管地均在青浦区的企业，同时，是青浦区重点支持引进或为青浦区经济社会发展做出突出贡献的其他单位。个人条件方面，需具有大学本科及以上学历或学士及以上学位；具有中级及以上职称或职业资格；取得国家三级职业资格（高级工）及以上证书的高技能人才，工种与证书相符，且符合单位主导产业或行业（单位提供证明）；最近年内累计个月在本市缴纳职工社会保险基数大于等于本市上年度职工社会平均工资倍；入选“青峰”人才计划、市级及以上人才计划或具有相当层次的人才；青浦区经济社会发展紧缺急需或为青浦区经济社会发展做出特殊贡献的其他人才。需由用人单位提出、行业主管部门推荐并经区委人才办审核认定。青浦区委人才办方面表示，下一步，将进一步发挥多重战略叠加优势，通过华为、美的等龙头企业的带动作用，不断优化人才安居政策，提升人才吸引力，以新城为出发点加大对周边区域的辐射，把青浦打造成人才近悦远来的“幸福温暖家”。奉贤新城此次的人才购房新政实施范围约平方米公里。奉贤区新城区域人才购房实施细则显示，人才购房准入条件与青浦区相差不多，去年以来，市场对于上海五个新城（即青浦新城、奉贤新城、南汇新城、嘉定新城、松江新城）放松限购的呼声较高。目前，临港新片区（南汇新城）、奉贤新城、青浦新城以及金山区已相继放宽购房条件。截至发稿，嘉定和松江暂未公布购房新政。易居研究院研究总监严跃进认为，青浦与奉贤两个区域购房政策调整，跟此前金山政策的调整方向是一样的，针对人才适当放宽购房条件，认定条件较为宽松，将很大程度让更多人享受购房新政。严跃进表示，上述区域将是上海年新房供应较多的区域，市场关注度高。此次调整体现了上海落实差异化购房政策调整的导向，也充分体现地方政府对于人才的重视，反过来有助于区域实现“职住平衡”，提振购房需求。每日经济新闻;0.0058224163027656;0.0;0.8810133944881525;0.0,,,,,
突发上海奉贤、青浦区最新发布社保满年，无需以家庭为单位，单身即可买房。虽然取消上海郊区限购，对整个楼市行情不痛不痒，但也看得出政策导向趋势明显在变。甲辰年，是破土重生年，也是离运首年，楼市仍然是经济中流砥柱。只不过当任何商品迭代足够成熟后，必然会产生价格分化，有的是永远也坚挺不起来的焦土，有的却成为不断增高的珠峰。;0.0145560407569141;0.874478481500264;0.8673542720929873;0.02343358848149971,,,,,
期盼已久的降息，终于来了今天早上，月的贷款市场报价利率（）发布了，年期维持的利率不变，年期降息个基点至。无论是降息方式，还是力度，都让市场略感意外。首先，这是一次在（中期借贷便利）维持利率不变的情况下的降息，非常罕见。当前最重要的政策利率是年期，一展开;0.009685230024213;0.9032151656373808;0.5825427052704981;0.008108785849538929,,,,,
楼市房贷利率换锚以来最大幅降息落地大部分城市首套房贷利率进入字头，楼市“小阳春”稳了？年月日，中国人民银行授权全国银行间同业拆借中心公布最新贷款市场报价利率（），年期保持不变，年期以上下调个基点，由调整至。为何非对称降息？中指研展开;0.0012106537530266;0.9754861249694886;0.5648898960198769;0.0010615287424919036,,,,,
期盼已久的降息，终于来了今天早上，月的贷款市场报价利率（）发布了，年期维持的利率不变，年期降息个基点至。无论是降息方式，还是力度，都让市场略感意外。首先，这是一次在（中期借贷便利）维持利率不变的情况下的降息，非常罕见。当前最重要的政策利率是年期，一般在每月日发布，本月由于春节因素，是月日操作的，维持利率不变。为什么利率没有降低，而利率降低了？主要原因是本月降准落地，资金充裕，市场利率走低，给降息提供了空间。其次，这是一次“不对称降息”，年期没有降息，只给年期降息了。年期是实体经济贷款参考的基准利率；而年期，主要是给房贷定价参考的基准利率。所以，本次降息相当于给房地产行业“吃小灶”，只把利好给这个行业。第三，这是一次大力度的降息，幅度达到了个基点，相当于近年来常见降息幅度的倍左右。早些年，央行每次降息一般是个基点（再早是个基点）；采用方式后，尤其是最近两年降息幅度往往在个基点左右，甚至只有个基点。我把它比喻为“一个馒头掰几瓣”。刚刚官宣的降息，一下子降低了个基点，力度比较大。这也符合我之前的建议和预期。为什么此次降息只降低年期的，把利好主要给房地产行业？主要原因是进入年以后楼市继续降温，月成交数据非常难看。正是在这种情况下，北京、上海、深圳等城市出台了新一轮力度更大的楼市新政。春节期间，一线城市和个别二线城市成交有所回暖，但全国成交数据仍然在下滑。在这种时候，加大降息力度，给楼市送上更多温暖非常有必要。最近正在各地建立的“城市房地产融资协调机制”（项目白名单），力度非常大。目前仅六大国有银行对接的楼盘项目，就超过了万个，至少可以发放万亿以上的贷款。而年新增的开发贷，也不过多亿。当前楼市的主要问题，是需求端乏力，大家因为收入降低、收入不稳定而不敢、不愿买房。所以，未来政策的发力点应该在需求端下更大功夫。年期降息个基点，对需求端就是不错的利好。假设一个购房者贷款万元，按照年等额本息计算，如果之前买房利率是（基本上所有的城市，都允许在基准利率基础上下浮个基点），现在降低到（仍然是基准利率下浮个基点），月供可以减少元，总利息可以减少万元。对于已经在供楼的购房者来说，本次降息带来的利好，要到“下一定价日”之后才能享受。如果你选的“下一定价日”是月日，那么需要到年月日之后，才能享受到这次降息。目前公积金贷款利率是首套房（年期以上），二套房（年期以上）。随着不断降息，未来公积金贷款利率也可能会降低。本次降息官宣后，上证指数反而翻绿（到上午点半）。显示出当前市场心态仍然偏弱，说明有一些资金有“借利好兑现出货”的迹象。进入年，宏观政策有明显的“轰油门”的迹象。比如月日的降准，幅度达到了个百分点，是此前降准力度的两倍；今天的降息，也是此前降息力度的倍。这跟股市不断下跌，楼市迟迟不能回暖，有密切的关系。希望宏观政策继续发力，包括楼市的松绑力度还要加码。北京、上海、深圳要尽早取消非核心城区的限购，广州和其他城市要全面取消限购、限价、限贷等。股市上护盘的国家队，也要给予无限量流动性支持，彻底打赢这场人民币资产的保卫战。;0.009685230024213;-0.3793518852462115;0.4406341145624117;-0.002576067307881062,,,,,
钟正生：四问“非对称”降息作者：钟正生、常艺馨（钟正生系中国首席经济学家论坛理事、平安证券首席经济学家）事项：年月日，央行公布的年期报价维持不变，年期以上下调。、央行为何此时降息？）地产销售开年弱势。今年初至月日，我们统计的个样本城市新房销售面积展开;0.0060532687651331;-0.4152077176724985;0.5766584355202911;-0.0023062210173834577,,,,,
楼市小阳春要来了吗大幅下调百万房贷每月减元，楼市小阳春会来吗？据新京报：月日，年期以上正式下调，再次拉动房贷利率下降。当天上午，中国人民银行授权全国银行间同业拆借中心公布，年月日贷款市场报价利率（）为：年期贷款市场报价利率（）报；年期以上报。其中，年期以上由上期的降低为，直接下调个基点，创造了历史上有记录以来最大下调幅度。年期以上大幅度下调，对房贷利率有何影响？每月的房贷成本又能减轻多少？百万贷款每月减少约元“此次一次性下调了个基点，为历史上有记录以来最大下调幅度。”广东省规划院住房政策研究中心首席研究员李宇嘉认为：“过去最大下调也仅仅个基点。之所以大幅度下调，一方面在于楼市需求端基本面依旧疲弱，居民加杠杆购房的预期较低；另一方面，开年大幅度、一次性下调到位，避免挤牙膏，产生利率还会下调，再等等买房和贷款的市场预期，导致购买力观望。此次将红利一次性释放到位，产生明显的降成本效应，促进居民贷款买房。”“从历史上的调整来说，共有次五年期的下调，但过去下调幅度一般都在个基点进行。而此次一次性下调了个基点，属于历史上降息幅度最大的一次，这是强烈的信号。”易居研究院研究总监严跃进点评称：“降息对于房地产市场的影响积极。房地产市场当前正处于企稳复苏的阶段，但复苏过程需要巩固。降息利好资金成本的下调，直接引导房贷利率的下调，这对于房贷市场有积极影响。”具体就北京而言，去年月北京调整了住房商业贷款的利率。据机构测算，对于首套房贷，如果购买北京城六区内的住房，为当期个基点，之前为；如果购买城六区外的住房，则为当期，之前是。对于二套房贷，如果购买城六区内住房，为当期个基点，之前为；如果购买城六区外住房，则为当期个基点，之前是。而在此次下调后，如果是首套房贷，购买城六区内的住房贷款利率则降至，购买城六区外住房贷款利率则降至。如果是二套住房，购买城六区内的住房贷款利率则降至，购买城六区外住房利率则降至。那么，对于购房者来说，这次大力度降息能够减负多少呢？据测算，若按万贷款本金、年等额本息偿还方式计算，此次降息后购房者月供大约可以减少约元。“今年一次性降到位以后，后续降低的可能性不大。”李宇嘉补充说。非对称下调凸显“稳楼市”目标中泰证券首席分析师杨畅：“不同期限利率非对称下调，表明政策希望发挥作用的对象有所侧重。保持年期不变，或表明对制造业投资和消费的刺激意图相对平稳；由于年期与房地产市场的关联度相对较强，从前期来看，下调年期利率也是房地产市场需求端政策组合拳的一部分，现阶段大幅降低年期利率个基点，再结合近期围绕房地产市场密集出台了较多政策措施，充分体现了利率政策参与激活房地产市场、推动房地产市场良性循环的政策意图。”中原地产首席分析师张大伟指出：“如果说过去降息的目标是稳定经济，那么这一次单独对年期贷款利率进行降息，就是稳楼市，稳楼市才能稳经济。过去非对称降息都是只降一年期，而本次只降年期，对于楼市而言可以说是最近几年来的最大利好。”事实上，春节后，市场对于年期以上下调已有预期。从政策面来看，年伊始，央行就降准个百分点，释放长期资金超万亿元，同时，下调支农支小再贷款、再贴现利率个百分点，这些举措有利于降低金融机构的资金成本。再加上此前银行下调存款挂牌利率，商业银行负债端成本压力得到有效缓解，为进一步传导降低企业居民的信贷成本创造了有利条件。央行行长潘功胜此前在国新办发布会上表示，这些措施都将有助于推动信贷定价基准的贷款市场报价利率（）下行。需要额外补充的是，下降对于购房者来说，可以立刻享受到降息的利好。但是，对于存量房贷来说并非立即调整。一般来说，房贷利率的重新定价日是每年的月日或贷款的发放日（不同银行政策不同，用户可在签订贷款协议时进行选择），所以对于存量房贷，会在利率重定价日当天，按照最新报价利率加上合同约定的基点得出新的利率，在下一周期执行。业内：一二线城市楼市“小阳春”可期张大伟指出：“这次降息更多地影响一二线热点城市。在本次降息之前全国不少三四线城市已经出现了首套房利率普遍在，只有少数一二线城市还维持在上下。”据贝壳研究院监测的数据显示，年月百城首套主流房贷利率平均为，较上月降低（基点）；二套主流房贷利率平均为，与上月持平。其中，一线城市首套、二套房贷利率分别为、；二线城市首套利率降低至，三四线城市首套利率降低至。事实上，年月楼市表现不及预期，复苏乏力。月份，尽管作为房地产“领头羊”的一线城市调整了限购政策，降低了首付比例，但市场仍然低迷。据克而瑞数据显示，月份个重点城市新建商品住房整体成交万平方米，单月环比下降、同比下降，绝对量创年以来同期新低。“降息有利于保持房地产预期稳定，部分城市特别是一二线城市逐渐见底，市场快速企稳将是趋势，因此有望在年初再现一定范围的小阳春行情。”张大伟预计。;0.0012106537530266;0.0618343609667709;0.5648898960198769;6.728845214676921e-05,,,,,
楼市房贷利率换锚以来最大幅降息落地大部分城市首套房贷利率进入字头，楼市“小阳春”稳了？年月日，中国人民银行授权全国银行间同业拆借中心公布最新贷款市场报价利率（），年期保持不变，年期以上下调个基点，由调整至。为何非对称降息？中指研究院市场研究总监陈文静表示，年年初，央行下调了再贷款、再贴现利率，降准个百分点，释放了约万亿元中长期低成本资金，同时，去年底主要银行也下调了中长期存款利率，这些举措有效降低了银行的中长期负债成本，一定程度助推了下行。东方金诚解读称，报价由操作利率和报价加点共同决定，其中，报价加点主要受银行资金成本变化、信贷市场供求状况和信用风险溢价等因素影响。月操作利率保持稳定，这意味着当月报价的定价基础未发生变化，但当月降准落地，释放长期资金万亿，可为银行每年节约资金成本亿左右，增加了报价行下调报价加点的动力。回溯历史，自年月报价改革以来，在操作利率不变的情况下，年月、年月年期报价和年月年期以上报价进行过三次单独下调，主要受当时降准为银行节约资金成本等因素带动。另外，年月、月国内主要银行下调存款利率，再加上央行月日下调支农支小再贷款、再贴现利率个百分点，也对近期银行资金成本的下行起到了一定推动作用。万房贷年等额本息每月少还约元对于近期有购房打算的人群来讲，此次下调，意味着可以享受个基点的利率优惠，粗算，万元的房贷、年期等额本息还款，每月按揭将可减少约元，年最多可以省下万元利息支出。不过，需要注意的是，调整后，用户的房贷利率并非立即调整。一般来说，房贷利率的重定价日是每年的月日或贷款的发放日（不同银行政策不同，用户可在签订贷款协议时进行选择）。所以，对于存量房贷来说，会在利率重定价日当天，按照最新报价利率加上合同约定的基点得出新的利率，在下一周期执行。房贷利率换锚以来最大幅度降息落地东方金诚分析，年期以上报价是个人住房贷款和企事业单位中长期贷款的定价基准，当前楼市持续低位运行，投资稳增长需求较高，较大幅度下调年期以上报价有较强的必要性。在陈文静看来，本次非对称降息也体现了央行对于房地产行业的呵护，加大楼市托底力度，释放更加积极信号有利于稳定行业信心，促进投资和住房消费，进一步促进房地产市场平稳健康发展。年期以上大幅下调，降幅为年房贷利率换锚以来的最大幅度，此次也是历史上较为罕见的在利率不变的情况下非对称降息。下调后，当前购买首套和二套房房贷利率下限分别降至（年期以上个基点）、（年期以上个基点），进一步接近历史最低点，部分城市房贷利率已降至历史最低水平。诸葛数据研究中心首席分析师王小嫱也指出，由于现在大部分城市实行减点，意味着大部分城市首套房贷利率进入字头，以一线城市首套为例，北京城六区执行加基点为；非城六区执行为。“自去年季度以来，金融监管总局频频表态也支持房地产市场，本次开年降息也在意料之中，下调幅度超预期。”王小嫱表示，虽然一线城市政策优化细则落地，但从市场端来看年月市场表现平平，新房市场供需规模双缩，二手房成交量维稳、价格持续下滑，市场并未现明显改善。本次下调惠及群体较广，进一步降低购房成本，刺激有购房需求的购房者入市。东方金诚指出，年政策面的一个重点是要推动房地产行业实现软着陆，其中适度降低居民房贷利率是关键一招。东方金诚预计，今年除了作为居民房贷利率定价基础的年期以上报价会持续下调外，监管层还将通过下调首套房贷和二套房贷利率下限等方式，推动居民房贷利率下行。这在近期京、沪楼市新政以及此前央行和金融监管总局发布的《关于调整优化差别化住房信贷政策的通知》中已有所体现。楼市“小阳春”稳了？陈文静分析，当前行业调整态势未改，多项政策叠加有望助推市场情绪修复，预计将进一步巩固“小阳春”市场行情。年以来，房地产行业供需两端政策持续落地，需求端，春节前，一线城市接连放松限购政策，信号意义明显，意味着年楼市政策整体仍处于宽松阶段，更多城市将结合自身情况及时优化调整相关政策。供给端，月地方房地产融资协调机制加快建立，各地积极上报融资支持项目白名单，银行金融机构也积极对接，根据五大国有银行最新披露，其对接的房地产融资白名单项目已超过个。项目资金逐渐到位，一方面力促“保交付”，另一方面也有利于稳定企业预期，进一步稳定购房者信心。除此之外，今年以来，三大工程建设也在持续推进，北京、上海、广州、深圳、福州等地陆续公布年度或首批配售型保障房建设规模，合肥、广州、南宁等地公布首轮城中村改造计划，广州发放了第二批房票，对稳投资、促需求均将产生积极影响。从市场情况来看，受春节假期影响，今年以来供需两端政策落地的政策效果尚不明显，根据中指监测数据，年春节假期期间（），个代表城市新房日均成交面积较上年春节假期（）下降约，新房市场表现较为平淡。春节后，居民工作、购房置业逐渐进入正轨，一线及核心二线等前期出台政策的城市，政策效果有望进一步显现。本次年期以上大幅下调后，购房者置业成本下降，有望强化核心城市政策效果，“小阳春”行情或逐渐开启。但值得关注的是，去年同期高基数效应逐渐显现，接下来个月，不管是新房还是二手房销售规模同比表现或整体偏弱。;-0.0133171912832929;-0.0437103955351522;0.3795594817920699;0.0003515637766675248,,,,,
楼市小阳春要来了吗大幅下调百万房贷每月减元，楼市小阳春会来吗？据新京报：月日，年期以上正式下调，再次拉动房贷利率下降。当天上午，中国人民银行授权全国银行间同业拆借中心公布，年月日贷款市场报价利率（）为：年期贷款市场报价利率（）报；年期以上报。其中，年期以上由上期的降低为，直接下调个基点，创造了历史上有记录以来最大下调幅度。年期以上大幅度下调，对房贷利率有何影响？每月的房贷成本又能减轻多少？百万贷款每月减少约元“此次一次性下调了个基点，为历史上有记录以来最大下调幅度。”广东省规划院住房政策研究中心首席研究员李宇嘉认为：“过去最大下调也仅仅个基点。之所以大幅度下调，一方面在于楼市需求端基本面依旧疲弱，居民加杠杆购房的预期较低；另一方面，开年大幅度、一次性下调到位，避免挤牙膏，产生利率还会下调，再等等买房和贷款的市场预期，导致购买力观望。此次将红利一次性释放到位，产生明显的降成本效应，促进居民贷款买房。”“从历史上的调整来说，共有次五年期的下调，但过去下调幅度一般都在个基点进行。而此次一次性下调了个基点，属于历史上降息幅度最大的一次，这是强烈的信号。”易居研究院研究总监严跃进点评称：“降息对于房地产市场的影响积极。房地产市场当前正处于企稳复苏的阶段，但复苏过程需要巩固。降息利好资金成本的下调，直接引导房贷利率的下调，这对于房贷市场有积极影响。”具体就北京而言，去年月北京调整了住房商业贷款的利率。据机构测算，对于首套房贷，如果购买北京城六区内的住房，为当期个基点，之前为；如果购买城六区外的住房，则为当期，之前是。对于二套房贷，如果购买城六区内住房，为当期个基点，之前为；如果购买城六区外住房，则为当期个基点，之前是。而在此次下调后，如果是首套房贷，购买城六区内的住房贷款利率则降至，购买城六区外住房贷款利率则降至。如果是二套住房，购买城六区内的住房贷款利率则降至，购买城六区外住房利率则降至。那么，对于购房者来说，这次大力度降息能够减负多少呢？据测算，若按万贷款本金、年等额本息偿还方式计算，此次降息后购房者月供大约可以减少约元。“今年一次性降到位以后，后续降低的可能性不大。”李宇嘉补充说。非对称下调凸显“稳楼市”目标中泰证券首席分析师杨畅：“不同期限利率非对称下调，表明政策希望发挥作用的对象有所侧重。保持年期不变，或表明对制造业投资和消费的刺激意图相对平稳；由于年期与房地产市场的关联度相对较强，从前期来看，下调年期利率也是房地产市场需求端政策组合拳的一部分，现阶段大幅降低年期利率个基点，再结合近期围绕房地产市场密集出台了较多政策措施，充分体现了利率政策参与激活房地产市场、推动房地产市场良性循环的政策意图。”中原地产首席分析师张大伟指出：“如果说过去降息的目标是稳定经济，那么这一次单独对年期贷款利率进行降息，就是稳楼市，稳楼市才能稳经济。过去非对称降息都是只降一年期，而本次只降年期，对于楼市而言可以说是最近几年来的最大利好。”事实上，春节后，市场对于年期以上下调已有预期。从政策面来看，年伊始，央行就降准个百分点，释放长期资金超万亿元，同时，下调支农支小再贷款、再贴现利率个百分点，这些举措有利于降低金融机构的资金成本。再加上此前银行下调存款挂牌利率，商业银行负债端成本压力得到有效缓解，为进一步传导降低企业居民的信贷成本创造了有利条件。央行行长潘功胜此前在国新办发布会上表示，这些措施都将有助于推动信贷定价基准的贷款市场报价利率（）下行。需要额外补充的是，下降对于购房者来说，可以立刻享受到降息的利好。但是，对于存量房贷来说并非立即调整。一般来说，房贷利率的重新定价日是每年的月日或贷款的发放日（不同银行政策不同，用户可在签订贷款协议时进行选择），所以对于存量房贷，会在利率重定价日当天，按照最新报价利率加上合同约定的基点得出新的利率，在下一周期执行。业内：一二线城市楼市“小阳春”可期张大伟指出：“这次降息更多地影响一二线热点城市。在本次降息之前全国不少三四线城市已经出现了首套房利率普遍在，只有少数一二线城市还维持在上下。”据贝壳研究院监测的数据显示，年月百城首套主流房贷利率平均为，较上月降低（基点）；二套主流房贷利率平均为，与上月持平。其中，一线城市首套、二套房贷利率分别为、；二线城市首套利率降低至，三四线城市首套利率降低至。事实上，年月楼市表现不及预期，复苏乏力。月份，尽管作为房地产“领头羊”的一线城市调整了限购政策，降低了首付比例，但市场仍然低迷。据克而瑞数据显示，月份个重点城市新建商品住房整体成交万平方米，单月环比下降、同比下降，绝对量创年以来同期新低。“降息有利于保持房地产预期稳定，部分城市特别是一二线城市逐渐见底，市场快速企稳将是趋势，因此有望在年初再现一定范围的小阳春行情。”张大伟预计。专家称现在不买房五年又白忙;1.0;0.6284534259306533;1.0;1.0,,,,,
、央行今日进行亿元天期逆回购操作，中标利率为，与此前持平；、进行亿元年期操作，中标利率为，与此前持平。月日，人民银行下调金融机构存款准备金率个百分点，释放长期资金约万亿元。央行主管的《金融时报》指出，结合央行前期对外表态释放的信号，有分析师认为展开;0.0411622276029055;0.3581969440111878;0.570774165770084;0.013390967497319654,,,,,
钟正生：四问“非对称”降息作者：钟正生、常艺馨（钟正生系中国首席经济学家论坛理事、平安证券首席经济学家）事项：年月日，央行公布的年期报价维持不变，年期以上下调。、央行为何此时降息？）地产销售开年弱势。今年初至月日，我们统计的个样本城市新房销售面积较去年同期回落；克而瑞统计的月百强房企销售操盘金额同比降。春节假期国内出行火热、消费量增，新房销售却不尽如人意，正月初一至初十的商品房销售农历同比增速为，四五线城市返乡置业“缺席”形成拖累。）实际利率升至潜在增速附近。尽管年四季度一般贷款、个人按揭贷款名义利率均降至历史低位，但经通胀调整的实际利率水平仍然较高。年月同比增速为，较上月回落个百分点，意味着的一般贷款名义利率将对应的实际利率，或已超出当前中国潜在增速，不利于内生融资需求的充分释放。、如何平衡降息与银行息差？年二季度货币政策执行报告中，专栏为“合理看待我国商业银行利润水平”。可见，保持商业银行净息差基本稳定，已成为降息的一项考量。本次报价下调之前，“稳息差”已有铺垫。）降低银行计息负债成本。一方面，存款利率下调。年月下旬，国有大行率先调降挂牌存款利率，股份行、城农商行陆续跟进。另一方面，存单利率回落。去年月中旬，年期股份行同业存单发行利率一度接近高位。跨年后央行流动性投放力度较大，资金利率向政策利率回归，同业存单发行利率逐步降至年期利率之下，截止月日最新数据为，客观上也有助于降低商业银行负债成本。）降准和结构性工具支持。央行今年月下旬调降支农支小再贷款和再贴现利率，月初降准，去年四季度下调利率（详见结构性工具情况表），我们测算，分别节约商业银行年化资金成本亿元、亿元和亿元，三项政策合计约可提振商业银行净息差。、为何更大幅度调降年期？本次年期报价下调，为历史最大幅度调整，一年期却持平于此前。这既是“稳息差”约束下的腾挪平衡，又暗含“曲线平坦化”的政策诉求。一方面，着眼于中长期，更大力度支持重点项目的融资需求。注意到，地方专项债的剩余平均年限已从年末的年升至年末的年，体现重点项目的融资和偿还久期明显拉长。另一方面，维持短端利率在合理水平，也有“防空转”的政策意图。在期限利差较大的情形下，无论是非银机构还是优质企业，都存在以短期低息借款套取中长期高息收益的可能性，或削弱金融对实体经济的支持力度。详情链接：钟正生：四问“非对称”降息;0.0036319612590799;-0.8800745764993488;0.6441488700782224;-0.0032762258598581493,,,,,
月非对称降息：年期以上降个基点年期不变网页链接月非对称降息：年期以上降个基点年期不变澎湃新闻贷款市场报价利率（）迎来年首度下调，年期以上品种大幅下降个基点，年期品种保持不变。中国人民银行授权全国银行间同业拆借中心公布，年月日贷款市场报价利率（）为：年期为，保持不变，年期以上为，下调个基点。上一次调整要追溯到年月，当时年期下调个基点，年期以上按兵不动。年全年，年期累计下调个基点，年期以上下调幅度为个基点。尽管作为中期政策利率的利率在月保持不变，但市场对本月下调存在较强预期。年伊始，央行降准个百分点，释放长期资金超万亿元，同时，下调支农支小再贷款、再贴现利率个百分点，这些举措有利于降低金融机构的资金成本。再加上此前银行下调存款挂牌利率，商业银行负债端成本压力得到有效缓解，为进一步传导降低企业居民的信贷成本创造了有利条件。;0.0024213075060532;-0.8800745764993488;0.6500331398284295;-0.0022041026863992013,,,,,
、央行今日进行亿元天期逆回购操作，中标利率为，与此前持平；、进行亿元年期操作，中标利率为，与此前持平。月日，人民银行下调金融机构存款准备金率个百分点，释放长期资金约万亿元。央行主管的《金融时报》指出，结合央行前期对外表态释放的信号，有分析师认为，连续超额续作，银行体系流动性合理充裕，作为贷款市场基准利率的还可能下行，年期以上下降可能性更大。年四季度以来，央行通过净投放资金超万亿元，充分满足了金融机构流动性需求。利率通过公开招标形成，本月利率保持不变，同业存单利率等市场利率也较为平稳，表明利率稳定基本符合市场预期。也要看到，历史上有过利率不变但下降的先例，报价行会根据资金成本、市场供求和风险溢价等因素下调报价。月报价或将单独下调浙商证券认为，短期看，受汇率压力的掣肘，全面降息即降低逆回购、利率的概率不高，尤其是在央行近期刚实施“定向降息”的情况下。视线拉长至上半年维度，即相对较长的时间维度内，仍有降息概率，判断逆回购、利率是否降息核心关注走势，若其持续、大幅低于天逆回购利率，则有降息概率。从银行报价的角度，在当前“市场利率央行引导贷款利率”的机制下，全面降准定向降息有助于推动下行，预计月下降的概率大，并进一步传导至实体部门融资成本的降低。民生银行首席经济学家温彬表示，在降准释放万亿元流动性、定向降息以及前期存款利率调降的合力作用下，月份（贷款市场报价利率）调降的概率加大，推动融资成本稳中有降。在总需求磨底阶段，出于逆周期调节，下调（中期借贷便利）利率的可能性也依然存在，但何时调降尚存不确定性。传了好久的降息，终于要落地了？;0.0423728813559322;0.3961397859005098;0.4894732319027313;0.01307351314107296,,,,,
央行降准降息会如何影响市场？央行如期下调存款准备金率个百分点，向市场提供长期流动性约万亿元。对于此次降准，多家券商表示，本次降准幅度较大、力度较大、释放资金体量也较大，均超出市场预期，传递了积极信号，提振了当前偏弱的市场信心，同时也为春节提供了流动性支撑。展开;0.0157384987893462;-0.8645717060733984;0.5825427052704981;-0.01261301737350178,,,,,
北京将建设筹集保障性租赁住房万套北京今年将竣工各类保障性住房万套国务院新闻办公室今天举行“推动高质量发展”系列主题新闻发布会，北京市委副书记、市长殷勇介绍了北京立足首都城市战略定位，推动高质量发展有关情况。年，北京经济总量达万亿元，一般公共预算收入增长，展开;0.0174216027874564;0.3053954300875062;0.7170730046254401;0.009955859751335587,,,,,
北京房地产调控将强化一区一策北京今年将筹建万套保障性租赁住房月日，在国新办举办的“推动高质量发展”系列主题新闻发布会北京专场上，北京市委常委、常务副市长夏林茂在回答楼市调控相关提问时表示，北京始终坚持房子是用来住的，不是用来炒的。在这个过程中全面落实北京的总体规划，强化因区施策、一区一策、精准施策。夏林茂介绍，北京市今年将筹集建设万套保障性租赁住房，要完工竣工各类保障性住房万套，特别是要加大对一张床一间房的产品的供给力度，着重解决好新市民年轻人和一线务工人员的住房问题。北京商报北京商报的微博视频;0.1149825783972125;-0.0881091719598908;0.4889710204540184;-0.012927097938058477,,,,,
北京房地产调控将强化一区一策月日，在国新办举办的“推动高质量发展”系列主题新闻发布会北京专场上，北京市委常委、常务副市长夏林茂在回答楼市调控相关提问时表示，北京始终坚持房子是用来住的，不是用来炒的。在这个过程中全面落实北京的总体规划，强化因区施策、一区一策、精准施策。北京今年将筹建万套保障性租赁住房夏林茂介绍，北京市今年将筹集建设万套保障性租赁住房，要完工竣工各类保障性住房万套，特别是要加大对一张床一间房的产品的供给力度，着重解决好新市民年轻人和一线务工人员的住房问题。（北京商报记者王寅浩视频制作林琴）北京商报的微博视频;0.1707317073170731;-0.0983530541900667;0.5082576181206724;-0.02227156247301037,,,,,
北京房地产调控将强化一区一策北京房地产调控将强化因区施策、一区一策、精准施策月日，在国新办举办的“推动高质量发展”系列主题新闻发布会北京专场上，北京市委常委，常务副市长夏林茂在回答楼市调控相关提问时表示，北京始终坚持房子是用来住的，不是用来炒的。在这个过程中全面落实北京的总体规划，强化因区施策、一区一策、精准施策。夏林茂介绍，北京市今年将筹集建设万套保障性租赁住房，要完工竣工各类保障性住房万套，特别是要加大对一张床一间房的产品的供给力度，着重解决好新市民年轻人和一线务工人员的住房问题。在这些住房的位置选择上，北京将优先选择在地铁的站点的周边，新市民年轻人和一线务工人员工作生活的产业园区的周边，包括配套设施比较好的地区。夏林茂介绍，目前北京以绿化隔离地区为主体的城乡结合部，还有一定数量的村庄亟待并改善提升，即大家口中的城中村。这些城中村普遍存在一些问题，比如公共卫生，安全风险大，房屋的消防安全隐患多，配套设施落后等。在改造方面，北京也将结合区域的功能定位和区域的发展实际，采取拆除新建、整治提升、拆建结合三种模式，集中中心城的重点地区，和一些生态的关键节点，集中打一次攻坚战。夏林茂披露，今年北京计划推进个城中村的实施改造，消除安全隐患，改善生活品质和生活环境，提升城市的发展质量，也希望打造出一批示范的项目。谈及北京的房地产政策，夏林茂表示，北京始终坚持房子是用来住的，不是用来炒的。在这个过程中全面落实北京的总体规划，强化因区施策、一区一策、精准施策。北京采用租购并举、产城融合、职住平衡的方式，兼顾宜居宜业。优化房地产的调控政策，支持刚性和改善性住房需求，更多更好地满足多层次、多样化的住房需求，促进北京市的房地产市场化健康发展。北京支持幼儿园试点开办至岁托班北京今年将筹建万套保障性租赁住房（北京商报记者王寅浩视频制作林琴）北京商报的微博视频;1.0;0.4324761281601667;0.8860803475457318;1.0,,,,,
今年北京新增普惠托位万个新增普惠托位万个，竣工保障性住房万套北京今年将重点解决这些民生大事今天上午，国新办举行“推动高质量发展”系列主题首场新闻发布会，北京市委副书记、市长殷勇介绍，北京深化接诉即办改革，努力解决群众操心事、烦心事、揪心事；加强交通综合治理，争取中心城区绿色出行比例达到；更加关注解决“老老人”“小小孩”问题，为失能失智老年人提供更多照护支持，面向岁以下幼儿新增普惠托位万个；根据群众看病就医需求，不断深化“三医联动”改革；建设筹集保障性租赁住房万套，竣工各类保障性住房万套。北京领衔推动高质量发展首场发布会京视频的微博视频;0.0069686411149825;0.5;1.0;0.009092490555203472,,,,,
北京房地产调控将强化一区一策北京房地产调控将强化因区施策、一区一策、精准施策月日，在国新办举办的“推动高质量发展”系列主题新闻发布会北京专场上，北京市委常委，常务副市长夏林茂在回答楼市调控相关提问时表示，北京始终坚持房子是用来住的，不是用来炒的。在这个过程中全面落实北京的总体规划，强化因区施策、一区一策、精准施策。夏林茂介绍，北京市今年将筹集建设万套保障性租赁住房，要完工竣工各类保障性住房万套，特别是要加大对一张床一间房的产品的供给力度，着重解决好新市民年轻人和一线务工人员的住房问题。在这些住房的位置选择上，北京将优先选择在地铁的站点的周边，新市民年轻人和一线务工人员工作生活的产业园区的周边，包括配套设施比较好的地区。夏林茂介绍，目前北京以绿化隔离地区为主体的城乡结合部，还有一定数量的村庄亟待并改善提升，即大家口中的城中村。这些城中村普遍存在一些问题，比如公共卫生，安全风险大，房屋的消防安全隐患多，配套设施落后等。在改造方面，北京也将结合区域的功能定位和区域的发展实际，采取拆除新建、整治提升、拆建结合三种模式，集中中心城的重点地区，和一些生态的关键节点，集中打一次攻坚战。夏林茂披露，今年北京计划推进个城中村的实施改造，消除安全隐患，改善生活品质和生活环境，提升城市的发展质量，也希望打造出一批示范的项目。谈及北京的房地产政策，夏林茂表示，北京始终坚持房子是用来住的，不是用来炒的。在这个过程中全面落实北京的总体规划，强化因区施策、一区一策、精准施策。北京采用租购并举、产城融合、职住平衡的方式，兼顾宜居宜业。优化房地产的调控政策，支持刚性和改善性住房需求，更多更好地满足多层次、多样化的住房需求，促进北京市的房地产市场化健康发展。（北京商报记者王寅浩）;0.0174216027874564;-0.0239487131195201;0.6888888888888888;-0.0007500396537004433,,,,,
北京将建设筹集保障性租赁住房万套北京今年将竣工各类保障性住房万套国务院新闻办公室今天举行“推动高质量发展”系列主题新闻发布会，北京市委副书记、市长殷勇介绍了北京立足首都城市战略定位，推动高质量发展有关情况。据介绍，年，北京经济总量达万亿元，一般公共预算收入增长，突破亿元，人均地区生产总值、万元地区生产总值能耗水耗保持全国省级地区最优水平，高质量发展迈出坚实步伐。今年，北京将坚定有序疏解非首都功能，携手津冀共同打造交通一体、生态共建、服务共享、功能协同的首都都市圈，加快建设中国式现代化的先行区、示范区。在发展新质生产力上发挥北京优势。以科技创新引领现代化产业体系建设，加快推进集成电路、新能源汽车、生物制造等一批标志性项目，巩固扩大人工智能、高级别自动驾驶等行业领先优势。在打好污染防治攻坚战方面，北京将协同推进降碳、减污、扩绿、增长；积极稳妥推进碳达峰碳中和，持续优化能源结构，扩大外调绿电规模，力争绿电占比达到。在推进改革扩大开放上，北京将加速落实新一轮国家服务业扩大开放综合示范区建设方案，深入推进自贸试验区提升行动，再形成一批可复制、可推广的改革经验；推出更多直达快享、免申即享的惠企措施，努力营造稳定、公平、透明、可预期的一流营商环境。今年，北京还将着力保障和改善民生，争取中心城区绿色出行比例达到；为失能失智老年人提供更多照护支持，面向岁以下幼儿新增普惠托位万个；建设筹集保障性租赁住房万套，竣工各类保障性住房万套。（北京晚报记者吴娜、央视新闻客户端）;0.0278745644599303;-0.6992110795122279;0.8753931272831705;-0.04452298563011318,,,,,
近日（月日），从国家开发银行获悉，截至月日，该行已发放城中村改造专项借款亿元。据介绍，已发放的专项借款涉及北京、上海、广州、武汉等个城市的个项目，惠及城中村居民约万户，支持建设安置房万套。城中村改造乡村振兴;0.010752688172043;0.9976787809500258;0.6847432775663828;0.03592734872788661,,,,,
房地产粤港澳大湾区资讯粤港澳大湾区每日地产资讯（）住建部部长倪虹：有力有序推行现房销售，下力气建设好房子最高法：明确老旧小区加装电梯规则并保护超龄劳动者权益国开行：发放亿元专项借款，助力全国城城中村改造广州：部分银行实施新政策，长租或挂牌出售房产可核减限贷套数佛山：允许新建商品房“带押过户”贵阳：公积金异地贷款政策再优化，取消异地户籍限制，购买一二手房均可贷款深圳坪山、龙岗和罗湖区城市更新动态惠州出让宗土地大湾区城中珠海、广州、惠州、深圳新增个项目取证深圳近期部分项目销售动态;0.010752688172043;0.9998556463433704;0.6847432775663828;0.036005739692607626,,,,,
目前，国开行正在按照在广州召开的服务“三大工程”现场推动会的工作部署，全力以赴推进服务保障性住房建设和城中村改造工作取得扎实新成效。截至月日，国开行已发放城中村改造专项借款亿元，涉及北京、上海、广州、武汉等个城市的个项目，惠及城中村居民约万户，支持建设安置房万套。;0.053763440860215;-0.2546681482107282;0.6847432775663828;-0.045854194483014914,,,,,
国开行已发放城中村改造专项借款亿元涉及个项目财联社月日电，国家开发银行全力以赴推进服务保障性住房建设和城中村改造工作，取得扎实新成效。截至月日，国开行已发放城中村改造专项借款亿元，涉及北京、上海、广州、武汉等个城市的个项目，惠及城中村居民约万户，支持建设安置房万套。上证报;0.2043010752688172;0.1588296992102418;0.8749497435570448;0.13885933440160933,,,,,
据仓山区自然资源和规划局对外透露，目前福州市个城中村改造项目获得国家开发银行城中村改造专项借款授信亿元。其中，仓山区高宅片区城中村亿元改造项目合同已签订，并完成首笔贷款发放。;0.1397849462365591;-0.5084949276160463;0.9481187384476272;-0.32960922946370824,,,,,
日前，福州市个城中村改造项目获得国家开发银行城中村改造专项借款授信亿元其中，仓山区高宅片区城中村亿元改造项目合同已签订并完成首笔贷款发放。;0.1397849462365591;0.1925661815866759;0.6847432775663828;0.09014835474616727,,,,,
按照政策，凡是省会城市或城区常住人口超过万的城市，省会城市或城区常住人口超过万的城市。按照相关指标推算，纳入城中村改造、保障房建设的城市分别是个、个。广州市个城中村改造项目获得国家开发银行、农业发展银行首批城中村改造专项借款授信亿元，首笔发放亿元。合肥市包河区周谷堆片区等个城中村改造项目全部通过住建部审查，获得国家开发银行、中国农业发展银行首批城中村改造专项借款授信亿元，已签订借款合同亿元。郑州市申报首批城中村改造专项借款的个项目全部通过住建部审批，年计划发放额度亿元。发放当天，国家开发银行河南分行、中国农业发展银行河南省分行已向航空港区、惠济区放款亿元。济南也获得了首批城中村改造专项借款授信亿元，已发放款项亿元。;0.043010752688172;-0.3850483942878429;0.6847432775663828;-0.05546381541970493,,,,,
各地加速推进城中村改造专项贷款城获授信额度超万亿财联社月日讯（记者王海春）各地城中村改造专项贷款相关事宜，正在加速推进。据深圳当地媒体报道，日前深圳大鹏新区白石岗片区城中村改造项目获得国开银深圳市分行专项贷款支持，成功发放首笔借款。据悉，该笔贷款是深圳发放的首笔超大特大城市城中村改造项目专项贷款，将全部用于白石岗项目前期工作、征收补偿安置、安置住房建设以及安置住房小区的配套基础设施建设等。而在月日，上海首单城中村改造专项借款落地，规模亿元。国开行上海市分行向上海金桥集团有限公司发放首笔城中村改造专项借款，用于浦东新区唐镇小湾村、暮二村等地块城中村改造项目的前期工作和征收补偿。在此之前，广州、郑州、青岛、济南、合肥、沈阳、石家庄等地，先后公布了城中村改造借款最新进展。;0.1720430107526881;0.1828906219202486;0.9510323299533094;0.14635695216298664,,,,,
深圳城中村改造新玩法改造资金来自哪里？放水又一凭证。以前是房企申请贷款，现在的新模式城投牵头，央企代建，向国家开发银行申请专项贷款，然后深圳市分行批复专款支持。如今，深圳已成功发放首笔城中村改造借款。该笔借款要专款专用，首个落地项目为大鹏新区白石岗项目前期工作、征收补偿安置、展开;0.053763440860215;0.3423369579647412;0.5582155162881783;0.050249570286219555,,,,,
农文旅产业振兴研究院中关村物联网产业联盟高质量发展专精特新企业高质量发展促进工程城中村改造农村金融时报多个城中村改造项目获得专项借款在接受《农村金融时报》记者采访时表示，城中村改造，既是一项保障民生的托底工程，也是一项提升品质的发展工程。城中村改造专项借款的落地不仅有效缓解项目改造建设资金压力，也为改善城市空间结构、优化产业布局、改善民生和扩大内需注入了强劲动力。国家开发银行和农发行的相关分行在发放城中村改造专项借款时，需要进行严格的项目评估和风险控制。这包括：评估项目的可行性、预期收益、还款来源等，确保资金的安全性与合规性。针对不同城中村改造项目的特点和需求，国家开发银行和农发行的相关分行可以设计定制化的金融产品。比如：提供不同期限、利率和还款方式的贷款，以满足项目方的具体需求。链接地址：多个城中村改造项目获得专项借款;0.064516129032258;0.937799446166972;0.7608258639626476;0.2251402514356132,,,,,
亿元，全国超大特大城市城中村改造专项借款在上海首单落地月日，国家开发银行上海市分行向上海金桥（集团）有限公司发放首笔城中村改造专项借款亿元，用于浦东新区唐镇小湾村、暮二村等地块城中村改造项目前期工作、征收补偿等，该项目列入住建部年城中村改造专项借款项目清单。展开;0.021505376344086;0.6167536408918277;0.6847432775663828;0.044419754250790984,,,,,
上海首单城中村改造专项借款落地，规模亿元月日，国家开发银行上海市分行向上海金桥（集团）有限公司发放首笔城中村改造专项借款亿元，用于浦东新区唐镇小湾村、暮二村等地块城中村改造项目前期工作、征收补偿等，该项目列入住建部年城中村改造专项借款项目清单。（上观新闻）;0.1827956989247312;0.5029753371155349;0.5667878207464315;0.25487238202116524,,,,,
全国首批城中村改造专项借款成功落地西安据西安市住房和城乡建设局官方微信公众号“西安住建”日消息，月日，西安市高新区、浐灞生态区个城中村改造项目获得国家开发银行陕西省分行全国首批城中村改造专项借款亿元。此次全国首批城中村改造亿元专项借款的发放，标志着西安市新城中村改造工作实现良好开局。新闻发布会超话;0.032258064516129;0.4963835500204105;0.6847432775663828;0.053625711736760694,,,,,
亿元国家首批城中村改造专项借款落地郑州月日，国家首批城中村改造专项借款发放，郑州市申报首批城中村改造专项借款的个项目全部通过住建部审批，年计划发放额度亿元。发放当天，国家开发银行河南分行、中国农业发展银行河南省分行已向航空港区、惠济区放款亿元，用于项目前期工作、征收补偿、安置房和配套基础设施建设等。城中村改造是加快建设宜居、韧性、智慧的现代化城市的重要依托，也是满足人民群众对美好城市生活全新期待的实践路径。年月，国务院办公厅印发《关于在超大特大城市积极稳步推进城中村改造的指导意见》，郑州被列入个国家政策支持的试点城市之一。以此为契机，郑州市结合安置房建设和城市更新工作，制定了积极稳步推进城中村改造实施方案，以及历史文化传承保护方案、优化提升规划设计政策措施等，为城中村改造工作提供了有力政策支撑。年月，郑州市个城中村改造项目集中开工，总投资约亿元。改造重点是“消化存量、控制增量”，对于已拆迁项目，在加快建设改造进度的同时，积极采取“建设租赁购买”及货币化组合安置方式，确保尽快实现首套房未回迁群众户均套安置住房。对于尚未拆迁的村庄，坚持“非必要不拆迁”，以整治提升为主，确需拆除新建的，坚持规划先行、依法征收，先谋后动、动则必快、动则必成，确保把好事办好、实事办实。省住房城乡建设厅相关负责人表示，此次城中村改造专项借款资金到位后，将积极加强对郑州市城中村改造工作的调度指导，快速审批、拨付，迅速转化为有效投资，助推城中村改造工作提速增效。（来源：河南日报客户端）;1.0;-0.2546526250372294;0.8029014411592791;-1.0,,,,,
亿元国家首批城中村改造专项借款落地郑州月日，国家首批城中村改造专项借款发放，郑州市申报首批城中村改造专项借款的个项目全部通过住建部审批，年计划发放额度亿元。发放当天，国家开发银行河南分行、中国农业发展银行河南省分行已向航空港区、惠济区放款亿元，用于项目前期工作、征收补偿、安置房和配套基础设施建设等。;0.075268817204301;0.2049849579500501;0.6847432775663828;0.0516719042862761,,,,,
实时快报：亿元国家首批城中村改造专项借款落地郑州云财经讯，月日，国家首批城中村改造专项借款发放。郑州市的个项目已通过住建部审批，计划在年发放总额为亿元的借款。发放当天，国家开发银行河南分行和中国农业发展银行河南省分行已向航空港区和惠济区放款亿元，用于项目前期工作、征收补偿、安置房和配套基础设施建设等。;0.021505376344086;0.4233170169802578;0.6847432775663828;0.030488085708340284,,,,,
亿元国家首批城中村改造专项借款落地郑州财联社月日电，国家首批城中村改造专项借款月日发放，郑州市申报首批城中村改造专项借款的个项目全部通过住建部审批，年计划发放额度亿元。发放当天，国家开发银行河南分行、中国农业发展银行河南省分行已向航空港区、惠济区放款亿元，用于项目前期工作、征收补偿、安置房和配套基础设施建设等。河南日报;0.4193548387096774;0.0215484243235404;0.8559290969579785;0.03782897490359237,,,,,
首批城中村改造项目专项借款发放据国家开发银行、中国农业发展银行，首批城中村改造项目专项借款，月日起陆续在广州、郑州等城市发放，涉及项目超过个。（中国建设报）网页链接;0.075268817204301;0.6092938767732693;1.0;0.22430115517349652,,,,,
海口回应放松楼市限售政策属实针对网传海口放松楼市限售政策，限售年限由“五年”改为“两年”的市场传闻，记者向海口市住房和城乡建设局进行了求证。海口市住房和城乡建设局工作人员回应称，消息属实，政策是上周五开始执行，但目前文件没有对外公开。房地产（中证金牛座）;0.0024559375902918;0.2056909513053453;0.5161142941256004;0.001453785372474637,,,,,
楼市动态网传海口放松楼市限售政策？官方回应消息属实月日，针对网传海口放松楼市限售政策，限售年限由“五年”改为“两年”的市场传闻，记者向海口市住房和城乡建设局进行了求证。海口市住房和城乡建设局工作人员回应称，消息属实，政策是上周五开始执行，但目前文件没有对外公开。针对网络广泛流传的红头文件内容，上述工作人员回复称，内容均属实。其中，多孩家庭可以购买第三套住房。;0.0001444669170759;0.9998763211120844;0.7042922326571146;0.0005672695626666827,,,,,
网传海口放松楼市限售政策？官方回应消息属实据中国证券报报道，月日，针对网传海口放松楼市限售政策，限售年限由“五年”改为“两年”的市场传闻，记者向海口市住房和城乡建设局进行了求证。海口市住房和城乡建设局工作人员回应称，消息属实，政策是上周五开始执行，但目前文件没有对外公开。针对网络广泛流传的红头文件内容，上述工作人员回复称，内容均属实。其中，多孩家庭可以购买第三套住房。;0.0001444669170759;-0.1627906976744191;0.706248599970051;-9.261417953880237e-05,,,,,
能领多少，能领多久。领导顶着上限，员工卡着底线，这中间天差地别。这种工作强度，您还打算延退，积劳成疾的身体，领不到养老金，钱都给了医院，也就快再见了。原来担心养老金，现在要担心，下个月吃什么了。财政部回应养老金担忧;0.0226813059809303;-0.0319852953954518;0.5432697117675747;-0.002197636252949429,,,,,
财政部回应养老金担忧数据显示，截至年底，基本养老保险基金委托投资运营规模达万亿元，较前三季度增加万亿元。;0.0001444669170759;0.0655472988680687;0.7042922326571146;3.718758688226155e-05,,,,,
财政部回应养老金担忧养老金基金怎么办呢？;0.0037561398439757;0.4755210803517975;1.0;0.009959405651637316,,,,,
戳图快速了解个人养老金制度为何要发展个人养老金制度？个人养老金缴纳金额是多少？个人养老金如何领取、是否可继承？解答来了，快戳图了解学习相关法律知识人力资源和社会保障部浙江发布网友讨论财政部回应养老金担忧，相关知识了解一下，退休后养老保障很重要，转存微分享法姐讲法四川监狱浙江天气厦门天气在线转给更多人;0.0034672060098237;0.5236436442698649;0.5714014545624321;0.005784671740340768,,,,,
财政部回应养老金担忧只生一个好（）来养老。广大农村的老人有没有退休一说？有没有养老金？保险是怎么个情况？苦。;0.0014446691707598;-0.1278159783328059;0.7042922326571146;-0.0007251508271549251,,,,,
海口放松楼市限售政策消息属实月日，针对网传海口放松楼市限售政策，限售年限由“五年”改为“两年”的市场传闻，记者向海口市住房和城乡建设局进行了求证。海口市住房和城乡建设局工作人员回应称，消息属实，政策是上周五开始执行，但目前文件没有对外公开。（中证金牛座）;0.0021670037561398;0.8251578472288473;0.8711920072406588;0.008686253004335317,,,,,
实时播报：网传海口放松楼市限售政策？官方回应称消息属实月日，针对网传海口放松楼市限售政策，限售年限由“五年”改为“两年”的市场传闻，海口市住房和城乡建设局工作人员回应称，消息属实，政策是上周五开始执行，但目前文件没有对外公开。针对网络广泛流传的红头文件内容，上述工作人员回复称，内容均属实。其中，多孩家庭可以购买第三套住房。（中证金牛座）;0.0015891360878358;-0.1486390720881537;0.5600546930803104;-0.0007376433148678242,,,,,
海口回应放松楼市限售政策属实针对网传海口放松楼市限售政策，限售年限由“五年”改为“两年”的市场传闻，记者向海口市住房和城乡建设局进行了求证。海口市住房和城乡建设局工作人员回应称，消息属实，政策是上周五开始执行，但目前文件没有对外公开。（中证金牛座）;0.0005778676683039;0.9831572987153612;0.7042922326571146;0.002231136788017168,,,,,
很多人杞人忧天了财政部回应养老金担忧养老金按时足额发放有保证在月日的国新办新闻发布会上，财政部相关负责人表示，近几年我国养老保险基金收支状况得到有效改善。截至年底，全国企业职工基本养老保险基金累计结余接近万亿元，养老金按时足额发放是能够保证的。;0.0069344120196475;0.3834401824058222;0.7101613345959239;0.01052897712996655,,,,,
财政部：养老金按时足额发放有保证月日上午，国新办举行年全年财政收支情况新闻发布会。有记者提问，随着我国人口老龄化程度加深，人们对养老金的按时足额发放，以及养老金制度能否持续有所担忧。请问财政部对此有何回应？财政部资产管理司司长侯俊明应询表示，为确保养老金按时足额发放，近年来各级财政部门积极发挥职能作用，重点从三个方面发力：一是不断加大财政补助力度。年，中央财政安排基本养老保险补助资金约万亿元，重点向基金收支困难的中西部地区和老工业基地倾斜；地方各级财政也积极落实相关支出责任，确保及时足额发放基本养老金。二是实施养老保险全国统筹。按照中央部署，这项制度自年起开始实施，在全国范围内对各地基金结余进行合理调剂。年全国统筹调剂资金规模达到亿元，有效解决了地区间养老负担和基金结余分布不均衡的问题。三是加强养老保险基金管理。配合有关部门，规范各地基金收支行为，促进筹资和待遇政策更加公平合理，推动养老保险制度更加公平更可持续。“通过落实上述措施，近几年基金收支状况得到有效改善。截至年底，全国企业职工基本养老保险基金累计结余已接近万亿元，养老金按时足额发放是能够保证的。”侯俊明说。;0.0026004045073678;0.9831572987153612;0.7082049672829874;0.010095893965778653,,,,,
财政部回应养老金担忧这万亿够股亏几天的？？据彭博社统计，中国的股市（包括香港）过去年跌掉了万亿的市值。股超话基金超话;0.0052008090147356;0.0536244561241376;0.706248599970051;0.0010982805701536063,,,,,
财政部回应养老金担忧我比较担心的是后的养老金以后能足额发放吗？;0.0037561398439757;-0.61236790213595;0.9782725253253668;-0.012546885148393385,,,,,
财政部回应养老金担忧以后以后以后，不是现在;0.9549263218722912;0.2312457648637448;0.8121466430591014;1.0,,,,,
财政部回应养老金担忧财政部：养老金按时足额发放是能够保证的，去年不存在财政支出收缩的情况;0.0014446691707598;-0.230021490562731;0.706248599970051;-0.0013086283140931025,,,,,
财政部回应养老金担忧当下是足够的，我们担心的是我等我们老了;0.0026004045073678;0.0733126156836591;0.7042922326571146;0.000748676873386327,,,,,
我觉得现在的年轻人就应该多生孩子，有足够多的年轻人来工作这样以后就不怕养老金不够用了财政部回应养老金担忧;0.0300491187518058;0.2145323643162915;0.4270828713983575;0.015351775378049541,,,,,
财政部回应养老金担忧养老金稳中向好。不缺请大家放心。;0.0104016180294712;-0.0312059442290522;0.4858415641994419;-0.0008793358716546626,,,,,
财政部回应养老金担忧：结余近万亿，能够保证按时足额发放月日上午，国务院新闻办召开新闻发布会，介绍年全年财政收支情况，并回答问题。有记者提问，随着我国人口老龄化程度加深，人们对养老金的按时足额发放，以及养老金制度能否持续有所担忧。请问财政部对此有何回应？财政部资产管理司司长侯俊明表示，这是一个大家都非常关心的问题。我国人口老龄化加快发展，老有所养是一项重要的民生工程。养老金的发放，关系到千家万户，关系到百姓福祉。为确保养老金按时足额发放，近年来各级财政部门积极发挥职能作用，重点从三个方面发力：一是不断加大财政补助力度。年，中央财政安排基本养老保险补助资金约万亿元，重点向基金收支困难的中西部地区和老工业基地倾斜；地方各级财政也积极落实相关支出责任，确保及时足额发放基本养老金。二是实施养老保险全国统筹。按照中央部署，这项制度自年起开始实施，在全国范围内对各地基金结余进行合理调剂。年全国统筹调剂资金规模达到亿元，有效解决了地区间养老负担和基金结余分布不均衡的问题。三是加强养老保险基金管理。配合有关部门，规范各地基金收支行为，促进筹资和待遇政策更加公平合理，推动养老保险制度更加公平更可持续。通过落实上述措施，近几年基金收支状况得到有效改善。截至年底，全国企业职工基本养老保险基金累计结余已接近万亿元，养老金按时足额发放是能够保证的。同时，按照党中央、国务院决策部署，我们还安排专门资金，支持实施居家和社区基本养老服务提升行动、经济困难失能老年人集中照护等养老服务项目，出台一系列支持养老服务业发展的税费优惠政策，大力支持银发经济发展，让老年人有了“养老钱”，还能够享受买得起、用得好的养老服务。年，我们将重点做好两方面工作。一方面，进一步加大中央财政补助力度，深入实施养老保险全国统筹制度，健全相关体制机制，管好守好人民群众的“养老钱”。另一方面，进一步加大对养老服务的支持力度，健全机构、社区和居家养老服务网络，推动养老事业和养老产业协同发展，促进养老服务提质增效。来源：国新网;0.0002889338341519;0.6420480233179139;0.9391293348804498;0.0009714338101714764,,,,,
财政部回应养老金担忧：结余近万亿，能够保证按时足额发放养老金按时足额发放有保证在月日的国新办新闻发布会上，财政部相关负责人表示，近几年我国养老保险基金收支状况得到有效改善。截至年底，全国企业职工基本养老保险基金累计结余接近万亿元，养老金按时足额发放是能够保证的。随着我国人口老龄化程度加深，人们对养老金的按时足额发放，以及养老金制度能否持续有所担忧。对此，财政部资产管理司司长侯俊明表示，为确保养老金按时足额发放，近年来各级财政部门不断加大财政补助力度，年，中央财政安排基本养老保险补助资金约万亿元，重点向基金收支困难的中西部地区和老工业基地倾斜；地方各级财政也积极落实相关支出责任，确保及时足额发放基本养老金。年起，我国实施养老保险全国统筹。在全国范围内对各地基金结余进行合理调剂。年全国统筹调剂资金规模为亿元，有效解决了地区间养老负担和基金结余分布不均衡的问题。此外，财政部配合有关部门，规范各地基金收支行为，促进筹资和待遇政策更加公平合理，推动养老保险制度更加公平更可持续。对年的养老金发放，侯俊明表示，将进一步加大中央财政补助力度，深入实施养老保险全国统筹制度，健全相关体制机制。同时，进一步加大对养老服务的支持力度，健全机构、社区和居家养老服务网络，推动养老事业和养老产业协同发展。;1.0;0.0651597059098952;0.8415440021589288;0.3057580069839984,,,,,
财政部回应民众对养老金发放的担忧网页链接;0.0001444669170759;-0.454545454545455;0.7042922326571146;-0.00025788169573347084,,,,,
今天住建部召开城市房地产融资协调机制部署会，要求月底前，首批房地产项目名单将落地并争取贷款。这不是新的消息，是月初《金融监管总局关于建立城市房地产融资协调机制的通知》就提出的要求。注意是“房地产项目”名单，而不是房企名单，延续了年救项目不救企业是房地产基金底线原则，救项目不救房企。;1.0;0.2514991091794929;1.0;1.0,,,,,
住建部：充分赋予城市房地产调控自主权推动融资协调机制落地住建部：充分赋予城市房地产调控自主权推动融资协调机制落地房地产融资端和需求端再出支持性政策。住建部和金融监管总局联合发文建立城市房地产融资协调机制后，月日，住建部在北京召开城市房地产融资协调机制部署会，推动落实这一机制在各地落地。据财新了解，除了金融监管部门人员出席外，另有个重点城市相关部门分管人员参会。一名接近住建部的人士向财新表示，协调机制的建立主要为改善房企融资环境，此次会议主要是“把责任压实到城市”，针对一些“保交楼”资金有困难、短期内因市场环境变化而遇到资金问题、融资难导致交付有压力等项目，“政府列名单、金融机构给支持”。;0.6666666666666666;0.0296010160445194;0.8720346222142971;0.06842465811709683,,,,,
月日，国家金融监督管理总局召开会议部署落实城市房地产融资协调机制相关工作。会议强调，金融机构要高度重视，加强组织领导，建立内部机制，明确工作规则。对符合授信条件的项目，要建立授信绿色通道，优化审批流程、缩短审批时限，积极满足合理融资需求。对开发建设暂时遇到困难但资金基本能够平衡的项目，不盲目抽贷、断贷、压贷，通过存量贷款展期、调整还款安排、新增贷款等方式予以支持。同时，金融机构要加强资金封闭管理，严防信贷资金被挪用。会议要求，各监管局要积极参与协调机制，主动配合地方政府和住建部门，稳妥有序开展相关工作，共同推动协调机制落地见效，促进房地产市场平稳健康发展。;0.0384615384615384;0.2099205559702321;0.905810529187493;0.02907920529192398,,,,,
东方财富股票利好来袭金融监管总局最新发声事关房地产融资月日，金融监管总局召开会议，部署推动落实城市房地产融资协调机制相关工作。利好来袭金融监管总局最新发声事关房地产融资来自东方财富网;0.0128205128205128;0.9998883791306556;0.905810529187493;0.046169782835802226,,,,,
住房新政出炉到底能省多少钱？海宁多家银行回应重磅万众期待的存量房贷利率下调终于落地月日晚间，中国人民银行国家金融监督管理总局，日下发《关于调整优化差别化住房信贷政策的通知》《关于降低存量首套住房贷款利率有关事项的通知》决定调整优化差别化住房信贷政策，其中提到，自年月日起，存量房贷利率下调。就在昨天下午，浙江公布首套住房商业性个人住房贷款利率政策下限，可作为接下来降存量的具体标准。按照该数据，年月至年月嘉兴存量首套房贷调整后最低可降至，年月至今的存量首套房贷利率调整后最低降至。不少在年期间买房的海宁人，房贷利率都高达个点存量首套房贷利率下调后，到底能为大家省多少利息呢？以万房贷为例，按照等额本息的方式还款，如果当时存量房贷发生时最低下限是，购房者当初最高是按左右购房，调整之后，万年期限的房贷，月供可从每月元降至元，最多下调元左右。大潮网;0.0004257130693912;-0.7564049251762381;0.808492540887252;-0.009410553942571846,,,,,
最新消息有关无锡首套房贷利率月日晚，中国人民银行、国家金融监督管理总局联合发布《关于降低存量首套住房贷款利率有关事项的通知》。文件明确，从年月日起，存量首套住房商业性个人住房贷款的借款人可向承贷金融机构提出申请，由该金融机构新发放贷款置换存量贷款，但在贷款市场报价利率（）上的加点幅度，不得低于原贷款发放时所在城市首套房贷款利率政策下限。月日下午，中国人民银行江苏省分行官网发布消息，公布了近几年江苏省内各城市首套房贷款利率下限执行情况。（中国人民银行江苏省分行官网）;0.0004257130693912;0.2877814258285525;0.7019320842520224;0.003108441344808026,,,,,
山东首套房商贷利率政策下限情况公示月日下午，中国人民银行山东省分行官网发布《关于山东省各地市首套住房商业性个人住房贷款利率政策下限情况的公示》。根据《中国人民银行国家金融监督管理总局关于降低存量首套住房贷款利率有关事项的通知》《中国人民银行国家金融监督管理总局关于调整优化差别化住房信贷政策的通知》有关工作安排，现将山东省各地市首套住房商业性个人住房贷款利率政策下限数据予以公示。山东省各地市首套住房商业性个人住房贷款利率政策下限数据表注：为贷款市场报价利率，由中国人民银行授权全国银行间同业拆借中心于每月日公布；。中国人民银行山东省分行年月日来源：观海客户端;0.0029799914857386;0.3216951283969065;0.4609809366433238;0.01597387616090065,,,,,
西南证券首席分析师张刚：楼市政策有利于扩大可支配收入本周房地产政策持续加码，中国央行及金融监管总局近期联合发布《关于调整优化差别化住房信贷政策的通知》和《关于降低存量首套住房贷款利率有关事项的通知》，对于贷款购买商品住房的居民家庭，首套最低首付款比例统一为不低于，二套最低首付款比例统一为不低于；此外，存量首套房贷的借款人，可在月日起可向承贷金融机构提出申请，调降贷款利率。西南证券首席分析师张刚指出，对于借款人来说，有利于节约利息支出，扩大可支配收入。中国深度财经凤凰卫视的微博视频;0.0006385696040868;-0.3063304902980012;0.7019320842520224;-0.0049631957229837285,,,,,
特别关注重要调整事关房贷中国人民银行、金融监管总局月日联合发布《关于调整优化差别化住房信贷政策的通知》和《关于降低存量首套住房贷款利率有关事项的通知》。有关负责同志就政策调整回答了记者提问。详情请看重要调整事关房贷;0.0001064282673478;0.146475466574167;0.4475550085011341;0.0002521948091175083,,,,,
首套房按揭利率政策下限公布宿迁月日晚，中国人民银行国家金融监督管理总局发布关于调整优化差别化住房信贷政策的通知、关于降低存量首套住房贷款利率、有关事项的通知。月日下午，中国人民银行江苏省分行发文公布江苏省各设区市首套房按揭利率政策下限，供大家参考。具体如下：;0.0001064282673478;-0.257282323864348;0.7017399320252903;-0.0006945619246075214,,,,,
房贷利率下调个贷经理电话被打爆沉寂许久的楼市热情，在月日晚间被点燃。当天，中国人民银行、国家金融监督管理总局联合发布《关于降低存量首套住房贷款利率有关事项的通知》（下文简称《通知》），存量首套房贷利率下调政策落地，购房族迎来重大利好。“今天我的电话就没停过，喉咙都要干了。”杭州某国有银行个贷楚经理昨天告诉记者，他的微信、电话，完全停不下来。什么时候可以申请？需要符合什么条件？能省多少钱？点击下方图片查看全文;0.000532141336739;-0.0506405035818657;0.7025085409322184;-0.0006842967233121408,,,,,
皋城百事通南通首套房按揭利率政策下限公布月日晚，中国人民银行国家金融监督管理总局发布关于调整优化差别化住房信贷政策的通知，关于降低存量首套住房贷款利率有关事项的通知。政策发布后，很多人纷纷猜测自己的房贷利率到底能降低多少，月日下午，中国人民银行江苏省分行发文公布江展开;0.0004257130693912;0.117657931106467;0.7019320842520224;0.0012708699894127423,,,,,
月日起杭州人可申请下调房贷利率了月日，中国人民银行、国家金融监管管理总局发布《关于降低存量首套住房贷款利率有关事项的通知》（下称《通知》，提出自今年月日起，存量首套住房商业性个人住房贷款的借款人可向金融机构提出申请，由金融机构新发放贷款置换存量首套商业性个人住房贷款，或协商变更合同约定的利率水平。月日，浙江公布首套住房商业性个人住房贷款利率政策下限，可作为接下来降存量的具体标准。按照该数据，年月至年月杭州存量首套房贷调整后最低可降至，年月至今的存量首套房贷利率调整后最低降至。利率下调杭州人抓紧存钱浙江经视记者初步统计，杭州包括中农工建等六大国有行，以及兴业银行、杭州银行等股份制银行都已发布通告，将会落实执行政策，而宁波银行表示暂未街接到相关通知。现在可以买房了吗？浙江经视的微博视频;0.0012771392081736;-0.3501963388783762;0.9900865460210552;-0.01600629578990815,,,,,
小鲁说事存量房贷利率下调政策五大关键点对于中国人民银行、金融监管总局发布的《关于降低存量首套住房贷款利率有关事项的通知》，我们该如何理解？降低存量首套住房贷款利率，具体又该怎么操作？接下来，通过梳理政策五大关键点来帮您解读。央视网的微博视频;0.0014899957428693;0.4561290178742854;0.6608062401426205;0.016233594920575394,,,,,
降存量房贷利率有购房者激动得一夜没睡“总利息少了万，每月少还多元”月日晚间，中国人民银行和国家金融监督管理总局发布《关于降低存量首套住房贷款利率有关事项的通知》，自年月日起实施。借款人可选择新发放贷款置换存量房贷，或者协商变更合同约定利率水平两种方式，调整存量首套住房商业性个人住房贷款，预计这两种方式调整后的利率水平不会有明显区别。经测算，以万元、年期、原利率的存量房贷为例，假设房贷利率降至，可每年节约超元利息支出。新杭州人小陈在年月买了一套萧山市北的二手房，首套利率（。此后多次下调，但由于加点实在太高，目前还是在的利率高位。小陈说，昨晚得知这个消息，激动得一夜没睡好，按照此次存量首套房贷的调整办法，如果按照下限计算，原利率将降至（当时杭州首套房贷利率政策下限为不加点）。对于购房者，的利率降幅是一笔厚厚的息差。以万商业贷款，年本额等息还款为例，调整后，小陈的月供将从元降至元，每个月少了元，总利息少了万元。（视频）视频的微博视频;0.0013835674755214;-0.3046883912958277;0.4992694413013772;-0.007607799822518608,,,,,
淮安公安淮安分局超话利息少了万购房者激动得一夜没睡降存量房贷利率央行、金融监管总局重磅发布有购房者激动得一夜没睡“总利息少了万，每月少还多元”你的月供究竟能降多少？月日晚间，中国人民银行和国家金融监督管理总局发布《关于降低存量首套住房贷款利率有关事项的通知》，自年月日起实施。借款人可选择新发放贷款置换存量房贷，或者协商变更合同约定利率水平两种方式，调整存量首套住房商业性个人住房贷款，预计这两种方式调整后的利率水平不会有明显区别。经测算，以万元、年期、原利率的存量房贷为例，假设房贷利率降至，可每年节约超元利息支出。新杭州人小陈在年月买了一套萧山市北的二手房，首套利率（。此后多次下调，但由于加点实在太高，目前还是在的利率高位。小陈说，昨晚得知这个消息，激动得一夜没睡好，按照此次存量首套房贷的调整办法，如果按照下限计算，原利率将降至（当时杭州首套房贷利率政策下限为不加点）。对于购房者，的利率降幅是一笔厚厚的息差。以万商业贷款，年本额等息还款为例，调整后，小陈的月供将从元降至元，每个月少了元，总利息少了万元。（视频）视频的微博视频（来源：视频审核：蒋婵媛发布：蔡瑞永）;0.0026607066836951;-0.0534130585970776;0.6709136500616187;-0.0034465050244498747,,,,,
利息少了万购房者激动得一夜没睡降存量房贷利率央行、金融监管总局重磅发布你的月供究竟能降多少？月日晚间，中国人民银行和国家金融监督管理总局发布《关于降低存量首套住房贷款利率有关事项的通知》，自年月日起实施。借款人可选择新发放贷款置换存量房贷，或者协商变更合同约定利率水平两种方式，调整存量首套住房商业性个人住房贷款，预计这两种方式调整后的利率水平不会有明显区别。经测算，以万元、年期、原利率的存量房贷为例，假设房贷利率降至，可每年节约超元利息支出。新杭州人小陈在年月买了一套萧山市北的二手房，首套利率（。此后多次下调，但由于加点实在太高，目前还是在的利率高位。小陈说，昨晚得知这个消息，激动得一夜没睡好，按照此次存量首套房贷的调整办法，如果按照下限计算，原利率将降至（当时杭州首套房贷利率政策下限为不加点）。对于购房者，的利率降幅是一笔厚厚的息差。以万商业贷款，年本额等息还款为例，调整后，小陈的月供将从元降至元，每个月少了元，总利息少了万元。（视频）视频的微博视频;0.0083014048531289;-0.2227159021094914;0.498231994547337;-0.033296782889624434,,,,,
上海、北京、深圳等多地披露首套房贷款利率下限执行情况据不完全统计，上海、北京、深圳、福建、河南、江西、湖南、吉林、甘肃、西藏、内蒙古、贵州等地的市场利率定价自律机制通过中国人民银行分支机构官网发布公告，披露近几年当地或省内各城市首套房贷款利率下限执行情况，以确保存量房贷利率调整顺利落地。多地披露首套房贷款利率下限全国首套房贷利率政策下限为：年月至年月为，年月至今为个基点。月日，中国人民银行、金融监管总局联合发布的《关于降低存量首套住房贷款利率有关事项的通知》明确，自月日起，符合相关条件的存量房贷借款人，可向金融机构提出申请，既可以变更合同约定的住房贷款利率加点幅度，也可以由银行新发放贷款置换存量贷款。降低后的存量房贷利率，依然要符合贷款发放时当地的房地产政策，即不低于当时所在城市房贷利率政策下限。也就是说，存量房贷利率调整最多可以“抹平”银行在发放房贷时高于政策下限的“溢价”。（上证报）;0.0001064282673478;-0.31502902045574;0.7017399320252903;-0.0008504554820109872,,,,,
财鑫闻丨北上广深等城市“认房不认贷”预计后期仍有政策跟进月日，北京、上海宣布执行“认房不认贷”政策，两日内，广州、深圳、厦门、武汉等城市官宣落实“认房不认贷”，北上广深四个一线城市均官宣“认房不认贷”。这也是对前一天重磅政策的落实响应。月日，中国人民银行、国家金融监督管理总局两部门连续发布《关于调整优化差别化住房信贷政策的通知》和《关于降低存量首套住房贷款利率有关事项的通知》（下文简称《通知》）两大重磅政策，意味购房者的购房门槛和成本大幅下调。对于密集出台的调控政策，专家称之为是近年来调控力度最大的楼市政策，预计后期仍会有相应政策出台。财鑫闻丨北上广深等城市“认房不认贷”预计后期仍有政策跟进;0.0002128565346956;0.6973695718771811;0.920636681685451;0.004939762810690038,,,,,
特别关注重要调整事关房贷中国人民银行、金融监管总局月日联合发布《关于调整优化差别化住房信贷政策的通知》和《关于降低存量首套住房贷款利率有关事项的通知》。有关负责同志就政策调整回答了记者提问。详情请看重要调整事关房贷（刘宏宇）;0.0001064282673478;0.9998995460960436;0.7017399320252903;0.0026993387758609713,,,,,
利息少了万购房者激动得一夜没睡月日晚间，中国人民银行和国家金融监督管理总局发布《关于降低存量首套住房贷款利率有关事项的通知》，自年月日起实施。借款人可选择新发放贷款置换存量房贷，或者协商变更合同约定利率水平两种方式，调整存量首套住房商业性个人住房贷款，预计这两种方式调整后的利率水平不会有明显区别。经测算，以万元、年期、原利率的存量房贷为例，假设房贷利率降至，可每年节约超元利息支出。新杭州人小陈在年月买了一套萧山市北的二手房，首套利率（。此后多次下调，但由于加点实在太高，目前还是在的利率高位。小陈说，昨晚得知这个消息，激动得一夜没睡好，按照此次存量首套房贷的调整办法，如果按照下限计算，原利率将降至（当时杭州首套房贷利率政策下限为不加点）。对于购房者，的利率降幅是一笔厚厚的息差。以万商业贷款，年本额等息还款为例，调整后，小陈的月供将从元降至元，每个月少了元，总利息少了万元。;0.0001064282673478;-0.0729857459449518;0.7017399320252903;-0.00019703304685311088,,,,,
降存量房贷利率利息少了万购房者激动得一夜没睡一线城市全部认房不认贷月日晚间，中国人民银行和国家金融监督管理总局发布《关于降低存量首套住房贷款利率有关事项的通知》，自年月日起实施。借款人可选择新发放贷款置换存量房贷，或者协商变更合同约定利率水平两种方式，调整展开;0.0001064282673478;0.4944006027241745;0.7017399320252903;0.0013346887924421673,,,,,
利息少了万购房者激动得一夜没睡降存量房贷利率央行、金融监管总局重磅发布有购房者激动得一夜没睡“总利息少了万，每月少还多元”你的月供究竟能降多少？月日晚间，中国人民银行和国家金融监督管理总局发布《关于降低存量首套住房贷款利率有关事项的通知》，自年月日起实施。借款人可选择新发放贷款置换存量房贷，或者协商变更合同约定利率水平两种方式，调整存量首套住房商业性个人住房贷款，预计这两种方式调整后的利率水平不会有明显区别。经测算，以万元、年期、原利率的存量房贷为例，假设房贷利率降至，可每年节约超元利息支出。新杭州人小陈在年月买了一套萧山市北的二手房，首套利率（。此后多次下调，但由于加点实在太高，目前还是在的利率高位。小陈说，昨晚得知这个消息，激动得一夜没睡好，按照此次存量首套房贷的调整办法，如果按照下限计算，原利率将降至（当时杭州首套房贷利率政策下限为不加点）。对于购房者，的利率降幅是一笔厚厚的息差。以万商业贷款，年本额等息还款为例，调整后，小陈的月供将从元降至元，每个月少了元，总利息少了万元。;0.0001064282673478;0.5657194090564183;0.5543175132152683;0.001206381061337855,,,,,
四川首套房贷利率执行下限发布月日晚，中国人民银行、国家金融监督管理总局联合发布《关于降低存量首套住房贷款利率有关事项的通知》。文件明确，从年月日起，存量首套住房商业性个人住房贷款的借款人可向承贷金融机构提出申请，由该金融机构新发放贷款置换存量贷款，但在贷款市场报价展开;0.0006385696040868;0.2293840176391065;0.8627078569710449;0.004567756985666984,,,,,
存量房贷下调政策有点难懂？几个典型案例告诉你如何降、能不能降哪些房贷利率可以调整？据第一财经，月日，中国人民银行、国家金融监督管理总局联合发布《关于降低存量首套住房贷款利率有关事项的通知》。《通知》明确，自年月日起，存量首套住房商业性个人住房贷款的借款人可向金融机展开;0.0014899957428693;-0.0673037926266429;0.5636005458391552;-0.00204297856569333,,,,,
存量房贷利率下调政策五大关键点能节省多少房贷利息？对于中国人民银行、金融监管总局发布的《关于降低存量首套住房贷款利率有关事项的通知》，我们该如何理解？降低存量首套住房贷款利率，具体又该怎么操作？接下来，通过梳理政策五大关键点来帮您解读。央视网的微博视频展开;0.0013835674755214;-0.0523694070307883;0.4886117259306874;-0.0012797045840019052,,,,,
存量房贷利率下调政策五大关键点对于中国人民银行、金融监管总局发布的《关于降低存量首套住房贷款利率有关事项的通知》，该如何理解？降低存量首套住房贷款利率，具体又该怎么操作？央视网的微博视频;0.0081949765857811;0.051901345794554;0.4367435754644941;0.006714608582323344,,,,,
利息少了万购房者激动得一夜没睡降存量房贷利率央行、金融监管总局重磅发布有购房者激动得一夜没睡“总利息少了万，每月少还多元”你的月供究竟能降多少？月日晚间，中国人民银行和国家金融监督管理总局发布《关于降低存量首套住房贷款利率有关事项的通知》，自年月日起实施。借款人可选择新发放贷款置换存量房贷，或者协商变更合同约定利率水平两种方式，调整存量首套住房商业性个人住房贷款，预计这两种方式调整后的利率水平不会有明显区别。经测算，以万元、年期、原利率的存量房贷为例，假设房贷利率降至，可每年节约超元利息支出。新杭州人小陈在年月买了一套萧山市北的二手房，首套利率（。此后多次下调，但由于加点实在太高，目前还是在的利率高位。小陈说，昨晚得知这个消息，激动得一夜没睡好，按照此次存量首套房贷的调整办法，如果按照下限计算，原利率将降至（当时杭州首套房贷利率政策下限为不加点）。对于购房者，的利率降幅是一笔厚厚的息差。以万商业贷款，年本额等息还款为例，调整后，小陈的月供将从元降至元，每个月少了元，总利息少了万元。搜狐视频的微博视频;0.0003192848020434;0.5673081925040616;1.0;0.006547343730518669,,,,,
首套房按揭利率政策下限公布月日晚，中国人民银行、国家金融监督管理总局联合发布《关于降低存量首套住房贷款利率有关事项的通知》。文件明确，从年月日起，存量首套住房商业性个人住房贷款的借款人可向承贷金融机构提出申请，由该金融机构新发放贷款置换存量贷款，但在贷款市场报价利展开;0.0006385696040868;0.7760604203940669;0.7019320842520224;0.012573804702005925,,,,,
存量房贷利率下调政策五大关键点对于中国人民银行、金融监管总局发布的《关于降低存量首套住房贷款利率有关事项的通知》，我们该如何理解？降低存量首套住房贷款利率，具体又该怎么操作？接下来，通过梳理政策五大关键点来帮您解读。央视网的微博视频;0.011600681140911;0.9408944740387806;0.7052947482198325;0.27826776349112575,,,,,
利息少了万购房者激动得一夜没睡降存量房贷利率央行、金融监管总局重磅发布有购房者激动得一夜没睡“总利息少了万，每月少还多元”你的月供究竟能降多少？月日晚间，中国人民银行和国家金融监督管理总局发布《关于降低存量首套住房贷款利率有关事项的通知》，自年月日展开;0.0041507024265644;0.2683114399056618;0.5514585747572931;0.022199414623363847,,,,,
“金九银十”前夜，楼市重磅金融支持政策落地，购房门槛、成本将明显降低。月日晚间，央行、国家金管总局发出《关于调整优化差别化住房信贷政策的通知》，《关于降低存量首套住房贷款利率有关事项的通知》，以支持各地因城施策用好政策工具箱，引导个人住房贷款实际首付比例和利率下行。展开;0.0008514261387824;0.2877814258285525;0.7027006931589505;0.006223690116596196,,,,,
江苏公布首套房贷款利率下限执行情况月日晚，中国人民银行、国家金融监督管理总局联合发布《关于降低存量首套住房贷款利率有关事项的通知》。文件明确，从年月日起，存量首套住房商业性个人住房贷款的借款人可向承贷金融机构提出申请，由该金融机构新发放贷款置换存量贷款，但在贷款市展开;0.0001064282673478;-0.6427213026808265;0.7018360081386563;-0.0017353343859794425,,,,,
江苏公布首套房按揭利率政策下限江苏省各设区市首套房按揭利率政策下限公布月日晚，中国人民银行、国家金融监督管理总局联合发布《关于降低存量首套住房贷款利率有关事项的通知》。文件明确，从年月日起，存量首套住房商业性个人住房贷款的借款人可向承贷金融机构提出申请，由该金融机构新发放贷款置换存量贷款，但在贷款市场报价利率（）上的加点幅度，不得低于原贷款发放时所在城市首套房贷款利率政策下限。月日下午，中国人民银行江苏省分行官网发布消息，公布了近几年江苏省内各城市首套房贷款利率下限执行情况。;0.0001064282673478;-0.2124895088716969;0.5750224804672549;-0.000470053345619344,,,,,
楼市放出多年未见大招，房价是跌是涨？靴子终于落地。月日下午时许，中国人民银行、国家金融监督管理总局发布最新通知，调整优化住房信贷政策，其中，首套住房商贷最低首付款不低于，二套住房商贷最低首付款不低于。本次降低首付的力度可谓多年未有；此外，房贷利率也将进行较大力度的优化调整，包括降低存量房贷利率。这一政策组合拳可谓掷地有声，本次出台楼市新政，有何深意？楼市会迎来什么变化？首付比例几乎降至历史下限月日，中国人民银行、国家金融监督管理总局发布《关于调整优化差别化住房信贷政策的通知》，其中主要有四条内容。第一条是对于贷款购买商品住房的居民家庭，首套住房商业性个人住房贷款最低首付款比例统一为不低于，二套住房商业性个人住房贷款最低首付款比例统一为不低于。这一新政即为首套房首付、二套房首付，近十年前，这一政策曾出台过，其后多年，首套房首付最低、二套房首付最低的房贷政策在全国层面长期执行，部分城市有所加码，二套房首付比例要求更高。以一套总价万元的房子为例，此前首套房首付需要万元，而按照最新政策，首付只需要万元，首付资金低了很多；而如果是二套房，此前首付需要万，部分城市需要万元，而如今只需要万，购房门槛大为降低。对此，中指研究院指数研究部总经理曹晶晶表示，从首付比例来看，不论是首套房还是二套房，其最低首付比例几乎已经降至历史下限，这将能显著降低购房门槛，凸显了政策面保刚需、促改善、稳市场的用意。第二条是首套住房商业性个人住房贷款利率政策下限按现行规定执行，二套住房商业性个人住房贷款利率政策下限调整为不低于相应期限贷款市场报价利率加个基点。即首套房利率政策不变，目前五年期以上为，部分城市执行的是下调个基点、再优惠个左右基点的政策，其房贷利率为甚至更低，比如郑州、福州的首套房贷利率已调至左右。而对于二套房贷款利率，此前多个城市执行的是上调个基点，实际二套房贷利率为，根据此次最新政策，二套房上浮基点不低于个基点即可，这无疑赋予了下调二套房贷利率上浮基点的空间。第三、四条规定，中国人民银行、金融监管总局各派出机构按照因城施策原则，根据辖区内各城市房地产市场形势及当地调控要求，自主确定各城市首套和二套住房商贷最低首付款比例和利率下限；各大银行业金融机构应据此首付比例和利率下限，合理确定每笔贷款的具体首付款比例和利率水平。中国人民银行、国家金融监督管理总局有关负责人表示，此次差别化住房信贷政策调整优化的重点在于，一是统一全国商业性个人住房贷款最低首付款比例政策下限即不再区分实施“限购”城市和不实施“限购”城市，首套住房和二套住房商贷最低首付款比例政策下限统一为不低于和；二是将二套住房利率政策下限调整为不低于相应期限贷款市场报价利率（）加个基点。曹晶晶表示，此次金融监管部门打开了首付比例和利率下调的空间，根据目前的市场形势和金融监管部门的这一要求，首套房首付、二套房首付的新政将会逐步落地，二套房贷利率也将下调，尤其是由于当前多数城市房地产下行压力较大，因此预计二线城市将很快调整至下限水平等，从政策调整力度看，本次楼市新政具有较高的含金量。楼市仍处于下行期今年以来，楼市曾在、月份有所回升，但进入下半年，楼市多个指标均呈现下跌态势。国家统计局公布，月份，全国房地产开发投资亿元，同比下降；其中，住宅投资亿元，下降。月份，房地产开发企业房屋施工面积万平方米，同比下降。房屋新开工面积万平方米，下降。其中，住宅新开工面积万平方米，下降。与此同时，楼市成交量价也出现下滑，月份，商品房销售面积万平方米，同比下降。尤其是，今年上半年商品房销售额连续多月保持同比正增长的态势，但月份以来，前个月商品房销售额亿元，下降。月份，个大中城市中，新建商品住宅和二手住宅价格环比上涨城市分别有个和个，比上月分别减少个和个；同比上涨城市分别有个和个，比上月均减少个。对此，国家统计局城市司首席统计师绳国庆表示，年月份，个大中城市商品住宅销售价格上涨城市个数减少，各线城市商品住宅销售价格环比持平或下降、同比有涨有降。“目前市场显然是跌过头了，”月日，在万科年中期业绩推介会上，万科董事会主席郁亮表示，市场低迷持续了一段时间，市场情绪已经受到影响，容易出现各种“过度反应”。他表示，以新开工数来看，年新开工数下降，年新开工量下降，今年上半年继续下降约。如果以年作为基数，新开工数已经整体下降约，回到了年的水平。中国社科院财经战略研究院住房大数据项目组组长邹琳华向中国新闻周刊表示，房地产领域的风险点较多且连接面广，比如烂尾楼风险、房地产企业爆雷风险、土地财政风险、断供风险等，都属于非常棘手的风险。这些风险一旦触发，容易直接联接金融体系和地方财政。因而，房地产相对更容易率先引发经济风险。邹琳华认为，与日本房地产泡沫期相比，我国仍处于城市化阶段，人均收入和生活水平离发达国家还在差距，存在一定规模潜在的刚性和改善性住房需求。只要政策及时妥当，房地产领域的风险相对更为可控。但如果房价在内外部因素的综合作用下持续下滑且无有效抑制手段，这些风险点也容易被触发。由于房地产风险连接面广，抑制房地产风险的蔓延，就需要付出更大成本。中国人民银行、国家金融监督管理总局有关负责人表示，月日中央政治局会议明确，适应我国房地产市场供求关系发生重大变化的新形势，适时调整优化房地产政策，因城施策用好政策工具箱。月日国务院常务会议提出，根据不同需求、不同城市等推出有利于房地产市场平稳健康发展的政策举措，加快研究构建房地产业新发展模式。根据部署，此次对现行差别化住房信贷政策进行了调整优化，支持各地因城施策用好政策工具箱，引导个人住房贷款实际首付比例和利率下行，更好满足刚性和改善性住房需求。楼市会怎样走？邹琳华表示，为了及时有效应对周期性、结构性供大于求带来的市场冲击，以及防范可能由此触发的经济风险，同时支持刚性和改善性住房需求，可采取调整优化措施。为此，他建议，一是及时撤销对于住房需求不合时宜的管控限制。这些限制措施包括限购、限贷、限售、限价、限非普住宅等。这些限制措施大都是基于住房短缺、投资投机动力强大的市场背景所制订，既然房地产市场供求形势已经发生了重大变化，住房已经不再供不应求，甚至还出现了销售困难，住房投资投机者也不再涌入住房市场，这些限制政策显然已经不合时宜。此外，这些限制性政策还限制了居民刚性和改善性住房需求的释放，妨碍了市场信心的恢复，所以应该及时全面调整。二是大幅降低购房贷款利率。从当前的信贷市场供求看，无抵押的消费贷利率已经降至左右，且对这类资金的市场需求仍不足。参照无抵押消费贷利率的供求状况，目前的房贷利率水平还需要大幅降低，才可能会对市场信心恢复有一定作用。从这一角度看，楼市政策仍有调整空间。年月日，住房城乡建设部、中国人民银行、金融监管总局三部门发布《关于优化个人住房贷款中住房套数认定标准的通知》，“认房不认贷”政策终于要走向落地。月日，一线城市中的广州与深圳已经在同一天出台规定落实“认房不认贷政策”。邹琳华表示，“认房不认贷”可以释放部分购房需求，对市场信心有一定的提振作用。月日，中国人民银行、国家金融监督管理总局联合发布《关于降低存量首套住房贷款利率有关事项的通知》。自年月日起，降低存量首套住房商业性个人住房贷款利率。中国人民银行、国家金融监督管理总局有关负责人表示，对于符合条件的存量住房贷款，可由借款人主动向承贷银行提出申请，也鼓励银行以发布公告、批量办理等方式，为借款人提供更为便利的服务。调整方式上，既可以变更合同约定的住房贷款利率加点幅度，也可以由银行新发放贷款置换存量贷款，具体利率调整幅度由借贷双方协商确定。中国首席经济学家论坛理事长、上海市经济学会副会长连平表示，降低存量房贷利率可以减轻购房者的利息负担，对于刺激消费、推动房地产市场复苏会有积极作用。曹晶晶表示，整体来看，月底房地产政策优化节奏加快，多项利好政策集中赶在“金九银十”到来之前落地，将有助于促进房地产市场信心修复和预期改善，推动刚需和改善性需求入市，激活市场交易。郁亮认为，“楼市的确有前所未有的压力”，但是，政策正在发力，并且对“盘活存量项目”等对行业中长期有重大影响的方面都有提出要求，是一种对行业的鼓舞。首都经济贸易大学京津冀房地产研究院院长赵秀池告诉中国新闻周刊，楼市跟着人口走，作为人口基数大、新增人口多的一二线城市，其市场仍有一定的发展潜力。在郁亮看来，目前我国城镇化率，这个数字如果预计达到，保守估计全国每年应该有亿亿平方米的新开工数才是合理水平，目前是超跌了。房地产行业能回到健康的水平，过程中会有曲折和波浪。（中国新闻周刊）;0.0156449553001277;-0.173203795890983;0.4682034391536192;-0.04586001279252741,,,,,
有房贷的人开始焦虑排不上队利率真要降了买房人恨不得今天就是月日月日晚间点左右，中国人民银行、国家金融监督管理总局联合发布《关于降低存量首套住房贷款利率有关事项的通知》。据有关负责人介绍，符合条件的存量首套住房贷款是指，年月日前金融机构已发放，已签订合同但展开;0.0029799914857386;-0.306866685625193;0.583525312862031;-0.0192882268789827,,,,,
房贷政策调整谁获益最大？日前，中国人民银行、国家金融监督管理总局联合下发《关于调整优化差别化住房信贷政策的通知》和《关于降低存量首套住房贷款利率有关事项的通知》，相关政策一经发布当即引发市场强烈关注。你的月供究竟能降多少两项通知内容均直接指向与房地产消费者最为关心的项目。差别化住房信贷政策调整优化的重点是，将统一全国商业性个人住房贷款最低首付款比例政策下限，首套为、二套为，不再区分实施“限购”城市和不实施“限购”城市。住房利率政策下限亦调整。各地可按照因城施策原则，在不低于上述全国统一政策基础上，自主确定辖区内首套和二套住房最低首付款比例和利率下限。《关于降低存量房首套住房贷款利率有关事项的通知》明确，年月日起，存量首套住房商业性个人住房贷款的借款人可向金融机构提出申请，由金融机构新发放贷款置换存量首套住房商业性个人住房贷款。据不完全统计和测算，目前，大部分城市存量房贷的利率最低下限是，此前购房者基本是按照左右的房贷利率购房，此次存量房贷利率调整后，房贷利率或能降低个基点以上。加上近日一些地方出台的“认房不认贷”新规，一些住房可能重新被认定为“首套”，从而享受新出台政策优惠。几千万户、上亿居民的财务负担或会有较明显下降，平均降幅或约为个百分点，预计对市场影响颇大。市场供求变化的必然结果“新政”晚间出通告，似乎非常突然，其实市场预期已久。月日金融统计数据情况新闻发布会上，央行政策司司长邹澜表示：“按照市场化、法治化原则，我们支持和鼓励商业银行与借款人自主协商变更合同约定，或者是新发放贷款置换原来的存量贷款。”这已经拉开政策调整市场沟通和预期的序幕。随后，月日，中国人民银行、国家外汇管理局召开年下半年工作会议，提出“将因城施策精准实施差别化住房信贷政策，继续引导个人住房贷款利率和首付比例下行，更好满足居民刚性和改善性住房需求。指导商业银行依法有序调整存量个人住房贷款利率。”月日，央行、金监局、证监会联合召开金融支持实体经济和防范化解金融风险电视会议，强调“要继续推动实体经济融资成本稳中有降，规范贷款利率定价秩序，统筹考虑增量、存量及其他金融产品价格关系”。月日开始，各大银行针对存量住房贷款利率下调发声，至此，市场基本上有共识，认为“箭在弦上”了。当然，政策密集发声、“步步为营”旨在引导市场预期，但市场预期的基础还是宏观经济形势，政策设置也同样是大形势下的相机顺应。在月日的发布会上，关于存量贷款表述前还有一段叙述，谈及房地产相关问题时，邹澜表示，“部分房企长期积累的风险仍然需要一段时间才能逐步消化考虑到我国房地产市场供求关系已经发生深刻变化”这个“深刻变化”在两个新政《通知》出台时，似也有相关监管部门工作人员提及。年，人民币个人住房贷款加权平均利率均值为，而年上半年新发放个人住房贷款加权平均利率为，前者高出后者。由于经济还在弱复苏过程中，居民资产端收益率也明显回落，如个月理财产品预期年化收益率降至、为历史最低水平。存量房贷利率高于理财、存款等稳健收益产品，居民“借新还旧、借短还长”等提前还贷意愿明显增加，提前偿还房贷需求提升。今年月，新增居民中长期贷款为负，或为居民提前偿还房贷超过当月新增贷款所致。由此可见，存量房贷利率调降是市场供求变化带来的必然结果。金融市场健康稳定发展所需降低存量房贷利率有什么好处呢？从购房端来看，居民固然会因房贷付息压力减轻，获得益处。对于房地产供给方而言，也可能刺激更多一些的需求。而对于银行等金融机构来说，虽然表面上看，存量房贷降息将会带来利息的损失，但若利率水平与市场供求形势发生扭曲，提前还贷等实则为居民对资产负债表的调整，居民资产负债表呈现收缩，商业银行经营收益也受到一定影响，并可能对金融市场造成扰动，调降利率也不能不说是金融市场健康稳定发展的需求。回看历史，年月，央行宣布决定“商业性个人住房贷款利率的下限扩大为贷款基准利率的倍”，该优惠举措主要针对于新增客户，但不少存量贷款客户通过转按揭的方式再度成为“新增客户”，从而享受七折利率优惠。房地产对经济有相当重要的支撑作用，而住房贷款是居民债务最主要的构成部分。如何稳定市场信心、降低负债端成本、稳定地产行业、提升消费能力，始终是经济的重要命题和目标。非常时期更加需要非常办法。当然，今时不同往日，就房贷而言，对比年已是更大的规模和挑战，对银行净息差和利润的影响也在加大。就房地产市场和其他消费市场而言，其规模和挑战都与十多年前不可同日而语。当我们看到一项政策的出台时，更多的配套政策和工具也需要都在路上，以保证每项政策的实际操作性，以及所有政策和工具的相互配合度，更重要的是，要不断适应变化的市场。（新京报）利息少了万购房者激动得一夜没睡;0.001064282673478;0.0043245961150936;0.5522415914064825;9.187545384201652e-05,,,,,
利息少了万购房者激动得一夜没睡降存量房贷利率有购房者激动得一夜没睡“总利息少了万，每月少还多元”你的月供究竟能降多少？月日晚间，中国人民银行和国家金融监督管理总局发布《关于降低存量首套住房贷款利率有关事项的通知》，自年月日起实施。借款人可选择新发放贷款置换存量房贷，或者协商变更合同约定利率水平两种方式，调整存量首套住房商业性个人住房贷款，预计这两种方式调整后的利率水平不会有明显区别。经测算，以万元、年期、原利率的存量房贷为例，假设房贷利率降至，可每年节约超元利息支出。新杭州人小陈在年月买了一套萧山市北的二手房，首套利率（。此后多次下调，但由于加点实在太高，目前还是在的利率高位。小陈说，昨晚得知这个消息，激动得一夜没睡好，按照此次存量首套房贷的调整办法，如果按照下限计算，原利率将降至（当时杭州首套房贷利率政策下限为不加点）。对于购房者，的利率降幅是一笔厚厚的息差。以万商业贷款，年本额等息还款为例，调整后，小陈的月供将从元降至元，每个月少了元，总利息少了万元。（视频）视频的微博视频;0.0013835674755214;-0.5888581590501889;0.6169364012786266;-0.01816850851081311,,,,,
四川公示首套房贷利率执行下限月日晚，中国人民银行、国家金融监督管理总局联合发布《关于降低存量首套住房贷款利率有关事项的通知》。文件明确，从年月日起，存量首套住房商业性个人住房贷款的借款人可向承贷金融机构提出申请，由该金融机构新发放贷款置换存量贷款，但在贷款市场报价利率（）上的加点幅度，不得低于原贷款发放时所在城市首套房贷款利率政策下限。月日下午，人民银行四川省分行官网发布消息，公布了近几年四川省内各城市首套房贷款利率下限执行情况网页链接（中国人民银行四川省分行）;0.0008514261387824;0.7042377889229441;0.7990691126077458;0.01731882754338542,,,,,
约三分之二存量房贷符合利率下调标准算笔账个税政策利好每月能省多少钱月的最后一天，多项与个人、家庭息息相关的利好政策官宣出台。昨天，国务院宣布提高岁以下婴幼儿照护、子女教育、赡养老人三项个税专项附加扣除标准，中国人民银行、国家金融监督管理总局发布《关于降低存量首套住房贷展开;0.0043635589612601;0.0429435451376354;0.5498032990781162;0.0037240364573332373,,,,,
江苏公布首套房按揭利率政策下限江苏省各设区市首套房按揭利率政策下限公布月日晚，中国人民银行、国家金融监督管理总局联合发布《关于降低存量首套住房贷款利率有关事项的通知》。文件明确，从年月日起，存量首套住房商业性个人住房贷款的借款人可向承贷金融机构提出申请，由该金融机构新发放贷款置换存量贷款，但在贷款市场报价利率（）上的加点幅度，不得低于原贷款发放时所在城市首套房贷款利率政策下限。月日下午，中国人民银行江苏省分行官网发布消息，公布了近几年江苏省内各城市首套房贷款利率下限执行情况。网页链接;0.0058535547041294;-0.264929283074248;0.4907973173596247;-0.027511841809012113,,,,,
四川公布各市州首套房贷利率执行下限月日晚，中国人民银行、国家金融监督管理总局联合发布《关于降低存量首套住房贷款利率有关事项的通知》。文件明确，从年月日起，存量首套住房商业性个人住房贷款的借款人可向承贷金融机构提出申请，由该金融机构新发放贷款置换存量贷款，但在贷款市场报价利率（）上的加点幅度，不得低于原贷款发放时所在城市首套房贷款利率政策下限。月日，人民银行四川省分行公布了年以来四川省内各城市首套房贷款利率下限执行情况。（人民银行四川省分行）;0.000532141336739;-0.2809885809668369;0.7019320842520224;-0.0037938364158733454,,,,,
房贷首付比例下调，一线城市及热点二线城市最受益，但北上深存量房贷利率或难受益。央行月日发布《关于调整优化差别化住房信贷政策的通知》和《关于降低存量首套住房贷款利率有关事项的通知》引发市场一片欢腾。对于首套房，成首付，这大概是年之后第二次全国范围如此大力度普遍调整了。二套房成首付也是相当可以了。不过，对于很多城市，其实早享受到成首付，所以，此次调整或许对一线城市以及热点二线城市影响最大。在这些城市带动下，楼市向好的局面将会更加清晰。宏观上的信心提升不代表实际的购买力提升，毕竟首付比例下调仅仅是个门槛降低的问题，并没有带动购房者的购买力。所以也不可盲目乐观。现在经济与收入预期仍不稳定且不乐观，即使购房者看到如此利好很冲动我也要劝你慎重。但有一些需求将得以释放，这些人不差钱就差政策。对于存量房贷利率下调，这一次也是敲定了方案。月日北京、上海、深圳等也都相继公布房贷利率下限，不过恐怕要泼点冷水了，可能难以受益存量按揭利率下调。北京：年月至今首套商业性个人住房贷款利率下限为个。上海：年月日至今执行的利率下限水平为。深圳：年月日至今执行首套房贷利率下限水平为。央行规定的原则是，新发放贷款的利率水平，在贷款市场报价利率上的加点幅度，不得低于原贷款发放时所在城市首套住房商业性个人住房贷款利率政策下限。目前北京首套房新发放房贷利率下限为（加点），上海为（加点），深圳为（加点）。因为各地市场下行趋势下，除北上深以外，基本上都大幅下调了贷款的加点幅度，而北上深房贷利率加点政策基本上保持了稳定，所以，预计北上深很难受益存量按揭利率的可能下调，除非地方下调加点幅度。对于一些人来说，可能盼来盼去，等了个寂寞，也别光听别人怎么说，最好还是到你的承贷银行问一问，看看是否具备下调条件，能下调多少。首套房贷款最低首付比例不低于降存量首套房贷利率万存量房贷每年可省多元利息;0.0001064282673478;-0.9994376283202906;0.7017399320252903;-0.002698091778031822,,,,,
北上深公布首套房贷利率下限各地首套房贷利率下限公布月日，中国人民银行、金融监管总局联合发布的《关于降低存量首套住房贷款利率有关事项的通知》明确，自月日起，符合相关条件的存量房贷借款人，可向金融机构提出申请，既可以变更合同约定的住房贷款利率加点幅度，也可以由银行新发放贷款置换存量贷款。最关键的一句是：降低后的存量房贷利率，依然要符合贷款发放时当地的房地产政策，即不低于当时所在城市房贷利率政策下限。也就是说，存量房贷利率调整最多可以“抹平”银行在发放房贷时高于政策下限的“溢价”。为确保存量房贷利率调整顺利落地，央行分支机构陆续在官网公布首套商业性个人住房贷款利率自律下限有关情况。更多城市大家可以直接上央行官网的各个地方分行网站查看。;0.0002128565346956;-0.8388303379085074;0.7018360081386563;-0.004529649548890897,,,,,
四川公示首套房贷利率执行下限月日晚，中国人民银行、国家金融监督管理总局联合发布《关于降低存量首套住房贷款利率有关事项的通知》。文件明确，从年月日起，存量首套住房商业性个人住房贷款的借款人可向承贷金融机构提出申请，由该金融机构新发放贷款置换存量贷款，但在贷款市场报价利率（）上的加点幅度，不得低于原贷款发放时所在城市首套房贷款利率政策下限。月日下午，人民银行四川省分行官网发布消息，公布了近几年四川省内各城市首套房贷款利率下限执行情况。红星视频的微博视频;0.0006385696040868;-0.2174668034745472;0.7018360081386563;-0.003522935558267811,,,,,
四川公示首套房贷利率执行下限月日，人民银行四川省分行官网发布消息，公布了近几年四川省内各城市首套房贷款利率下限执行情况。记者注意到，根据公布的情况，成都今年月日至今执行利率下限为，年月日至今年月日利率下限为。月日晚，中国人民银行、国家金融监督管理总局联合发布《关于降低存量首套住房贷款利率有关事项的通知》。文件明确，从年月日起，存量首套住房商业性个人住房贷款的借款人可向承贷金融机构提出申请，由该金融机构新发放贷款置换存量贷款，但在贷款市场报价利率（）上的加点幅度，不得低于原贷款发放时所在城市首套房贷款利率政策下限。;0.0006385696040868;-0.21769273259802;0.7017399320252903;-0.0035261128177481475,,,,,
四川首套房贷利率执行下限发布月日晚，中国人民银行、国家金融监督管理总局联合发布《关于降低存量首套住房贷款利率有关事项的通知》。文件明确，从年月日起，存量首套住房商业性个人住房贷款的借款人可向承贷金融机构提出申请，由该金融机构新发放贷款置换存量贷款，但在贷款市场报价利率（）上的加点幅度，不得低于原贷款发放时所在城市首套房贷款利率政策下限。月日下午，人民银行四川省分行官网发布消息，公布了近几年四川省内各城市首套房贷款利率下限执行情况。（来源：红星新闻）;0.0150063856960408;0.1271774228740442;0.4519944904130893;0.03118078936753299,,,,,
有房贷的人开始焦虑排不上队利率真要降了买房人恨不得今天就是月日月日晚间点左右，中国人民银行、国家金融监督管理总局联合发布《关于降低存量首套住房贷款利率有关事项的通知》。据有关负责人介绍，符合条件的存量首套住房贷款是指，年月日前金融机构已发放，已签订合同但未发放的，以及借款人实际住房情况符合所在城市首套住房标准的存量住房商业性个人住房贷款。对于“高位站岗”买房者来说，这是不亚于过年的好消息。月日晚间，广州市民唐轩（化名）告诉时代财经，看到政策发布的那一刻，除了兴奋，还有一丝担忧，“恨不得明天就是月日，我现在就担心到时候要排队。”存量房贷;0.0003192848020434;0.0;0.7019320842520224;0.0,,,,,
月楼市发布的三个重大文件将有力提振市场信心楼市房地产月日住建部、人民银行、金融监管总局联合发布《关于优化个人住房贷款中住房套数认定标准的通知》，之后重点城市也陆续发布认房不认贷的通知。月日人民银行、金融监管总局联合发布《关于调整优化差别化住房信贷政策的通知》和《关于降低存量首套住房贷款利率有关事项的通知》两个文件，不再区分限购和不限购城市，将首套和二套住房贷款的最低首付比例下限统一为不低于和；二套住房利率政策下限调整为，首套住房利率政策下限仍为。;0.0001064282673478;0.9754861249694886;0.7017399320252903;0.002633432060975831,,,,,
有房贷的人开始焦虑排不上队利率真要降了买房人恨不得今天就是月日月日晚间点左右，中国人民银行、国家金融监督管理总局联合发布《关于降低存量首套住房贷款利率有关事项的通知》。据有关负责人介绍，符合条件的存量首套住房贷款是指，年月日前金融机构已发放，已签订合同但未发放的，以及借款人实际住房情况符合所在城市首套住房标准的存量住房商业性个人住房贷款。对于“高位站岗”买房者来说，这是不亚于过年的好消息。月日晚间，广州市民唐轩（化名）告诉时代财经，看到政策发布的那一刻，除了兴奋，还有一丝担忧，“恨不得明天就是月日，我现在就担心到时候要排队。”时代财经的微博视频;0.0001064282673478;-0.1603810618305819;0.5994310653830227;-0.00036984279502174375,,,,,
注意通知里的这句话“不得低于原贷款发放时所在城市首套住房商业性个人住房贷款利率政策下限”假如原来的政策最低是，加了，就是，那按照通知里的要求，银行给你降个，变成了，也按照央行的要求给降了，也满足不低于当时最低利率政策。降个寂寞啊降，哥不差那几块钱。房贷展开;0.0001064282673478;-0.4873070692371004;0.7017399320252903;-0.0013155390187731147,,,,,
存量首套房贷利率下调月日起可申请万存量房贷每年可省多元利息月日，中国人民银行、金融监管总局联合发布《关于降低存量首套住房贷款利率有关事项的通知》（下称“通知”）和《关于调整优化差别化住房信贷政策的通知》。通知明确，自月日起，符合相关条件的存量房贷借款人展开;0.000532141336739;0.8912349145628771;0.7020281603653884;0.012034874370905653,,,,,
利息少了万购房者激动得一夜没睡降存量房贷利率央行、金融监管总局重磅发布有购房者激动得一夜没睡“总利息少了万，每月少还多元”你的月供究竟能降多少？月日晚间，中国人民银行和国家金融监督管理总局发布《关于降低存量首套住房贷款利率有关事项的通知》，自年月日起实施。借款人可选择新发放贷款置换存量房贷，或者协商变更合同约定利率水平两种方式，调整存量首套住房商业性个人住房贷款，预计这两种方式调整后的利率水平不会有明显区别。经测算，以万元、年期、原利率的存量房贷为例，假设房贷利率降至，可每年节约超元利息支出。新杭州人小陈在年月买了一套萧山市北的二手房，首套利率（。此后多次下调，但由于加点实在太高，目前还是在的利率高位。小陈说，昨晚得知这个消息，激动得一夜没睡好，按照此次存量首套房贷的调整办法，如果按照下限计算，原利率将降至（当时杭州首套房贷利率政策下限为不加点）。对于购房者，的利率降幅是一笔厚厚的息差。以万商业贷款，年本额等息还款为例，调整后，小陈的月供将从元降至元，每个月少了元，总利息少了万元。（视频）视频的微博视频;1.0;-0.0334730643620968;0.8264882575463426;-1.0,,,,,
房贷政策最新调整便民资讯日前，中国人民银行、国家金融监督管理总局联合发布《关于调整优化差别化住房信贷政策的通知》和《关于降低存量首套住房贷款利率有关事项的通知》。有关负责人就调整优化住房信贷政策有关问题答记者问。一起来看（来源：中国人民银行网站、新华社）房贷政策最新调整;0.0001064282673478;-0.0627980035757627;0.7020281603653884;-0.00016959974781703157,,,,,
两部门调整优化住房信贷政策月日，中国人民银行、金融监管总局联合发布《关于调整优化差别化住房信贷政策的通知》和《关于降低存量首套住房贷款利率有关事项的通知》，对于贷款购买商品住房的居民家庭，首套住房商业性个人住房贷款最低首付款比例统一为不低于，二套住房商业性个人住房贷款最低首付款比例统一为不低于。同时，自月日起，存量首套住房商业性个人住房贷款的借款人可向承贷金融机构提出申请，由该金融机构新发放贷款置换存量首套住房商业性个人住房贷款。根据《关于调整优化差别化住房信贷政策的通知》，首套住房商业性个人住房贷款利率政策下限按现行规定执行，二套住房商业性个人住房贷款利率政策下限调整为不低于相应期限贷款市场报价利率加个基点。中国人民银行、金融监管总局各派出机构按照因城施策原则，指导各省级市场利率定价自律机制，根据辖区内各城市房地产市场形势及当地政府调控要求，自主确定辖区内各城市首套和二套住房商业性个人住房贷款最低首付款比例和利率下限。《关于降低存量首套住房贷款利率有关事项的通知》明确，存量首套住房商业性个人住房贷款，是指年月日前金融机构已发放的和已签订合同但未发放的首套住房商业性个人住房贷款，或借款人实际住房情况符合所在城市首套住房标准的其他存量住房商业性个人住房贷款。新发放贷款的利率水平由金融机构与借款人自主协商确定，但在贷款市场报价利率（）上的加点幅度，不得低于原贷款发放时所在城市首套住房商业性个人住房贷款利率政策下限。新发放的贷款只能用于偿还存量首套住房商业性个人住房贷款，仍纳入商业性个人住房贷款管理。此外，月日起，存量首套住房商业性个人住房贷款的借款人亦可向承贷金融机构提出申请，协商变更合同约定的利率水平。中国人民银行、金融监管总局有关负责人介绍，近年来我国房地产市场供求关系发生了重大变化，借款人和银行对于有序调整优化资产负债均有诉求。存量住房贷款利率的下降，对借款人来说，可节约利息支出，有利于扩大消费和投资。对银行来说，可有效减少提前还贷现象，减轻对银行利息收入的影响。同时，还可压缩违规使用经营贷、消费贷置换存量住房贷款的空间，减少风险隐患。为更好适应上述新形势，中国人民银行、金融监管总局明确按照市场化、法治化原则，支持鼓励银行与借款人协商调整存量首套住房贷款利率。（来源：《人民日报》）;0.034269902085994;0.3774395202248418;0.5955718671838045;0.27845963517440236,,,,,
专家称现在不买房五年又白忙再不来接盘，未来年肯定是白忙活了啊毕竟，谁也不能保证，后面的房地产市场会走出什么样的行情。各种各样的刺激行为都用出来了，还会有什么后续的大招;0.1019417475728155;0.6884872607496536;0.5454274143738459;0.6512128414149161,,,,,
大师七情六欲我只剩食欲了专家称现在不买房五年又白忙;0.0048543689320388;-0.7598794135802727;0.8051015663556523;-0.05052032550893514,,,,,
专家称现在不买房五年又白忙凡是没有名字的专家，都是假语录;0.0097087378640776;0.4479244438448595;0.8051015663556523;0.059560209954445664,,,,,
现阶段这个时间点，买房确实合算吗？专家称现在不买房五年又白忙;0.4368932038834951;0.0912046790260795;0.5202927247409106;0.35267783941999953,,,,,
昨天央行宣布降息后，又有专家跳出来鼓吹，“现在不买房，五年又白忙”。大家对此怎么看？;1.0;0.0998882311193053;0.5885016265899522;1.0,,,,,
专家称现在不买房五年又白忙也没看到到底是哪个专家说的啊;0.0048543689320388;-0.5499228684316264;0.8051015663556523;-0.036561435698163176,,,,,
专家称现在不买房五年又白忙以后专家称能不能把专家的大名打在前面让我看看什么专家;0.0145631067961165;0.3723209318506948;1.0;0.09223791922724676,,,,,
专家称现在不买房五年又白忙现在不买房是因为我不想买吗;0.0533980582524271;-0.0999243208753184;0.6640584663462693;-0.060275524498664385,,,,,
专家称现在不买房五年又白忙对于刚需买深圳，到底要不要出手了？深圳;0.0097087378640776;-0.8065546510725761;0.8051015663556523;-0.10724702573779529,,,,,
专家称现在不买房五年又白忙谢谢专家隔三差五的提醒我们知道了;0.145631067961165;0.3027139648223633;0.5104280751357219;0.3827886521939285,,,,,
专家称现在不买房五年又白忙知道了，假期结束了专家又上班了;0.029126213592233;-0.3062554928744392;0.8051015663556523;-0.12216775645507091,,,,,
专家称现在不买房五年又白忙那专家自己肯定都买好了，肯定不止不白忙一个五年;0.0194174757281553;0.9444285164606496;0.8498166075084868;0.26510937560488096,,,,,
专家称现在不买房五年又白忙不买房，年白忙。买了房，年白忙;0.0485436893203883;0.2864140321037276;0.7426827780036874;0.17565820241845181,,,,,
长知识买房，你应知道的那些事买房，是一件大事。买房应注意什么？送你买房攻略，从选地段、户型，到签合同、交定金，以及交房验房，为你详细解答。（人民日报）专家称现在不买房五年又白忙;0.0825242718446602;0.5378067137567923;0.6647314456332237;0.5018710614145742,,,,,
专家称现在不买房五年又白忙家又来制造焦虑了;0.0048543689320388;-0.9219212103750968;0.8051015663556523;-0.06129361949982759,,,,,
专家称现在不买房五年又白忙救命，我看了半天那个专家叫我现在买房，好炸裂，我的眼睛，我的眼睛。;0.1213592233009708;-0.0403594741861895;0.8184014298968001;-0.06819031196321776,,,,,
专家称现在不买房五年又白忙砖家的砖又滞销了;0.0436893203883495;0.7911707066643898;0.8051015663556523;0.4734064488067275,,,,,
